doc_id,entity_text,label,value_numeric,unit,scope_tag,resolved_property,cost_role,thickness_mm,relative_price_eur_kg
2,reactor,APPLICATION,,,,,model_selector,,
2,BEV,APPLICATION,,,,,model_selector,,
2,electric vehicle,APPLICATION,,,,,model_selector,,
2,reactor,APPLICATION,,,,,model_selector,,
2,reactor,APPLICATION,,,,,model_selector,,
2,generator,APPLICATION,,,,,model_selector,,
2,generator,APPLICATION,,,,,model_selector,,
2,EV,APPLICATION,,,,,model_selector,,
2,reactor,APPLICATION,,,,,model_selector,,
2,electric vehicle,APPLICATION,,,,,model_selector,,
2,reactor,APPLICATION,,,,,model_selector,,
2,HEV,APPLICATION,,,,,model_selector,,
2,electric vehicle,APPLICATION,,,,,model_selector,,
2,reactor,APPLICATION,,,,,model_selector,,
2,IPM,APPLICATION,,,,,model_selector,,
2,permanent magnet motor,APPLICATION,,,,,model_selector,,
2,power transformer,APPLICATION,,,,,model_selector,,
2,reactor,APPLICATION,,,,,model_selector,,
2,reactor,APPLICATION,,,,,model_selector,,
2,reactor,APPLICATION,,,,,model_selector,,
2,PHEV,APPLICATION,,,,,model_selector,,
2,hybrid electric vehicle,APPLICATION,,,,,model_selector,,
2,reactor,APPLICATION,,,,,model_selector,,
2,generator,APPLICATION,,,,,model_selector,,
2,PMSM,APPLICATION,,,,,model_selector,,
2,reactor,APPLICATION,,,,,model_selector,,
2,reactor,APPLICATION,,,,,model_selector,,
2,SRM,APPLICATION,,,,,model_selector,,
2,electric vehicle,APPLICATION,,,,,model_selector,,
2,EV,APPLICATION,,,,,model_selector,,
2,EV,APPLICATION,,,,,model_selector,,
2,EV,APPLICATION,,,,,model_selector,,
2,EV,APPLICATION,,,,,model_selector,,
2,EV,APPLICATION,,,,,model_selector,,
2,EV,APPLICATION,,,,,model_selector,,
2,EV,APPLICATION,,,,,model_selector,,
2,EV,APPLICATION,,,,,model_selector,,
2,B8,FLUX_DENSITY,,notation,UNSPECIFIED,,loss_parameter,,
2,EV,APPLICATION,,,,,model_selector,,
2,EV,APPLICATION,,,,,model_selector,,
2,EV,APPLICATION,,,,,model_selector,,
2,electric vehicle,APPLICATION,,,,,model_selector,,
2,EV,APPLICATION,,,,,model_selector,,
2,EV,APPLICATION,,,,,model_selector,,
2,EV,APPLICATION,,,,,model_selector,,
2,EV,APPLICATION,,,,,model_selector,,
2,EV,APPLICATION,,,,,model_selector,,
2,EV,APPLICATION,,,,,model_selector,,
2,EV,APPLICATION,,,,,model_selector,,
2,electric power steering,APPLICATION,,,,,model_selector,,
2,xEV,APPLICATION,,,,,model_selector,,
2,xEV,APPLICATION,,,,,model_selector,,
2,EV,APPLICATION,,,,,model_selector,,
2,power transformer,APPLICATION,,,,,model_selector,,
2,EV,APPLICATION,,,,,model_selector,,
2,EV,APPLICATION,,,,,model_selector,,
2,EV,APPLICATION,,,,,model_selector,,
2,EV,APPLICATION,,,,,model_selector,,
2,EV,APPLICATION,,,,,model_selector,,
2,HEV,APPLICATION,,,,,model_selector,,
2,PHEV,APPLICATION,,,,,model_selector,,
2,traction motor,APPLICATION,,,,,model_selector,,
2,electric vehicle,APPLICATION,,,,,model_selector,,
2,traction motor,APPLICATION,,,,,model_selector,,
2,EV,APPLICATION,,,,,model_selector,,
2,EV,APPLICATION,,,,,model_selector,,
2,BEV,APPLICATION,,,,,model_selector,,
2,BEV,APPLICATION,,,,,model_selector,,
2,electric power steering,APPLICATION,,,,,model_selector,,
2,rotor,APPLICATION,,,,,model_selector,,
2,EV,APPLICATION,,,,,model_selector,,
2,traction motor,APPLICATION,,,,,model_selector,,
2,EV,APPLICATION,,,,,model_selector,,
2,IPM,APPLICATION,,,,,model_selector,,
2,induction motor,APPLICATION,,,,,model_selector,,
2,stator,APPLICATION,,,,,model_selector,,
2,rotor,APPLICATION,,,,,model_selector,,
2,PMSM,APPLICATION,,,,,model_selector,,
2,rotor,APPLICATION,,,,,model_selector,,
2,stator,APPLICATION,,,,,model_selector,,
2,SRM,APPLICATION,,,,,model_selector,,
2,stator,APPLICATION,,,,,model_selector,,
2,rotor,APPLICATION,,,,,model_selector,,
2,IPM,APPLICATION,,,,,model_selector,,
2,rotor,APPLICATION,,,,,model_selector,,
2,drive motor,APPLICATION,,,,,model_selector,,
2,EV traction motor,APPLICATION,,,,,model_selector,,
2,EV,APPLICATION,,,,,model_selector,,
2,traction motor,APPLICATION,,,,,model_selector,,
2,EV,APPLICATION,,,,,model_selector,,
2,EV,APPLICATION,,,,,model_selector,,
2,EV,APPLICATION,,,,,model_selector,,
2,EV,APPLICATION,,,,,model_selector,,
2,EV,APPLICATION,,,,,model_selector,,
2,EV,APPLICATION,,,,,model_selector,,
2,EV,APPLICATION,,,,,model_selector,,
2,EV,APPLICATION,,,,,model_selector,,
2,EV,APPLICATION,,,,,model_selector,,
2,EV,APPLICATION,,,,,model_selector,,
2,EV,APPLICATION,,,,,model_selector,,
2,generator,APPLICATION,,,,,model_selector,,
2,generator,APPLICATION,,,,,model_selector,,
2,generator,APPLICATION,,,,,model_selector,,
2,generator,APPLICATION,,,,,model_selector,,
2,generator,APPLICATION,,,,,model_selector,,
2,generator,APPLICATION,,,,,model_selector,,
2,generator,APPLICATION,,,,,model_selector,,
2,generator,APPLICATION,,,,,model_selector,,
2,generator,APPLICATION,,,,,model_selector,,
2,generator,APPLICATION,,,,,model_selector,,
2,wind turbine generator,APPLICATION,,,,,model_selector,,
2,EV,APPLICATION,,,,,model_selector,,
2,reactor,APPLICATION,,,,,model_selector,,
2,reactor,APPLICATION,,,,,model_selector,,
2,reactor,APPLICATION,,,,,model_selector,,
2,reactor,APPLICATION,,,,,model_selector,,
2,reactor,APPLICATION,,,,,model_selector,,
2,reactor,APPLICATION,,,,,model_selector,,
2,reactor,APPLICATION,,,,,model_selector,,
2,reactor,APPLICATION,,,,,model_selector,,
2,reactor,APPLICATION,,,,,model_selector,,
2,reactor,APPLICATION,,,,,model_selector,,
2,generator,APPLICATION,,,,,model_selector,,
2,reactor,APPLICATION,,,,,model_selector,,
2,reactor,APPLICATION,,,,,model_selector,,
2,reactor,APPLICATION,,,,,model_selector,,
2,reactor,APPLICATION,,,,,model_selector,,
2,reactor,APPLICATION,,,,,model_selector,,
2,reactor,APPLICATION,,,,,model_selector,,
2,reactor,APPLICATION,,,,,model_selector,,
2,reactor,APPLICATION,,,,,model_selector,,
2,distribution transformer,APPLICATION,,,,,model_selector,,
2,power transformer,APPLICATION,,,,,model_selector,,
2,distribution transformer,APPLICATION,,,,,model_selector,,
2,distribution transformer,APPLICATION,,,,,model_selector,,
2,EV,APPLICATION,,,,,model_selector,,
2,BEV,APPLICATION,,,,,model_selector,,
2,PHEV,APPLICATION,,,,,model_selector,,
2,EV,APPLICATION,,,,,model_selector,,
2,BEV,APPLICATION,,,,,model_selector,,
2,PHEV,APPLICATION,,,,,model_selector,,
2,electric vehicle,APPLICATION,,,,,model_selector,,
2,BEV,APPLICATION,,,,,model_selector,,
2,PHEV,APPLICATION,,,,,model_selector,,
2,EV,APPLICATION,,,,,model_selector,,
2,BEV,APPLICATION,,,,,model_selector,,
2,rotor,APPLICATION,,,,,model_selector,,
2,EV,APPLICATION,,,,,model_selector,,
2,EV,APPLICATION,,,,,model_selector,,
2,EV,APPLICATION,,,,,model_selector,,
2,EV,APPLICATION,,,,,model_selector,,
2,BEV,APPLICATION,,,,,model_selector,,
2,HEV,APPLICATION,,,,,model_selector,,
2,PHEV,APPLICATION,,,,,model_selector,,
2,EV,APPLICATION,,,,,model_selector,,
2,EV,APPLICATION,,,,,model_selector,,
2,EV,APPLICATION,,,,,model_selector,,
2,EV,APPLICATION,,,,,model_selector,,
2,BEV,APPLICATION,,,,,model_selector,,
2,HEV,APPLICATION,,,,,model_selector,,
2,reactor,APPLICATION,,,,,model_selector,,
2,EV,APPLICATION,,,,,model_selector,,
2,EV,APPLICATION,,,,,model_selector,,
2,EV,APPLICATION,,,,,model_selector,,
2,EV,APPLICATION,,,,,model_selector,,
2,electric vehicle,APPLICATION,,,,,model_selector,,
2,EV,APPLICATION,,,,,model_selector,,
2,electric vehicle,APPLICATION,,,,,model_selector,,
2,electric vehicle,APPLICATION,,,,,model_selector,,
2,electric vehicle,APPLICATION,,,,,model_selector,,
2,electric vehicle,APPLICATION,,,,,model_selector,,
2,reactor,APPLICATION,,,,,model_selector,,
2,electric vehicle,APPLICATION,,,,,model_selector,,
2,EV,APPLICATION,,,,,model_selector,,
2,EV,APPLICATION,,,,,model_selector,,
2,EV,APPLICATION,,,,,model_selector,,
2,electric vehicle,APPLICATION,,,,,model_selector,,
2,electric vehicle,APPLICATION,,,,,model_selector,,
2,EV,APPLICATION,,,,,model_selector,,
2,electric vehicle,APPLICATION,,,,,model_selector,,
2,electric vehicle,APPLICATION,,,,,model_selector,,
2,EV,APPLICATION,,,,,model_selector,,
2,electric vehicle,APPLICATION,,,,,model_selector,,
2,EV,APPLICATION,,,,,model_selector,,
2,PMSM,APPLICATION,,,,,model_selector,,
2,bridge,APPLICATION,,,,,model_selector,,
2,EV,APPLICATION,,,,,model_selector,,
2,EV,APPLICATION,,,,,model_selector,,
2,EV,APPLICATION,,,,,model_selector,,
2,EV,APPLICATION,,,,,model_selector,,
2,EV,APPLICATION,,,,,model_selector,,
2,EV,APPLICATION,,,,,model_selector,,
2,EV,APPLICATION,,,,,model_selector,,
2,hybrid electric vehicle,APPLICATION,,,,,model_selector,,
2,electric vehicle,APPLICATION,,,,,model_selector,,
2,traction motor,APPLICATION,,,,,model_selector,,
2,reactor,APPLICATION,,,,,model_selector,,
2,additive manufacturing,PROCESSING,,,,,manufacturing_cost_input,,
2,electric vehicle,APPLICATION,,,,,model_selector,,
2,EV,APPLICATION,,,,,model_selector,,
2,EV,APPLICATION,,,,,model_selector,,
2,weldability,PROCESSING,,,,,manufacturing_cost_input,,
2,weldability,PROCESSING,,,,,manufacturing_cost_input,,
2,EV,APPLICATION,,,,,model_selector,,
2,EV,APPLICATION,,,,,model_selector,,
2,EV,APPLICATION,,,,,model_selector,,
2,EV,APPLICATION,,,,,model_selector,,
2,EV,APPLICATION,,,,,model_selector,,
2,EV,APPLICATION,,,,,model_selector,,
2,EV,APPLICATION,,,,,model_selector,,
2,electric vehicle,APPLICATION,,,,,model_selector,,
2,PMSM,APPLICATION,,,,,model_selector,,
2,xEV,APPLICATION,,,,,model_selector,,
2,electric power steering,APPLICATION,,,,,model_selector,,
2,EV,APPLICATION,,,,,model_selector,,
2,xEV,APPLICATION,,,,,model_selector,,
2,EV,APPLICATION,,,,,model_selector,,
2,xEV,APPLICATION,,,,,model_selector,,
2,xEV,APPLICATION,,,,,model_selector,,
2,xEV,APPLICATION,,,,,model_selector,,
2,EV,APPLICATION,,,,,model_selector,,
2,stamping,PROCESSING,,,,,manufacturing_cost_input,,
2,stamping,PROCESSING,,,,,manufacturing_cost_input,,
2,EV,APPLICATION,,,,,model_selector,,
2,generator,APPLICATION,,,,,model_selector,,
2,electric vehicle,APPLICATION,,,,,model_selector,,
2,EV,APPLICATION,,,,,model_selector,,
2,EV,APPLICATION,,,,,model_selector,,
2,EV,APPLICATION,,,,,model_selector,,
2,EV,APPLICATION,,,,,model_selector,,
2,EV,APPLICATION,,,,,model_selector,,
2,EV,APPLICATION,,,,,model_selector,,
2,weldability,PROCESSING,,,,,manufacturing_cost_input,,
2,electric vehicle,APPLICATION,,,,,model_selector,,
2,EV,APPLICATION,,,,,model_selector,,
2,EV,APPLICATION,,,,,model_selector,,
2,electric vehicle,APPLICATION,,,,,model_selector,,
2,PMSM,APPLICATION,,,,,model_selector,,
2,EV,APPLICATION,,,,,model_selector,,
2,EV,APPLICATION,,,,,model_selector,,
2,EV,APPLICATION,,,,,model_selector,,
2,EV,APPLICATION,,,,,model_selector,,
2,EV,APPLICATION,,,,,model_selector,,
2,electric vehicle,APPLICATION,,,,,model_selector,,
2,PMSM,APPLICATION,,,,,model_selector,,
2,EV,APPLICATION,,,,,model_selector,,
2,EV,APPLICATION,,,,,model_selector,,
2,EV,APPLICATION,,,,,model_selector,,
2,EV,APPLICATION,,,,,model_selector,,
2,EV,APPLICATION,,,,,model_selector,,
2,EV,APPLICATION,,,,,model_selector,,
2,electric vehicle,APPLICATION,,,,,model_selector,,
2,PMSM,APPLICATION,,,,,model_selector,,
2,reactor,APPLICATION,,,,,model_selector,,
2,EV,APPLICATION,,,,,model_selector,,
2,BEV,APPLICATION,,,,,model_selector,,
2,PHEV,APPLICATION,,,,,model_selector,,
2,BEV,APPLICATION,,,,,model_selector,,
2,PHEV,APPLICATION,,,,,model_selector,,
2,EV,APPLICATION,,,,,model_selector,,
2,BEV,APPLICATION,,,,,model_selector,,
2,PHEV,APPLICATION,,,,,model_selector,,
2,BEV,APPLICATION,,,,,model_selector,,
2,PHEV,APPLICATION,,,,,model_selector,,
2,EV,APPLICATION,,,,,model_selector,,
2,EV,APPLICATION,,,,,model_selector,,
2,HEV,APPLICATION,,,,,model_selector,,
2,PHEV,APPLICATION,,,,,model_selector,,
2,BEV,APPLICATION,,,,,model_selector,,
2,EV,APPLICATION,,,,,model_selector,,
2,BEV,APPLICATION,,,,,model_selector,,
2,PHEV,APPLICATION,,,,,model_selector,,
2,BEV,APPLICATION,,,,,model_selector,,
2,PHEV,APPLICATION,,,,,model_selector,,
2,BEV,APPLICATION,,,,,model_selector,,
2,PHEV,APPLICATION,,,,,model_selector,,
2,BEV,APPLICATION,,,,,model_selector,,
2,PHEV,APPLICATION,,,,,model_selector,,
2,power transformer,APPLICATION,,,,,model_selector,,
2,EV,APPLICATION,,,,,model_selector,,
2,BEV,APPLICATION,,,,,model_selector,,
2,PHEV,APPLICATION,,,,,model_selector,,
2,BEV,APPLICATION,,,,,model_selector,,
2,PHEV,APPLICATION,,,,,model_selector,,
2,EV,APPLICATION,,,,,model_selector,,
2,BEV,APPLICATION,,,,,model_selector,,
2,PHEV,APPLICATION,,,,,model_selector,,
2,BEV,APPLICATION,,,,,model_selector,,
2,PHEV,APPLICATION,,,,,model_selector,,
2,BEV,APPLICATION,,,,,model_selector,,
2,PHEV,APPLICATION,,,,,model_selector,,
2,BEV,APPLICATION,,,,,model_selector,,
2,PHEV,APPLICATION,,,,,model_selector,,
2,EV,APPLICATION,,,,,model_selector,,
2,BEV,APPLICATION,,,,,model_selector,,
2,PHEV,APPLICATION,,,,,model_selector,,
2,BEV,APPLICATION,,,,,model_selector,,
2,PHEV,APPLICATION,,,,,model_selector,,
2,EV,APPLICATION,,,,,model_selector,,
2,BEV,APPLICATION,,,,,model_selector,,
2,PHEV,APPLICATION,,,,,model_selector,,
2,BEV,APPLICATION,,,,,model_selector,,
2,PHEV,APPLICATION,,,,,model_selector,,
2,EV,APPLICATION,,,,,model_selector,,
2,BEV,APPLICATION,,,,,model_selector,,
2,PHEV,APPLICATION,,,,,model_selector,,
2,BEV,APPLICATION,,,,,model_selector,,
2,PHEV,APPLICATION,,,,,model_selector,,
2,EV,APPLICATION,,,,,model_selector,,
2,BEV,APPLICATION,,,,,model_selector,,
2,PHEV,APPLICATION,,,,,model_selector,,
2,BEV,APPLICATION,,,,,model_selector,,
2,PHEV,APPLICATION,,,,,model_selector,,
2,BEV,APPLICATION,,,,,model_selector,,
2,PHEV,APPLICATION,,,,,model_selector,,
2,BEV,APPLICATION,,,,,model_selector,,
2,PHEV,APPLICATION,,,,,model_selector,,
2,EV,APPLICATION,,,,,model_selector,,
2,BEV,APPLICATION,,,,,model_selector,,
2,PHEV,APPLICATION,,,,,model_selector,,
2,BEV,APPLICATION,,,,,model_selector,,
2,PHEV,APPLICATION,,,,,model_selector,,
2,EV,APPLICATION,,,,,model_selector,,
2,BEV,APPLICATION,,,,,model_selector,,
2,PHEV,APPLICATION,,,,,model_selector,,
2,BEV,APPLICATION,,,,,model_selector,,
2,PHEV,APPLICATION,,,,,model_selector,,
2,EV,APPLICATION,,,,,model_selector,,
2,BEV,APPLICATION,,,,,model_selector,,
2,PHEV,APPLICATION,,,,,model_selector,,
2,BEV,APPLICATION,,,,,model_selector,,
2,PHEV,APPLICATION,,,,,model_selector,,
2,BEV,APPLICATION,,,,,model_selector,,
2,PHEV,APPLICATION,,,,,model_selector,,
2,BEV,APPLICATION,,,,,model_selector,,
2,PHEV,APPLICATION,,,,,model_selector,,
2,EV,APPLICATION,,,,,model_selector,,
2,BEV,APPLICATION,,,,,model_selector,,
2,PHEV,APPLICATION,,,,,model_selector,,
2,BEV,APPLICATION,,,,,model_selector,,
2,PHEV,APPLICATION,,,,,model_selector,,
2,BEV,APPLICATION,,,,,model_selector,,
2,PHEV,APPLICATION,,,,,model_selector,,
2,BEV,APPLICATION,,,,,model_selector,,
2,PHEV,APPLICATION,,,,,model_selector,,
2,BEV,APPLICATION,,,,,model_selector,,
2,battery electric vehicle,APPLICATION,,,,,model_selector,,
2,electric vehicle,APPLICATION,,,,,model_selector,,
2,PHEV,APPLICATION,,,,,model_selector,,
2,plug-in hybrid electric vehicle,APPLICATION,,,,,model_selector,,
2,EV,APPLICATION,,,,,model_selector,,
2,EV,APPLICATION,,,,,model_selector,,
2,electric vehicle,APPLICATION,,,,,model_selector,,
2,PHEV,APPLICATION,,,,,model_selector,,
2,BEV,APPLICATION,,,,,model_selector,,
2,HEV,APPLICATION,,,,,model_selector,,
2,PHEV,APPLICATION,,,,,model_selector,,
2,PHEV,APPLICATION,,,,,model_selector,,
2,BEV,APPLICATION,,,,,model_selector,,
2,BEV,APPLICATION,,,,,model_selector,,
2,2.00% Silicon,SI_CONTENT,2.0,%,UNSPECIFIED,,material_property,,
2,0.35% Silicon,SI_CONTENT,0.35,%,UNSPECIFIED,,material_property,,
2,0.31% Silicon,SI_CONTENT,0.31,%,UNSPECIFIED,,material_property,,
2,1.65% Silicon,SI_CONTENT,1.65,%,UNSPECIFIED,,material_property,,
2,0.50% Silicon,SI_CONTENT,0.5,%,UNSPECIFIED,,material_property,,
2,EV,APPLICATION,,,,,model_selector,,
2,PHEV,APPLICATION,,,,,model_selector,,
2,BEV,APPLICATION,,,,,model_selector,,
2,PHEV,APPLICATION,,,,,model_selector,,
2,BEV,APPLICATION,,,,,model_selector,,
2,PHEV,APPLICATION,,,,,model_selector,,
2,EV,APPLICATION,,,,,model_selector,,
2,electric vehicle,APPLICATION,,,,,model_selector,,
2,BEV,APPLICATION,,,,,model_selector,,
2,PHEV,APPLICATION,,,,,model_selector,,
2,generator,APPLICATION,,,,,model_selector,,
2,reactor,APPLICATION,,,,,model_selector,,
2,reactor,APPLICATION,,,,,model_selector,,
2,reactor,APPLICATION,,,,,model_selector,,
2,reactor,APPLICATION,,,,,model_selector,,
2,reactor,APPLICATION,,,,,model_selector,,
2,reactor,APPLICATION,,,,,model_selector,,
2,reactor,APPLICATION,,,,,model_selector,,
2,reactor,APPLICATION,,,,,model_selector,,
2,reactor,APPLICATION,,,,,model_selector,,
2,reactor,APPLICATION,,,,,model_selector,,
2,reactor,APPLICATION,,,,,model_selector,,
2,reactor,APPLICATION,,,,,model_selector,,
2,reactor,APPLICATION,,,,,model_selector,,
2,B8,FLUX_DENSITY,,notation,UNSPECIFIED,,loss_parameter,,
2,EV,APPLICATION,,,,,model_selector,,
2,EV,APPLICATION,,,,,model_selector,,
2,generator,APPLICATION,,,,,model_selector,,
2,EV,APPLICATION,,,,,model_selector,,
2,EV,APPLICATION,,,,,model_selector,,
2,hybrid electric vehicle,APPLICATION,,,,,model_selector,,
2,EV,APPLICATION,,,,,model_selector,,
2,hybrid electric vehicle,APPLICATION,,,,,model_selector,,
6,distribution transformer,APPLICATION,,,,,model_selector,,
6,distribution transformer,APPLICATION,,,,,model_selector,,
6,oil-immersed transformer,APPLICATION,,,,,model_selector,,
6,distribution transformer,APPLICATION,,,,,model_selector,,
6,DER transformer,APPLICATION,,,,,model_selector,,
6,DER transformer,APPLICATION,,,,,model_selector,,
6,1.3 T,FLUX_DENSITY,1.3,T,COMPETITOR,,loss_parameter,,
6,DER transformer,APPLICATION,,,,,model_selector,,
6,DER transformer,APPLICATION,,,,,model_selector,,
6,DER transformer,APPLICATION,,,,,model_selector,,
6,DER transformer,APPLICATION,,,,,model_selector,,
6,DER transformer,APPLICATION,,,,,model_selector,,
6,DER transformer,APPLICATION,,,,,model_selector,,
6,DER transformer,APPLICATION,,,,,model_selector,,
6,DER transformer,APPLICATION,,,,,model_selector,,
6,0.1 T,FLUX_DENSITY,0.1,T,UNSPECIFIED,,loss_parameter,,
6,distribution transformer,APPLICATION,,,,,model_selector,,
6,DER transformer,APPLICATION,,,,,model_selector,,
6,DER transformer,APPLICATION,,,,,model_selector,,
6,DER transformer,APPLICATION,,,,,model_selector,,
6,DER transformer,APPLICATION,,,,,model_selector,,
8,cold rolling,PROCESSING,,,,,manufacturing_cost_input,,
8,texture,PROCESSING,,,,,manufacturing_cost_input,,
8,texture,PROCESSING,,,,,manufacturing_cost_input,,
8,texture,PROCESSING,,,,,manufacturing_cost_input,,
8,Goss texture,PROCESSING,,,,,manufacturing_cost_input,,
8,final annealing,PROCESSING,,,,,manufacturing_cost_input,,
8,DINAMO,GRADE_BRAND,,,,,material_cost_input,,
8,ELMAG,GRADE_BRAND,,,,,material_cost_input,,
8,PERMAG FP,GRADE_BRAND,,,,,material_cost_input,,
8,PERMAG SP,GRADE_BRAND,,,,,material_cost_input,,
8,hot rolling,PROCESSING,,,,,manufacturing_cost_input,,
8,final annealing,PROCESSING,,,,,manufacturing_cost_input,,
8,anisotropy,PROCESSING,,,,,manufacturing_cost_input,,
8,laser cutting,PROCESSING,,,,,manufacturing_cost_input,,
8,laser cutting,PROCESSING,,,,,manufacturing_cost_input,,
8,laser cutting,PROCESSING,,,,,manufacturing_cost_input,,
8,grain growth,PROCESSING,,,,,manufacturing_cost_input,,
8,anisotropy,PROCESSING,,,,,manufacturing_cost_input,,
8,stator,APPLICATION,,,,,model_selector,,
8,rotor,APPLICATION,,,,,model_selector,,
8,hybrid electric vehicle,APPLICATION,,,,,model_selector,,
8,HEV,APPLICATION,,,,,model_selector,,
8,EV,APPLICATION,,,,,model_selector,,
8,HEV,APPLICATION,,,,,model_selector,,
8,EV,APPLICATION,,,,,model_selector,,
8,2.5 % Si,SI_CONTENT,2.5,%,UNSPECIFIED,,material_property,,
8,2.5 % Si,SI_CONTENT,2.5,%,UNSPECIFIED,,material_property,,
8,anisotropy,PROCESSING,,,,,manufacturing_cost_input,,
8,texture,PROCESSING,,,,,manufacturing_cost_input,,
8,hot rolling,PROCESSING,,,,,manufacturing_cost_input,,
8,cold rolling,PROCESSING,,,,,manufacturing_cost_input,,
8,final annealing,PROCESSING,,,,,manufacturing_cost_input,,
8,temper rolling,PROCESSING,,,,,manufacturing_cost_input,,
8,final annealing,PROCESSING,,,,,manufacturing_cost_input,,
8,final annealing,PROCESSING,,,,,manufacturing_cost_input,,
8,decarburization,PROCESSING,,,,,manufacturing_cost_input,,
8,grain growth,PROCESSING,,,,,manufacturing_cost_input,,
8,hot rolling,PROCESSING,,,,,manufacturing_cost_input,,
8,cold rolling,PROCESSING,,,,,manufacturing_cost_input,,
8,decarburization,PROCESSING,,,,,manufacturing_cost_input,,
8,texture,PROCESSING,,,,,manufacturing_cost_input,,
8,anisotropy,PROCESSING,,,,,manufacturing_cost_input,,
8,texture,PROCESSING,,,,,manufacturing_cost_input,,
8,decarburization,PROCESSING,,,,,manufacturing_cost_input,,
8,decarburization,PROCESSING,,,,,manufacturing_cost_input,,
8,decarburization,PROCESSING,,,,,manufacturing_cost_input,,
8,decarburisation,PROCESSING,,,,,manufacturing_cost_input,,
8,decarburization,PROCESSING,,,,,manufacturing_cost_input,,
8,decarburization,PROCESSING,,,,,manufacturing_cost_input,,
8,texture,PROCESSING,,,,,manufacturing_cost_input,,
8,decarburization,PROCESSING,,,,,manufacturing_cost_input,,
8,recrystallization,PROCESSING,,,,,manufacturing_cost_input,,
8,texture,PROCESSING,,,,,manufacturing_cost_input,,
8,recrystallization,PROCESSING,,,,,manufacturing_cost_input,,
8,texture,PROCESSING,,,,,manufacturing_cost_input,,
8,texture,PROCESSING,,,,,manufacturing_cost_input,,
8,texture,PROCESSING,,,,,manufacturing_cost_input,,
8,texture,PROCESSING,,,,,manufacturing_cost_input,,
8,texture evolution,PROCESSING,,,,,manufacturing_cost_input,,
8,texture,PROCESSING,,,,,manufacturing_cost_input,,
8,texture,PROCESSING,,,,,manufacturing_cost_input,,
8,cube texture,PROCESSING,,,,,manufacturing_cost_input,,
8,texture,PROCESSING,,,,,manufacturing_cost_input,,
8,recrystallization,PROCESSING,,,,,manufacturing_cost_input,,
8,texture,PROCESSING,,,,,manufacturing_cost_input,,
8,texture,PROCESSING,,,,,manufacturing_cost_input,,
8,recrystallization,PROCESSING,,,,,manufacturing_cost_input,,
8,texture,PROCESSING,,,,,manufacturing_cost_input,,
8,recrystallization,PROCESSING,,,,,manufacturing_cost_input,,
8,texture,PROCESSING,,,,,manufacturing_cost_input,,
8,recrystallization,PROCESSING,,,,,manufacturing_cost_input,,
8,texture,PROCESSING,,,,,manufacturing_cost_input,,
8,2 % Si,SI_CONTENT,2.0,%,NGO,,material_property,,
8,recrystallization,PROCESSING,,,,,manufacturing_cost_input,,
8,texture,PROCESSING,,,,,manufacturing_cost_input,,
8,temper rolling,PROCESSING,,,,,manufacturing_cost_input,,
8,texture,PROCESSING,,,,,manufacturing_cost_input,,
8,texture,PROCESSING,,,,,manufacturing_cost_input,,
8,recrystallization,PROCESSING,,,,,manufacturing_cost_input,,
8,texture,PROCESSING,,,,,manufacturing_cost_input,,
8,texture,PROCESSING,,,,,manufacturing_cost_input,,
8,recrystallization,PROCESSING,,,,,manufacturing_cost_input,,
8,texture,PROCESSING,,,,,manufacturing_cost_input,,
8,texture,PROCESSING,,,,,manufacturing_cost_input,,
8,recrystallization,PROCESSING,,,,,manufacturing_cost_input,,
8,grain growth,PROCESSING,,,,,manufacturing_cost_input,,
8,texture,PROCESSING,,,,,manufacturing_cost_input,,
8,Goss texture,PROCESSING,,,,,manufacturing_cost_input,,
8,grain growth,PROCESSING,,,,,manufacturing_cost_input,,
8,Goss texture,PROCESSING,,,,,manufacturing_cost_input,,
8,grain growth,PROCESSING,,,,,manufacturing_cost_input,,
8,texture,PROCESSING,,,,,manufacturing_cost_input,,
8,grain growth,PROCESSING,,,,,manufacturing_cost_input,,
8,texture,PROCESSING,,,,,manufacturing_cost_input,,
8,3 % Si,SI_CONTENT,3.0,%,UNSPECIFIED,,material_property,,
8,hot rolling,PROCESSING,,,,,manufacturing_cost_input,,
8,hot rolling,PROCESSING,,,,,manufacturing_cost_input,,
8,grain growth,PROCESSING,,,,,manufacturing_cost_input,,
8,recrystallization,PROCESSING,,,,,manufacturing_cost_input,,
8,texture,PROCESSING,,,,,manufacturing_cost_input,,
8,texture,PROCESSING,,,,,manufacturing_cost_input,,
8,texture,PROCESSING,,,,,manufacturing_cost_input,,
8,cold rolling,PROCESSING,,,,,manufacturing_cost_input,,
8,texture,PROCESSING,,,,,manufacturing_cost_input,,
8,grain growth,PROCESSING,,,,,manufacturing_cost_input,,
9,3% silicon,SI_CONTENT,3.0,%,COMPETITOR,,material_property,,
9,texture,PROCESSING,,,,,manufacturing_cost_input,,
9,texture,PROCESSING,,,,,manufacturing_cost_input,,
9,texture,PROCESSING,,,,,manufacturing_cost_input,,
9,texture,PROCESSING,,,,,manufacturing_cost_input,,
9,texture,PROCESSING,,,,,manufacturing_cost_input,,
9,texture,PROCESSING,,,,,manufacturing_cost_input,,
9,texture,PROCESSING,,,,,manufacturing_cost_input,,
9,stator,APPLICATION,,,,,model_selector,,
9,rotor,APPLICATION,,,,,model_selector,,
9,laser cutting,PROCESSING,,,,,manufacturing_cost_input,,
9,3.2% silicon,SI_CONTENT,3.2,%,UNSPECIFIED,,material_property,,
9,cold rolling,PROCESSING,,,,,manufacturing_cost_input,,
9,cold rolling,PROCESSING,,,,,manufacturing_cost_input,,
9,3% silicon,SI_CONTENT,3.0,%,NGO,,material_property,,
9,texture,PROCESSING,,,,,manufacturing_cost_input,,
9,texture,PROCESSING,,,,,manufacturing_cost_input,,
9,texture,PROCESSING,,,,,manufacturing_cost_input,,
9,texture,PROCESSING,,,,,manufacturing_cost_input,,
9,texture,PROCESSING,,,,,manufacturing_cost_input,,
9,rotated cube,PROCESSING,,,,,manufacturing_cost_input,,
9,texture,PROCESSING,,,,,manufacturing_cost_input,,
9,Goss texture,PROCESSING,,,,,manufacturing_cost_input,,
9,texture,PROCESSING,,,,,manufacturing_cost_input,,
9,texture,PROCESSING,,,,,manufacturing_cost_input,,
9,continuous annealing,PROCESSING,,,,,manufacturing_cost_input,,
9,texture,PROCESSING,,,,,manufacturing_cost_input,,
9,continuous annealing,PROCESSING,,,,,manufacturing_cost_input,,
9,texture,PROCESSING,,,,,manufacturing_cost_input,,
9,texture,PROCESSING,,,,,manufacturing_cost_input,,
9,continuous annealing,PROCESSING,,,,,manufacturing_cost_input,,
9,1.5 T,FLUX_DENSITY,1.5,T,UNSPECIFIED,,loss_parameter,,
9,1.5 T,FLUX_DENSITY,1.5,T,NGO,,loss_parameter,,
9,10 W/kg,CORE_LOSS,10.0,W/kg,NGO,,loss_cost_input,,
9,3 W/kg,CORE_LOSS,3.0,W/kg,NGO,,loss_cost_input,,
9,1.5 T,FLUX_DENSITY,1.5,T,COMPETITOR,,loss_parameter,,
9,insulating coating,PROCESSING,,,,,manufacturing_cost_input,,
9,3% silicon,SI_CONTENT,3.0,%,UNSPECIFIED,,material_property,,
9,1.32 T,FLUX_DENSITY,1.32,T,UNSPECIFIED,,loss_parameter,,
9,texture,PROCESSING,,,,,manufacturing_cost_input,,
9,anisotropy,PROCESSING,,,,,manufacturing_cost_input,,
9,punching,PROCESSING,,,,,manufacturing_cost_input,,
9,insulating coating,PROCESSING,,,,,manufacturing_cost_input,,
9,punching,PROCESSING,,,,,manufacturing_cost_input,,
9,15 W/kg,CORE_LOSS,15.0,W/kg,UNSPECIFIED,,loss_cost_input,,
9,1.5 T,FLUX_DENSITY,1.5,T,UNSPECIFIED,,loss_parameter,,
9,0.4 W/kg,CORE_LOSS,0.4,W/kg,UNSPECIFIED,,loss_cost_input,,
9,Goss texture,PROCESSING,,,,,manufacturing_cost_input,,
9,recrystallization,PROCESSING,,,,,manufacturing_cost_input,,
9,cold rolling,PROCESSING,,,,,manufacturing_cost_input,,
9,grain growth,PROCESSING,,,,,manufacturing_cost_input,,
9,anisotropy,PROCESSING,,,,,manufacturing_cost_input,,
9,3.5 W/kg,CORE_LOSS,3.5,W/kg,UNSPECIFIED,,loss_cost_input,,
9,B50,FLUX_DENSITY,,notation,UNSPECIFIED,,loss_parameter,,
9,B50,FLUX_DENSITY,,notation,UNSPECIFIED,,loss_parameter,,
9,B50,FLUX_DENSITY,,notation,UNSPECIFIED,,loss_parameter,,
9,texture,PROCESSING,,,,,manufacturing_cost_input,,
9,1.5 T,FLUX_DENSITY,1.5,T,NGO,,loss_parameter,,
9,2.4 wt% silicon,SI_CONTENT,2.4,%,NGO,,material_property,,
9,texture,PROCESSING,,,,,manufacturing_cost_input,,
9,cold rolling,PROCESSING,,,,,manufacturing_cost_input,,
9,recrystallization,PROCESSING,,,,,manufacturing_cost_input,,
9,texture,PROCESSING,,,,,manufacturing_cost_input,,
9,texture,PROCESSING,,,,,manufacturing_cost_input,,
9,recrystallization,PROCESSING,,,,,manufacturing_cost_input,,
9,texture,PROCESSING,,,,,manufacturing_cost_input,,
9,texture,PROCESSING,,,,,manufacturing_cost_input,,
9,texture,PROCESSING,,,,,manufacturing_cost_input,,
9,texture,PROCESSING,,,,,manufacturing_cost_input,,
9,grain growth,PROCESSING,,,,,manufacturing_cost_input,,
9,texture,PROCESSING,,,,,manufacturing_cost_input,,
9,texture,PROCESSING,,,,,manufacturing_cost_input,,
9,texture,PROCESSING,,,,,manufacturing_cost_input,,
9,texture,PROCESSING,,,,,manufacturing_cost_input,,
9,3% silicon,SI_CONTENT,3.0,%,UNSPECIFIED,,material_property,,
9,decarburization,PROCESSING,,,,,manufacturing_cost_input,,
9,texture,PROCESSING,,,,,manufacturing_cost_input,,
9,Goss texture,PROCESSING,,,,,manufacturing_cost_input,,
9,texture,PROCESSING,,,,,manufacturing_cost_input,,
9,0.85 W/kg,CORE_LOSS,0.85,W/kg,UNSPECIFIED,,loss_cost_input,,
9,1.7 T,FLUX_DENSITY,1.7,T,UNSPECIFIED,,loss_parameter,,
9,recrystallization,PROCESSING,,,,,manufacturing_cost_input,,
9,weldability,PROCESSING,,,,,manufacturing_cost_input,,
9,0.586 W/kg,CORE_LOSS,0.586,W/kg,COMPETITOR,,loss_cost_input,,
9,0.6 W/kg,CORE_LOSS,0.6,W/kg,UNSPECIFIED,,loss_cost_input,,
9,bridge,APPLICATION,,,,,model_selector,,
9,recrystallization,PROCESSING,,,,,manufacturing_cost_input,,
9,texture,PROCESSING,,,,,manufacturing_cost_input,,
9,recrystallization,PROCESSING,,,,,manufacturing_cost_input,,
9,texture,PROCESSING,,,,,manufacturing_cost_input,,
9,3% silicon,SI_CONTENT,3.0,%,UNSPECIFIED,,material_property,,
9,3% Si,SI_CONTENT,3.0,%,UNSPECIFIED,,material_property,,
9,recrystallization,PROCESSING,,,,,manufacturing_cost_input,,
9,texture,PROCESSING,,,,,manufacturing_cost_input,,
9,0.5% Si,SI_CONTENT,0.5,%,UNSPECIFIED,,material_property,,
9,recrystallization,PROCESSING,,,,,manufacturing_cost_input,,
9,texture,PROCESSING,,,,,manufacturing_cost_input,,
10,HEV,APPLICATION,,,,,model_selector,,
10,EV,APPLICATION,,,,,model_selector,,
10,EV,APPLICATION,,,,,model_selector,,
10,traction motor,APPLICATION,,,,,model_selector,,
10,EV,APPLICATION,,,,,model_selector,,
10,EV,APPLICATION,,,,,model_selector,,
10,EV,APPLICATION,,,,,model_selector,,
10,EV,APPLICATION,,,,,model_selector,,
10,EV,APPLICATION,,,,,model_selector,,
10,rotor,APPLICATION,,,,,model_selector,,
10,stator,APPLICATION,,,,,model_selector,,
10,EV,APPLICATION,,,,,model_selector,,
10,HEV,APPLICATION,,,,,model_selector,,
10,traction motor,APPLICATION,,,,,model_selector,,
10,HEV,APPLICATION,,,,,model_selector,,
10,EV,APPLICATION,,,,,model_selector,,
10,EV,APPLICATION,,,,,model_selector,,
10,HEV,APPLICATION,,,,,model_selector,,
10,EV,APPLICATION,,,,,model_selector,,
10,B50,FLUX_DENSITY,,notation,NGO,,loss_parameter,,
10,EV,APPLICATION,,,,,model_selector,,
10,IPM,APPLICATION,,,,,model_selector,,
10,W10/400,CORE_LOSS,,notation,UNSPECIFIED,,loss_cost_input,,
10,1.0 T,FLUX_DENSITY,1.0,T,UNSPECIFIED,,loss_parameter,,
10,EV,APPLICATION,,,,,model_selector,,
10,rotor,APPLICATION,,,,,model_selector,,
10,IPM,APPLICATION,,,,,model_selector,,
10,rotor bridge,APPLICATION,,,,,model_selector,,
10,bridge,APPLICATION,,,,,model_selector,,
10,bridge,APPLICATION,,,,,model_selector,,
10,insulating coating,PROCESSING,,,,,manufacturing_cost_input,,
10,punching,PROCESSING,,,,,manufacturing_cost_input,,
10,insulating coating,PROCESSING,,,,,manufacturing_cost_input,,
10,punching,PROCESSING,,,,,manufacturing_cost_input,,
10,EV,APPLICATION,,,,,model_selector,,
10,punching,PROCESSING,,,,,manufacturing_cost_input,,
10,stator core,APPLICATION,,,,,model_selector,,
10,punching,PROCESSING,,,,,manufacturing_cost_input,,
10,electrical discharge machining,PROCESSING,,,,,manufacturing_cost_input,,
10,bridge,APPLICATION,,,,,model_selector,,
10,rotor core,APPLICATION,,,,,model_selector,,
10,35A300,GRADE,,,UNSPECIFIED,,material_cost_input,0.35,1.0
10,35HXT680,GRADE,,,UNSPECIFIED,,material_cost_input,0.35,1.0
10,insulating coating,PROCESSING,,,,,manufacturing_cost_input,,
10,insulating coating,PROCESSING,,,,,manufacturing_cost_input,,
10,punching,PROCESSING,,,,,manufacturing_cost_input,,
10,punching,PROCESSING,,,,,manufacturing_cost_input,,
10,stator core,APPLICATION,,,,,model_selector,,
10,punching,PROCESSING,,,,,manufacturing_cost_input,,
10,50H270,GRADE,,,UNSPECIFIED,,material_cost_input,0.5,0.7
10,anisotropy,PROCESSING,,,,,manufacturing_cost_input,,
10,stator core,APPLICATION,,,,,model_selector,,
10,EV,APPLICATION,,,,,model_selector,,
10,HEV,APPLICATION,,,,,model_selector,,
10,segment core,APPLICATION,,,,,model_selector,,
10,anisotropy,PROCESSING,,,,,manufacturing_cost_input,,
10,anisotropy,PROCESSING,,,,,manufacturing_cost_input,,
10,EV,APPLICATION,,,,,model_selector,,
10,35A210,GRADE,,,UNSPECIFIED,,material_cost_input,0.35,1.0
10,35A300,GRADE,,,UNSPECIFIED,,material_cost_input,0.35,1.0
10,50A470,GRADE,,,UNSPECIFIED,,material_cost_input,0.5,0.7
10,50A1300,GRADE,,,UNSPECIFIED,,material_cost_input,0.5,0.7
10,EV,APPLICATION,,,,,model_selector,,
13,texture,PROCESSING,,,,,manufacturing_cost_input,,
13,hot rolling,PROCESSING,,,,,manufacturing_cost_input,,
13,cold rolling,PROCESSING,,,,,manufacturing_cost_input,,
13,texture,PROCESSING,,,,,manufacturing_cost_input,,
13,texture,PROCESSING,,,,,manufacturing_cost_input,,
13,texture,PROCESSING,,,,,manufacturing_cost_input,,
13,texture,PROCESSING,,,,,manufacturing_cost_input,,
13,texture,PROCESSING,,,,,manufacturing_cost_input,,
13,hot rolling,PROCESSING,,,,,manufacturing_cost_input,,
13,cold rolling,PROCESSING,,,,,manufacturing_cost_input,,
13,recrystallisation,PROCESSING,,,,,manufacturing_cost_input,,
13,grain growth,PROCESSING,,,,,manufacturing_cost_input,,
13,EV,APPLICATION,,,,,model_selector,,
13,texture,PROCESSING,,,,,manufacturing_cost_input,,
13,texture,PROCESSING,,,,,manufacturing_cost_input,,
13,Goss texture,PROCESSING,,,,,manufacturing_cost_input,,
13,grain growth,PROCESSING,,,,,manufacturing_cost_input,,
13,anisotropy,PROCESSING,,,,,manufacturing_cost_input,,
13,texture,PROCESSING,,,,,manufacturing_cost_input,,
13,texture,PROCESSING,,,,,manufacturing_cost_input,,
13,texture,PROCESSING,,,,,manufacturing_cost_input,,
13,Goss texture,PROCESSING,,,,,manufacturing_cost_input,,
13,texture,PROCESSING,,,,,manufacturing_cost_input,,
13,stamping,PROCESSING,,,,,manufacturing_cost_input,,
13,interlocking,PROCESSING,,,,,manufacturing_cost_input,,
13,texture,PROCESSING,,,,,manufacturing_cost_input,,
13,anisotropy,PROCESSING,,,,,manufacturing_cost_input,,
13,anisotropy,PROCESSING,,,,,manufacturing_cost_input,,
13,anisotropy,PROCESSING,,,,,manufacturing_cost_input,,
13,texture,PROCESSING,,,,,manufacturing_cost_input,,
13,anisotropy,PROCESSING,,,,,manufacturing_cost_input,,
13,texture,PROCESSING,,,,,manufacturing_cost_input,,
13,texture,PROCESSING,,,,,manufacturing_cost_input,,
13,texture,PROCESSING,,,,,manufacturing_cost_input,,
13,texture,PROCESSING,,,,,manufacturing_cost_input,,
13,texture,PROCESSING,,,,,manufacturing_cost_input,,
13,Goss texture,PROCESSING,,,,,manufacturing_cost_input,,
13,texture,PROCESSING,,,,,manufacturing_cost_input,,
13,texture,PROCESSING,,,,,manufacturing_cost_input,,
13,generator,APPLICATION,,,,,model_selector,,
13,texture,PROCESSING,,,,,manufacturing_cost_input,,
13,texture,PROCESSING,,,,,manufacturing_cost_input,,
13,texture,PROCESSING,,,,,manufacturing_cost_input,,
13,texture,PROCESSING,,,,,manufacturing_cost_input,,
13,texture,PROCESSING,,,,,manufacturing_cost_input,,
13,texture,PROCESSING,,,,,manufacturing_cost_input,,
13,recrystallisation,PROCESSING,,,,,manufacturing_cost_input,,
13,texture,PROCESSING,,,,,manufacturing_cost_input,,
13,Goss texture,PROCESSING,,,,,manufacturing_cost_input,,
13,hot rolling,PROCESSING,,,,,manufacturing_cost_input,,
13,hot band annealing,PROCESSING,,,,,manufacturing_cost_input,,
13,cold rolling,PROCESSING,,,,,manufacturing_cost_input,,
13,recrystallisation,PROCESSING,,,,,manufacturing_cost_input,,
13,recrystallisation,PROCESSING,,,,,manufacturing_cost_input,,
13,Goss texture,PROCESSING,,,,,manufacturing_cost_input,,
13,recrystallisation,PROCESSING,,,,,manufacturing_cost_input,,
13,recrystallisation,PROCESSING,,,,,manufacturing_cost_input,,
13,hot rolling,PROCESSING,,,,,manufacturing_cost_input,,
13,texture evolution,PROCESSING,,,,,manufacturing_cost_input,,
13,texture,PROCESSING,,,,,manufacturing_cost_input,,
13,recrystallisation,PROCESSING,,,,,manufacturing_cost_input,,
13,recrystallisation,PROCESSING,,,,,manufacturing_cost_input,,
13,Goss texture,PROCESSING,,,,,manufacturing_cost_input,,
13,hot rolling,PROCESSING,,,,,manufacturing_cost_input,,
13,recrystallisation,PROCESSING,,,,,manufacturing_cost_input,,
13,Goss texture,PROCESSING,,,,,manufacturing_cost_input,,
13,texture,PROCESSING,,,,,manufacturing_cost_input,,
13,continuous casting,PROCESSING,,,,,manufacturing_cost_input,,
13,hot rolling,PROCESSING,,,,,manufacturing_cost_input,,
13,recrystallisation,PROCESSING,,,,,manufacturing_cost_input,,
13,twin-roll casting,PROCESSING,,,,,manufacturing_cost_input,,
13,strip casting,PROCESSING,,,,,manufacturing_cost_input,,
13,hot rolling,PROCESSING,,,,,manufacturing_cost_input,,
13,hot rolling,PROCESSING,,,,,manufacturing_cost_input,,
13,hot rolling,PROCESSING,,,,,manufacturing_cost_input,,
13,strip casting,PROCESSING,,,,,manufacturing_cost_input,,
13,cold rolling,PROCESSING,,,,,manufacturing_cost_input,,
13,recrystallisation,PROCESSING,,,,,manufacturing_cost_input,,
13,hot rolling,PROCESSING,,,,,manufacturing_cost_input,,
13,recrystallisation,PROCESSING,,,,,manufacturing_cost_input,,
13,Goss texture,PROCESSING,,,,,manufacturing_cost_input,,
13,recrystallisation,PROCESSING,,,,,manufacturing_cost_input,,
13,grain growth,PROCESSING,,,,,manufacturing_cost_input,,
13,recrystallisation,PROCESSING,,,,,manufacturing_cost_input,,
13,recrystallisation,PROCESSING,,,,,manufacturing_cost_input,,
13,cold rolling,PROCESSING,,,,,manufacturing_cost_input,,
13,cold rolling,PROCESSING,,,,,manufacturing_cost_input,,
13,hot rolling,PROCESSING,,,,,manufacturing_cost_input,,
13,hot rolling,PROCESSING,,,,,manufacturing_cost_input,,
13,Goss texture,PROCESSING,,,,,manufacturing_cost_input,,
13,recrystallisation,PROCESSING,,,,,manufacturing_cost_input,,
13,recrystallisation,PROCESSING,,,,,manufacturing_cost_input,,
13,recrystallisation,PROCESSING,,,,,manufacturing_cost_input,,
13,texture,PROCESSING,,,,,manufacturing_cost_input,,
13,Goss texture,PROCESSING,,,,,manufacturing_cost_input,,
13,recrystallisation,PROCESSING,,,,,manufacturing_cost_input,,
13,recrystallisation,PROCESSING,,,,,manufacturing_cost_input,,
13,B8,FLUX_DENSITY,,notation,COMPETITOR,,loss_parameter,,
13,Goss texture,PROCESSING,,,,,manufacturing_cost_input,,
13,texture,PROCESSING,,,,,manufacturing_cost_input,,
13,hot band annealing,PROCESSING,,,,,manufacturing_cost_input,,
13,cold rolling,PROCESSING,,,,,manufacturing_cost_input,,
13,recrystallisation,PROCESSING,,,,,manufacturing_cost_input,,
13,recrystallisation,PROCESSING,,,,,manufacturing_cost_input,,
13,texture,PROCESSING,,,,,manufacturing_cost_input,,
13,hot rolling,PROCESSING,,,,,manufacturing_cost_input,,
13,texture,PROCESSING,,,,,manufacturing_cost_input,,
13,hot rolling,PROCESSING,,,,,manufacturing_cost_input,,
13,hot rolling,PROCESSING,,,,,manufacturing_cost_input,,
13,hot rolling,PROCESSING,,,,,manufacturing_cost_input,,
13,hot rolling,PROCESSING,,,,,manufacturing_cost_input,,
13,texture,PROCESSING,,,,,manufacturing_cost_input,,
13,recrystallisation,PROCESSING,,,,,manufacturing_cost_input,,
13,cold rolling,PROCESSING,,,,,manufacturing_cost_input,,
13,recrystallisation,PROCESSING,,,,,manufacturing_cost_input,,
13,hot rolling,PROCESSING,,,,,manufacturing_cost_input,,
13,recrystallisation,PROCESSING,,,,,manufacturing_cost_input,,
13,recrystallisation,PROCESSING,,,,,manufacturing_cost_input,,
13,recrystallisation,PROCESSING,,,,,manufacturing_cost_input,,
13,hot rolling,PROCESSING,,,,,manufacturing_cost_input,,
13,recrystallisation,PROCESSING,,,,,manufacturing_cost_input,,
13,grain growth,PROCESSING,,,,,manufacturing_cost_input,,
13,hot rolling,PROCESSING,,,,,manufacturing_cost_input,,
13,hot rolling,PROCESSING,,,,,manufacturing_cost_input,,
13,hot rolling,PROCESSING,,,,,manufacturing_cost_input,,
13,hot rolling,PROCESSING,,,,,manufacturing_cost_input,,
13,hot rolling,PROCESSING,,,,,manufacturing_cost_input,,
13,recrystallisation,PROCESSING,,,,,manufacturing_cost_input,,
13,texture,PROCESSING,,,,,manufacturing_cost_input,,
13,rotated cube,PROCESSING,,,,,manufacturing_cost_input,,
13,cold rolling,PROCESSING,,,,,manufacturing_cost_input,,
13,recrystallisation,PROCESSING,,,,,manufacturing_cost_input,,
13,texture,PROCESSING,,,,,manufacturing_cost_input,,
13,cold rolling,PROCESSING,,,,,manufacturing_cost_input,,
13,hot rolling,PROCESSING,,,,,manufacturing_cost_input,,
13,texture,PROCESSING,,,,,manufacturing_cost_input,,
13,cold rolling,PROCESSING,,,,,manufacturing_cost_input,,
13,recrystallisation,PROCESSING,,,,,manufacturing_cost_input,,
13,texture,PROCESSING,,,,,manufacturing_cost_input,,
13,recrystallisation,PROCESSING,,,,,manufacturing_cost_input,,
13,hot band annealing,PROCESSING,,,,,manufacturing_cost_input,,
13,recrystallisation,PROCESSING,,,,,manufacturing_cost_input,,
13,recrystallisation,PROCESSING,,,,,manufacturing_cost_input,,
13,Goss texture,PROCESSING,,,,,manufacturing_cost_input,,
13,hot band annealing,PROCESSING,,,,,manufacturing_cost_input,,
13,recrystallisation,PROCESSING,,,,,manufacturing_cost_input,,
13,texture,PROCESSING,,,,,manufacturing_cost_input,,
13,hot band annealing,PROCESSING,,,,,manufacturing_cost_input,,
13,cold rolling,PROCESSING,,,,,manufacturing_cost_input,,
13,texture,PROCESSING,,,,,manufacturing_cost_input,,
13,hot rolling,PROCESSING,,,,,manufacturing_cost_input,,
13,hot band annealing,PROCESSING,,,,,manufacturing_cost_input,,
13,hot rolling,PROCESSING,,,,,manufacturing_cost_input,,
13,recrystallisation,PROCESSING,,,,,manufacturing_cost_input,,
13,Goss texture,PROCESSING,,,,,manufacturing_cost_input,,
13,recrystallisation,PROCESSING,,,,,manufacturing_cost_input,,
13,texture,PROCESSING,,,,,manufacturing_cost_input,,
13,cold rolling,PROCESSING,,,,,manufacturing_cost_input,,
13,texture,PROCESSING,,,,,manufacturing_cost_input,,
13,Goss texture,PROCESSING,,,,,manufacturing_cost_input,,
13,hot rolling,PROCESSING,,,,,manufacturing_cost_input,,
13,cold rolling,PROCESSING,,,,,manufacturing_cost_input,,
13,Goss texture,PROCESSING,,,,,manufacturing_cost_input,,
13,hot rolling,PROCESSING,,,,,manufacturing_cost_input,,
13,cold rolling,PROCESSING,,,,,manufacturing_cost_input,,
13,texture,PROCESSING,,,,,manufacturing_cost_input,,
13,hot band annealing,PROCESSING,,,,,manufacturing_cost_input,,
13,cold rolling,PROCESSING,,,,,manufacturing_cost_input,,
13,hot band annealing,PROCESSING,,,,,manufacturing_cost_input,,
13,cold rolling,PROCESSING,,,,,manufacturing_cost_input,,
13,cold rolling,PROCESSING,,,,,manufacturing_cost_input,,
13,cold rolling,PROCESSING,,,,,manufacturing_cost_input,,
13,cold rolling,PROCESSING,,,,,manufacturing_cost_input,,
13,cold rolling,PROCESSING,,,,,manufacturing_cost_input,,
13,cold rolling,PROCESSING,,,,,manufacturing_cost_input,,
13,recrystallisation,PROCESSING,,,,,manufacturing_cost_input,,
13,hot rolling,PROCESSING,,,,,manufacturing_cost_input,,
13,cold rolling,PROCESSING,,,,,manufacturing_cost_input,,
13,texture,PROCESSING,,,,,manufacturing_cost_input,,
13,cold rolling,PROCESSING,,,,,manufacturing_cost_input,,
13,cold rolling,PROCESSING,,,,,manufacturing_cost_input,,
13,texture,PROCESSING,,,,,manufacturing_cost_input,,
13,cold rolling,PROCESSING,,,,,manufacturing_cost_input,,
13,rotated cube,PROCESSING,,,,,manufacturing_cost_input,,
13,cold rolling,PROCESSING,,,,,manufacturing_cost_input,,
13,cold rolling,PROCESSING,,,,,manufacturing_cost_input,,
13,cold rolling,PROCESSING,,,,,manufacturing_cost_input,,
13,recrystallisation,PROCESSING,,,,,manufacturing_cost_input,,
13,recrystallisation,PROCESSING,,,,,manufacturing_cost_input,,
13,recrystallisation,PROCESSING,,,,,manufacturing_cost_input,,
13,Goss texture,PROCESSING,,,,,manufacturing_cost_input,,
13,grain growth,PROCESSING,,,,,manufacturing_cost_input,,
13,texture,PROCESSING,,,,,manufacturing_cost_input,,
13,texture,PROCESSING,,,,,manufacturing_cost_input,,
13,texture,PROCESSING,,,,,manufacturing_cost_input,,
13,recrystallisation,PROCESSING,,,,,manufacturing_cost_input,,
13,hot rolling,PROCESSING,,,,,manufacturing_cost_input,,
13,cold rolling,PROCESSING,,,,,manufacturing_cost_input,,
13,recrystallisation,PROCESSING,,,,,manufacturing_cost_input,,
13,recrystallisation,PROCESSING,,,,,manufacturing_cost_input,,
13,cold rolling,PROCESSING,,,,,manufacturing_cost_input,,
13,recrystallisation,PROCESSING,,,,,manufacturing_cost_input,,
13,recrystallisation,PROCESSING,,,,,manufacturing_cost_input,,
13,recrystallisation,PROCESSING,,,,,manufacturing_cost_input,,
13,cold rolling,PROCESSING,,,,,manufacturing_cost_input,,
13,Goss texture,PROCESSING,,,,,manufacturing_cost_input,,
13,recrystallisation,PROCESSING,,,,,manufacturing_cost_input,,
13,cold rolling,PROCESSING,,,,,manufacturing_cost_input,,
13,Goss texture,PROCESSING,,,,,manufacturing_cost_input,,
13,texture,PROCESSING,,,,,manufacturing_cost_input,,
13,cold rolling,PROCESSING,,,,,manufacturing_cost_input,,
13,Goss texture,PROCESSING,,,,,manufacturing_cost_input,,
13,recrystallisation,PROCESSING,,,,,manufacturing_cost_input,,
13,texture,PROCESSING,,,,,manufacturing_cost_input,,
13,cold rolling,PROCESSING,,,,,manufacturing_cost_input,,
13,Goss texture,PROCESSING,,,,,manufacturing_cost_input,,
13,recrystallisation,PROCESSING,,,,,manufacturing_cost_input,,
13,cold rolling,PROCESSING,,,,,manufacturing_cost_input,,
13,recrystallisation,PROCESSING,,,,,manufacturing_cost_input,,
13,texture,PROCESSING,,,,,manufacturing_cost_input,,
13,recrystallisation,PROCESSING,,,,,manufacturing_cost_input,,
13,texture,PROCESSING,,,,,manufacturing_cost_input,,
13,texture,PROCESSING,,,,,manufacturing_cost_input,,
13,recrystallisation,PROCESSING,,,,,manufacturing_cost_input,,
13,texture,PROCESSING,,,,,manufacturing_cost_input,,
13,texture,PROCESSING,,,,,manufacturing_cost_input,,
13,recrystallisation,PROCESSING,,,,,manufacturing_cost_input,,
13,Goss texture,PROCESSING,,,,,manufacturing_cost_input,,
13,Goss texture,PROCESSING,,,,,manufacturing_cost_input,,
13,recrystallisation,PROCESSING,,,,,manufacturing_cost_input,,
13,hot band annealing,PROCESSING,,,,,manufacturing_cost_input,,
13,cold rolling,PROCESSING,,,,,manufacturing_cost_input,,
13,recrystallisation,PROCESSING,,,,,manufacturing_cost_input,,
13,recrystallisation,PROCESSING,,,,,manufacturing_cost_input,,
13,texture,PROCESSING,,,,,manufacturing_cost_input,,
13,recrystallisation,PROCESSING,,,,,manufacturing_cost_input,,
13,recrystallisation,PROCESSING,,,,,manufacturing_cost_input,,
13,Goss texture,PROCESSING,,,,,manufacturing_cost_input,,
13,hot rolling,PROCESSING,,,,,manufacturing_cost_input,,
13,cold rolling,PROCESSING,,,,,manufacturing_cost_input,,
13,recrystallisation,PROCESSING,,,,,manufacturing_cost_input,,
13,recrystallisation,PROCESSING,,,,,manufacturing_cost_input,,
13,recrystallisation,PROCESSING,,,,,manufacturing_cost_input,,
13,texture,PROCESSING,,,,,manufacturing_cost_input,,
13,recrystallisation,PROCESSING,,,,,manufacturing_cost_input,,
13,cold rolling,PROCESSING,,,,,manufacturing_cost_input,,
13,texture,PROCESSING,,,,,manufacturing_cost_input,,
13,texture,PROCESSING,,,,,manufacturing_cost_input,,
13,texture,PROCESSING,,,,,manufacturing_cost_input,,
13,texture,PROCESSING,,,,,manufacturing_cost_input,,
13,hot rolling,PROCESSING,,,,,manufacturing_cost_input,,
13,hot rolling,PROCESSING,,,,,manufacturing_cost_input,,
13,texture,PROCESSING,,,,,manufacturing_cost_input,,
13,recrystallisation,PROCESSING,,,,,manufacturing_cost_input,,
13,texture,PROCESSING,,,,,manufacturing_cost_input,,
13,recrystallisation,PROCESSING,,,,,manufacturing_cost_input,,
13,Goss texture,PROCESSING,,,,,manufacturing_cost_input,,
13,insulating coating,PROCESSING,,,,,manufacturing_cost_input,,
13,Goss texture,PROCESSING,,,,,manufacturing_cost_input,,
13,B8,FLUX_DENSITY,,notation,COMPETITOR,,loss_parameter,,
13,2.0 T,FLUX_DENSITY,2.0,T,COMPETITOR,,loss_parameter,,
13,2.03 T,FLUX_DENSITY,2.03,T,COMPETITOR,,loss_parameter,,
13,B8,FLUX_DENSITY,,notation,COMPETITOR,,loss_parameter,,
13,texture,PROCESSING,,,,,manufacturing_cost_input,,
13,6.5% Si,SI_CONTENT,6.5,%,COMPETITOR,,material_property,,
13,6.5% Si,SI_CONTENT,6.5,%,COMPETITOR,,material_property,,
13,chemical vapour deposition,PROCESSING,,,,,manufacturing_cost_input,,
13,recrystallisation,PROCESSING,,,,,manufacturing_cost_input,,
13,hot rolling,PROCESSING,,,,,manufacturing_cost_input,,
13,hot band annealing,PROCESSING,,,,,manufacturing_cost_input,,
13,cold rolling,PROCESSING,,,,,manufacturing_cost_input,,
13,recrystallisation,PROCESSING,,,,,manufacturing_cost_input,,
13,recrystallisation,PROCESSING,,,,,manufacturing_cost_input,,
13,Goss texture,PROCESSING,,,,,manufacturing_cost_input,,
13,continuous casting,PROCESSING,,,,,manufacturing_cost_input,,
13,hot rolling,PROCESSING,,,,,manufacturing_cost_input,,
13,cold rolling,PROCESSING,,,,,manufacturing_cost_input,,
13,temper rolling,PROCESSING,,,,,manufacturing_cost_input,,
13,skin pass,PROCESSING,,,,,manufacturing_cost_input,,
13,texture,PROCESSING,,,,,manufacturing_cost_input,,
13,texture,PROCESSING,,,,,manufacturing_cost_input,,
13,texture,PROCESSING,,,,,manufacturing_cost_input,,
13,texture,PROCESSING,,,,,manufacturing_cost_input,,
13,texture,PROCESSING,,,,,manufacturing_cost_input,,
13,texture,PROCESSING,,,,,manufacturing_cost_input,,
13,texture,PROCESSING,,,,,manufacturing_cost_input,,
13,anisotropy,PROCESSING,,,,,manufacturing_cost_input,,
13,texture,PROCESSING,,,,,manufacturing_cost_input,,
13,texture,PROCESSING,,,,,manufacturing_cost_input,,
13,texture,PROCESSING,,,,,manufacturing_cost_input,,
13,texture,PROCESSING,,,,,manufacturing_cost_input,,
13,B50,FLUX_DENSITY,,notation,UNSPECIFIED,,loss_parameter,,
13,anisotropy,PROCESSING,,,,,manufacturing_cost_input,,
13,B50,FLUX_DENSITY,,notation,UNSPECIFIED,,loss_parameter,,
13,texture,PROCESSING,,,,,manufacturing_cost_input,,
13,B50,FLUX_DENSITY,,notation,UNSPECIFIED,,loss_parameter,,
13,texture,PROCESSING,,,,,manufacturing_cost_input,,
13,texture,PROCESSING,,,,,manufacturing_cost_input,,
13,anisotropy,PROCESSING,,,,,manufacturing_cost_input,,
13,texture,PROCESSING,,,,,manufacturing_cost_input,,
13,anisotropy,PROCESSING,,,,,manufacturing_cost_input,,
13,texture,PROCESSING,,,,,manufacturing_cost_input,,
13,texture,PROCESSING,,,,,manufacturing_cost_input,,
13,texture,PROCESSING,,,,,manufacturing_cost_input,,
13,texture,PROCESSING,,,,,manufacturing_cost_input,,
13,anisotropy,PROCESSING,,,,,manufacturing_cost_input,,
13,6.5% silicon,SI_CONTENT,6.5,%,UNSPECIFIED,,material_property,,
13,chemical vapour deposition,PROCESSING,,,,,manufacturing_cost_input,,
13,6.5% Si,SI_CONTENT,6.5,%,UNSPECIFIED,,material_property,,
13,6.5% Si,SI_CONTENT,6.5,%,UNSPECIFIED,,material_property,,
13,texture,PROCESSING,,,,,manufacturing_cost_input,,
13,texture,PROCESSING,,,,,manufacturing_cost_input,,
13,3.0% Si,SI_CONTENT,3.0,%,UNSPECIFIED,,material_property,,
13,0.5% Si,SI_CONTENT,0.5,%,UNSPECIFIED,,material_property,,
13,3.0% Si,SI_CONTENT,3.0,%,UNSPECIFIED,,material_property,,
13,2.66% Si,SI_CONTENT,2.66,%,UNSPECIFIED,,material_property,,
13,texture,PROCESSING,,,,,manufacturing_cost_input,,
13,B25,FLUX_DENSITY,,notation,UNSPECIFIED,,loss_parameter,,
13,2.0% Si,SI_CONTENT,2.0,%,UNSPECIFIED,,material_property,,
13,recrystallisation,PROCESSING,,,,,manufacturing_cost_input,,
13,texture,PROCESSING,,,,,manufacturing_cost_input,,
13,3.0% Si,SI_CONTENT,3.0,%,UNSPECIFIED,,material_property,,
13,texture,PROCESSING,,,,,manufacturing_cost_input,,
13,texture,PROCESSING,,,,,manufacturing_cost_input,,
13,texture,PROCESSING,,,,,manufacturing_cost_input,,
13,recrystallisation,PROCESSING,,,,,manufacturing_cost_input,,
13,anisotropy,PROCESSING,,,,,manufacturing_cost_input,,
13,anisotropy,PROCESSING,,,,,manufacturing_cost_input,,
13,B50,FLUX_DENSITY,,notation,UNSPECIFIED,,loss_parameter,,
13,anisotropy,PROCESSING,,,,,manufacturing_cost_input,,
13,recrystallisation,PROCESSING,,,,,manufacturing_cost_input,,
13,texture,PROCESSING,,,,,manufacturing_cost_input,,
13,texture,PROCESSING,,,,,manufacturing_cost_input,,
13,texture,PROCESSING,,,,,manufacturing_cost_input,,
13,2.0% Si,SI_CONTENT,2.0,%,UNSPECIFIED,,material_property,,
13,texture,PROCESSING,,,,,manufacturing_cost_input,,
13,texture,PROCESSING,,,,,manufacturing_cost_input,,
13,texture,PROCESSING,,,,,manufacturing_cost_input,,
13,grain growth,PROCESSING,,,,,manufacturing_cost_input,,
13,recrystallisation,PROCESSING,,,,,manufacturing_cost_input,,
13,rotated cube,PROCESSING,,,,,manufacturing_cost_input,,
13,texture,PROCESSING,,,,,manufacturing_cost_input,,
13,texture,PROCESSING,,,,,manufacturing_cost_input,,
13,texture,PROCESSING,,,,,manufacturing_cost_input,,
13,texture,PROCESSING,,,,,manufacturing_cost_input,,
13,texture,PROCESSING,,,,,manufacturing_cost_input,,
13,continuous casting,PROCESSING,,,,,manufacturing_cost_input,,
13,texture,PROCESSING,,,,,manufacturing_cost_input,,
13,4.5% Si,SI_CONTENT,4.5,%,UNSPECIFIED,,material_property,,
13,{100} texture,PROCESSING,,,,,manufacturing_cost_input,,
13,texture,PROCESSING,,,,,manufacturing_cost_input,,
13,texture,PROCESSING,,,,,manufacturing_cost_input,,
13,texture,PROCESSING,,,,,manufacturing_cost_input,,
13,texture,PROCESSING,,,,,manufacturing_cost_input,,
13,hot rolling,PROCESSING,,,,,manufacturing_cost_input,,
13,cold rolling,PROCESSING,,,,,manufacturing_cost_input,,
13,<001> texture,PROCESSING,,,,,manufacturing_cost_input,,
13,hot rolling,PROCESSING,,,,,manufacturing_cost_input,,
13,cold rolling,PROCESSING,,,,,manufacturing_cost_input,,
13,<001> texture,PROCESSING,,,,,manufacturing_cost_input,,
13,texture,PROCESSING,,,,,manufacturing_cost_input,,
13,hot rolling,PROCESSING,,,,,manufacturing_cost_input,,
13,hot rolling,PROCESSING,,,,,manufacturing_cost_input,,
13,texture,PROCESSING,,,,,manufacturing_cost_input,,
13,hot rolling,PROCESSING,,,,,manufacturing_cost_input,,
13,anisotropy,PROCESSING,,,,,manufacturing_cost_input,,
13,texture,PROCESSING,,,,,manufacturing_cost_input,,
13,texture,PROCESSING,,,,,manufacturing_cost_input,,
13,grain growth,PROCESSING,,,,,manufacturing_cost_input,,
13,texture,PROCESSING,,,,,manufacturing_cost_input,,
13,texture,PROCESSING,,,,,manufacturing_cost_input,,
13,texture,PROCESSING,,,,,manufacturing_cost_input,,
13,6.5% Si,SI_CONTENT,6.5,%,UNSPECIFIED,,material_property,,
13,4.5% Si,SI_CONTENT,4.5,%,UNSPECIFIED,,material_property,,
13,recrystallisation,PROCESSING,,,,,manufacturing_cost_input,,
13,texture,PROCESSING,,,,,manufacturing_cost_input,,
13,cold rolling,PROCESSING,,,,,manufacturing_cost_input,,
13,texture,PROCESSING,,,,,manufacturing_cost_input,,
13,texture,PROCESSING,,,,,manufacturing_cost_input,,
13,3.2% Si,SI_CONTENT,3.2,%,UNSPECIFIED,,material_property,,
13,texture,PROCESSING,,,,,manufacturing_cost_input,,
13,texture,PROCESSING,,,,,manufacturing_cost_input,,
13,grain growth,PROCESSING,,,,,manufacturing_cost_input,,
13,texture,PROCESSING,,,,,manufacturing_cost_input,,
13,texture,PROCESSING,,,,,manufacturing_cost_input,,
13,recrystallisation,PROCESSING,,,,,manufacturing_cost_input,,
13,texture,PROCESSING,,,,,manufacturing_cost_input,,
13,texture,PROCESSING,,,,,manufacturing_cost_input,,
13,texture,PROCESSING,,,,,manufacturing_cost_input,,
13,texture,PROCESSING,,,,,manufacturing_cost_input,,
13,texture,PROCESSING,,,,,manufacturing_cost_input,,
13,3.2% Si,SI_CONTENT,3.2,%,UNSPECIFIED,,material_property,,
13,texture,PROCESSING,,,,,manufacturing_cost_input,,
13,texture,PROCESSING,,,,,manufacturing_cost_input,,
13,texture,PROCESSING,,,,,manufacturing_cost_input,,
13,texture,PROCESSING,,,,,manufacturing_cost_input,,
13,texture,PROCESSING,,,,,manufacturing_cost_input,,
13,texture,PROCESSING,,,,,manufacturing_cost_input,,
13,2.0% Si,SI_CONTENT,2.0,%,UNSPECIFIED,,material_property,,
13,hot rolling,PROCESSING,,,,,manufacturing_cost_input,,
13,recrystallisation,PROCESSING,,,,,manufacturing_cost_input,,
13,hot rolling,PROCESSING,,,,,manufacturing_cost_input,,
13,recrystallisation,PROCESSING,,,,,manufacturing_cost_input,,
13,hot rolling,PROCESSING,,,,,manufacturing_cost_input,,
13,hot rolling,PROCESSING,,,,,manufacturing_cost_input,,
13,recrystallisation,PROCESSING,,,,,manufacturing_cost_input,,
13,hot rolling,PROCESSING,,,,,manufacturing_cost_input,,
13,continuous annealing,PROCESSING,,,,,manufacturing_cost_input,,
13,decarburisation,PROCESSING,,,,,manufacturing_cost_input,,
13,texture,PROCESSING,,,,,manufacturing_cost_input,,
13,hot rolling,PROCESSING,,,,,manufacturing_cost_input,,
13,texture,PROCESSING,,,,,manufacturing_cost_input,,
13,hot rolling,PROCESSING,,,,,manufacturing_cost_input,,
13,hot rolling,PROCESSING,,,,,manufacturing_cost_input,,
13,recrystallisation,PROCESSING,,,,,manufacturing_cost_input,,
13,texture,PROCESSING,,,,,manufacturing_cost_input,,
13,hot rolling,PROCESSING,,,,,manufacturing_cost_input,,
13,hot rolling,PROCESSING,,,,,manufacturing_cost_input,,
13,hot rolling,PROCESSING,,,,,manufacturing_cost_input,,
13,hot rolling,PROCESSING,,,,,manufacturing_cost_input,,
13,hot rolling,PROCESSING,,,,,manufacturing_cost_input,,
13,texture,PROCESSING,,,,,manufacturing_cost_input,,
13,hot rolling,PROCESSING,,,,,manufacturing_cost_input,,
13,texture,PROCESSING,,,,,manufacturing_cost_input,,
13,2.0% Si,SI_CONTENT,2.0,%,UNSPECIFIED,,material_property,,
13,hot rolling,PROCESSING,,,,,manufacturing_cost_input,,
13,hot rolling,PROCESSING,,,,,manufacturing_cost_input,,
13,hot rolling,PROCESSING,,,,,manufacturing_cost_input,,
13,hot rolling,PROCESSING,,,,,manufacturing_cost_input,,
13,1.3% Si,SI_CONTENT,1.3,%,UNSPECIFIED,,material_property,,
13,hot rolling,PROCESSING,,,,,manufacturing_cost_input,,
13,hot band annealing,PROCESSING,,,,,manufacturing_cost_input,,
13,hot rolling,PROCESSING,,,,,manufacturing_cost_input,,
13,1.0% Si,SI_CONTENT,1.0,%,UNSPECIFIED,,material_property,,
13,hot band annealing,PROCESSING,,,,,manufacturing_cost_input,,
13,hot rolling,PROCESSING,,,,,manufacturing_cost_input,,
13,texture,PROCESSING,,,,,manufacturing_cost_input,,
13,3.0% Si,SI_CONTENT,3.0,%,UNSPECIFIED,,material_property,,
13,texture,PROCESSING,,,,,manufacturing_cost_input,,
13,cold rolling,PROCESSING,,,,,manufacturing_cost_input,,
13,hot rolling,PROCESSING,,,,,manufacturing_cost_input,,
13,texture,PROCESSING,,,,,manufacturing_cost_input,,
13,2.4% Si,SI_CONTENT,2.4,%,UNSPECIFIED,,material_property,,
13,hot rolling,PROCESSING,,,,,manufacturing_cost_input,,
13,texture,PROCESSING,,,,,manufacturing_cost_input,,
13,2.0 wt% Si,SI_CONTENT,2.0,%,UNSPECIFIED,,material_property,,
13,texture,PROCESSING,,,,,manufacturing_cost_input,,
13,B50,FLUX_DENSITY,,notation,UNSPECIFIED,,loss_parameter,,
13,rotated cube,PROCESSING,,,,,manufacturing_cost_input,,
13,texture,PROCESSING,,,,,manufacturing_cost_input,,
13,cold rolling,PROCESSING,,,,,manufacturing_cost_input,,
13,rotated cube,PROCESSING,,,,,manufacturing_cost_input,,
13,texture,PROCESSING,,,,,manufacturing_cost_input,,
13,texture,PROCESSING,,,,,manufacturing_cost_input,,
13,hot rolling,PROCESSING,,,,,manufacturing_cost_input,,
13,texture,PROCESSING,,,,,manufacturing_cost_input,,
13,hot rolling,PROCESSING,,,,,manufacturing_cost_input,,
13,hot band annealing,PROCESSING,,,,,manufacturing_cost_input,,
13,cold rolling,PROCESSING,,,,,manufacturing_cost_input,,
13,texture,PROCESSING,,,,,manufacturing_cost_input,,
13,hot rolling,PROCESSING,,,,,manufacturing_cost_input,,
13,texture,PROCESSING,,,,,manufacturing_cost_input,,
13,texture,PROCESSING,,,,,manufacturing_cost_input,,
13,texture,PROCESSING,,,,,manufacturing_cost_input,,
13,texture,PROCESSING,,,,,manufacturing_cost_input,,
13,hot rolling,PROCESSING,,,,,manufacturing_cost_input,,
13,hot rolling,PROCESSING,,,,,manufacturing_cost_input,,
13,hot band annealing,PROCESSING,,,,,manufacturing_cost_input,,
13,texture,PROCESSING,,,,,manufacturing_cost_input,,
13,cold rolling,PROCESSING,,,,,manufacturing_cost_input,,
13,2.8% Si,SI_CONTENT,2.8,%,UNSPECIFIED,,material_property,,
13,hot rolling,PROCESSING,,,,,manufacturing_cost_input,,
13,hot rolling,PROCESSING,,,,,manufacturing_cost_input,,
13,hot band annealing,PROCESSING,,,,,manufacturing_cost_input,,
13,hot rolling,PROCESSING,,,,,manufacturing_cost_input,,
13,texture,PROCESSING,,,,,manufacturing_cost_input,,
13,texture,PROCESSING,,,,,manufacturing_cost_input,,
13,recrystallisation,PROCESSING,,,,,manufacturing_cost_input,,
13,hot rolling,PROCESSING,,,,,manufacturing_cost_input,,
13,recrystallisation,PROCESSING,,,,,manufacturing_cost_input,,
13,hot band annealing,PROCESSING,,,,,manufacturing_cost_input,,
13,texture,PROCESSING,,,,,manufacturing_cost_input,,
13,hot band annealing,PROCESSING,,,,,manufacturing_cost_input,,
13,hot rolling,PROCESSING,,,,,manufacturing_cost_input,,
13,hot band annealing,PROCESSING,,,,,manufacturing_cost_input,,
13,texture,PROCESSING,,,,,manufacturing_cost_input,,
13,hot band annealing,PROCESSING,,,,,manufacturing_cost_input,,
13,hot band annealing,PROCESSING,,,,,manufacturing_cost_input,,
13,texture,PROCESSING,,,,,manufacturing_cost_input,,
13,texture,PROCESSING,,,,,manufacturing_cost_input,,
13,hot band annealing,PROCESSING,,,,,manufacturing_cost_input,,
13,hot band annealing,PROCESSING,,,,,manufacturing_cost_input,,
13,texture,PROCESSING,,,,,manufacturing_cost_input,,
13,hot band annealing,PROCESSING,,,,,manufacturing_cost_input,,
13,0.57% Si,SI_CONTENT,0.57,%,UNSPECIFIED,,material_property,,
13,hot band annealing,PROCESSING,,,,,manufacturing_cost_input,,
13,decarburisation,PROCESSING,,,,,manufacturing_cost_input,,
13,texture,PROCESSING,,,,,manufacturing_cost_input,,
13,cold rolling,PROCESSING,,,,,manufacturing_cost_input,,
13,hot band annealing,PROCESSING,,,,,manufacturing_cost_input,,
13,texture,PROCESSING,,,,,manufacturing_cost_input,,
13,4.2% Si,SI_CONTENT,4.2,%,UNSPECIFIED,,material_property,,
13,hot band annealing,PROCESSING,,,,,manufacturing_cost_input,,
13,hot band annealing,PROCESSING,,,,,manufacturing_cost_input,,
13,texture,PROCESSING,,,,,manufacturing_cost_input,,
13,texture,PROCESSING,,,,,manufacturing_cost_input,,
13,hot band annealing,PROCESSING,,,,,manufacturing_cost_input,,
13,hot band annealing,PROCESSING,,,,,manufacturing_cost_input,,
13,grain growth,PROCESSING,,,,,manufacturing_cost_input,,
13,texture,PROCESSING,,,,,manufacturing_cost_input,,
13,hot band annealing,PROCESSING,,,,,manufacturing_cost_input,,
13,B50,FLUX_DENSITY,,notation,UNSPECIFIED,,loss_parameter,,
13,texture,PROCESSING,,,,,manufacturing_cost_input,,
13,B50,FLUX_DENSITY,,notation,UNSPECIFIED,,loss_parameter,,
13,texture,PROCESSING,,,,,manufacturing_cost_input,,
13,2.0% Si,SI_CONTENT,2.0,%,UNSPECIFIED,,material_property,,
13,cold rolling,PROCESSING,,,,,manufacturing_cost_input,,
13,texture,PROCESSING,,,,,manufacturing_cost_input,,
13,texture,PROCESSING,,,,,manufacturing_cost_input,,
13,cold rolling,PROCESSING,,,,,manufacturing_cost_input,,
13,hot band annealing,PROCESSING,,,,,manufacturing_cost_input,,
13,texture,PROCESSING,,,,,manufacturing_cost_input,,
13,hot band annealing,PROCESSING,,,,,manufacturing_cost_input,,
13,texture,PROCESSING,,,,,manufacturing_cost_input,,
13,texture,PROCESSING,,,,,manufacturing_cost_input,,
13,texture,PROCESSING,,,,,manufacturing_cost_input,,
13,texture,PROCESSING,,,,,manufacturing_cost_input,,
13,2.8% Si,SI_CONTENT,2.8,%,UNSPECIFIED,,material_property,,
13,hot rolling,PROCESSING,,,,,manufacturing_cost_input,,
13,hot band annealing,PROCESSING,,,,,manufacturing_cost_input,,
13,texture,PROCESSING,,,,,manufacturing_cost_input,,
13,hot rolling,PROCESSING,,,,,manufacturing_cost_input,,
13,texture,PROCESSING,,,,,manufacturing_cost_input,,
13,hot band annealing,PROCESSING,,,,,manufacturing_cost_input,,
13,texture,PROCESSING,,,,,manufacturing_cost_input,,
13,2.0% Si,SI_CONTENT,2.0,%,UNSPECIFIED,,material_property,,
13,texture,PROCESSING,,,,,manufacturing_cost_input,,
13,cold rolling,PROCESSING,,,,,manufacturing_cost_input,,
13,cold rolling,PROCESSING,,,,,manufacturing_cost_input,,
13,texture,PROCESSING,,,,,manufacturing_cost_input,,
13,cold rolling,PROCESSING,,,,,manufacturing_cost_input,,
13,texture,PROCESSING,,,,,manufacturing_cost_input,,
13,texture,PROCESSING,,,,,manufacturing_cost_input,,
13,cold rolling,PROCESSING,,,,,manufacturing_cost_input,,
13,recrystallisation,PROCESSING,,,,,manufacturing_cost_input,,
13,texture,PROCESSING,,,,,manufacturing_cost_input,,
13,texture,PROCESSING,,,,,manufacturing_cost_input,,
13,3.0% Si,SI_CONTENT,3.0,%,UNSPECIFIED,,material_property,,
13,cold rolling,PROCESSING,,,,,manufacturing_cost_input,,
13,B50,FLUX_DENSITY,,notation,UNSPECIFIED,,loss_parameter,,
13,cold rolling,PROCESSING,,,,,manufacturing_cost_input,,
13,texture,PROCESSING,,,,,manufacturing_cost_input,,
13,0.26% Si,SI_CONTENT,0.26,%,UNSPECIFIED,,material_property,,
13,texture,PROCESSING,,,,,manufacturing_cost_input,,
13,texture,PROCESSING,,,,,manufacturing_cost_input,,
13,texture,PROCESSING,,,,,manufacturing_cost_input,,
13,cold rolling,PROCESSING,,,,,manufacturing_cost_input,,
13,cube texture,PROCESSING,,,,,manufacturing_cost_input,,
13,recrystallisation,PROCESSING,,,,,manufacturing_cost_input,,
13,grain growth,PROCESSING,,,,,manufacturing_cost_input,,
13,B50,FLUX_DENSITY,,notation,UNSPECIFIED,,loss_parameter,,
13,texture,PROCESSING,,,,,manufacturing_cost_input,,
13,texture,PROCESSING,,,,,manufacturing_cost_input,,
13,cold rolling,PROCESSING,,,,,manufacturing_cost_input,,
13,texture,PROCESSING,,,,,manufacturing_cost_input,,
13,cold rolling,PROCESSING,,,,,manufacturing_cost_input,,
13,hot band annealing,PROCESSING,,,,,manufacturing_cost_input,,
13,texture,PROCESSING,,,,,manufacturing_cost_input,,
13,0.31% Si,SI_CONTENT,0.31,%,UNSPECIFIED,,material_property,,
13,texture,PROCESSING,,,,,manufacturing_cost_input,,
13,B50,FLUX_DENSITY,,notation,UNSPECIFIED,,loss_parameter,,
13,hot band annealing,PROCESSING,,,,,manufacturing_cost_input,,
13,hot band annealing,PROCESSING,,,,,manufacturing_cost_input,,
13,texture,PROCESSING,,,,,manufacturing_cost_input,,
13,hot rolling,PROCESSING,,,,,manufacturing_cost_input,,
13,cold rolling,PROCESSING,,,,,manufacturing_cost_input,,
13,rotated cube,PROCESSING,,,,,manufacturing_cost_input,,
13,rotated cube,PROCESSING,,,,,manufacturing_cost_input,,
13,texture,PROCESSING,,,,,manufacturing_cost_input,,
13,texture,PROCESSING,,,,,manufacturing_cost_input,,
13,recrystallisation,PROCESSING,,,,,manufacturing_cost_input,,
13,rotated cube,PROCESSING,,,,,manufacturing_cost_input,,
13,texture,PROCESSING,,,,,manufacturing_cost_input,,
13,rotated cube,PROCESSING,,,,,manufacturing_cost_input,,
13,6.5% Si,SI_CONTENT,6.5,%,UNSPECIFIED,,material_property,,
13,texture,PROCESSING,,,,,manufacturing_cost_input,,
13,cold rolling,PROCESSING,,,,,manufacturing_cost_input,,
13,cold rolling,PROCESSING,,,,,manufacturing_cost_input,,
13,hot rolling,PROCESSING,,,,,manufacturing_cost_input,,
13,texture,PROCESSING,,,,,manufacturing_cost_input,,
13,cold rolling,PROCESSING,,,,,manufacturing_cost_input,,
13,Goss texture,PROCESSING,,,,,manufacturing_cost_input,,
13,cold rolling,PROCESSING,,,,,manufacturing_cost_input,,
13,recrystallisation,PROCESSING,,,,,manufacturing_cost_input,,
13,texture,PROCESSING,,,,,manufacturing_cost_input,,
13,cold rolling,PROCESSING,,,,,manufacturing_cost_input,,
13,texture,PROCESSING,,,,,manufacturing_cost_input,,
13,0.88% Si,SI_CONTENT,0.88,%,UNSPECIFIED,,material_property,,
13,2.8% Si,SI_CONTENT,2.8,%,UNSPECIFIED,,material_property,,
13,texture,PROCESSING,,,,,manufacturing_cost_input,,
13,0.88% Si,SI_CONTENT,0.88,%,UNSPECIFIED,,material_property,,
13,texture,PROCESSING,,,,,manufacturing_cost_input,,
13,2.8% Si,SI_CONTENT,2.8,%,UNSPECIFIED,,material_property,,
13,cold rolling,PROCESSING,,,,,manufacturing_cost_input,,
13,recrystallisation,PROCESSING,,,,,manufacturing_cost_input,,
13,texture,PROCESSING,,,,,manufacturing_cost_input,,
13,2.1% Si,SI_CONTENT,2.1,%,UNSPECIFIED,,material_property,,
13,cold rolling,PROCESSING,,,,,manufacturing_cost_input,,
13,recrystallisation,PROCESSING,,,,,manufacturing_cost_input,,
13,texture,PROCESSING,,,,,manufacturing_cost_input,,
13,3.3% Si,SI_CONTENT,3.3,%,UNSPECIFIED,,material_property,,
13,cold rolling,PROCESSING,,,,,manufacturing_cost_input,,
13,cold rolling,PROCESSING,,,,,manufacturing_cost_input,,
13,recrystallisation,PROCESSING,,,,,manufacturing_cost_input,,
13,hot rolling,PROCESSING,,,,,manufacturing_cost_input,,
13,texture,PROCESSING,,,,,manufacturing_cost_input,,
13,cold rolling,PROCESSING,,,,,manufacturing_cost_input,,
13,texture,PROCESSING,,,,,manufacturing_cost_input,,
13,texture,PROCESSING,,,,,manufacturing_cost_input,,
13,texture,PROCESSING,,,,,manufacturing_cost_input,,
13,cold rolling,PROCESSING,,,,,manufacturing_cost_input,,
13,texture,PROCESSING,,,,,manufacturing_cost_input,,
13,1.8% Si,SI_CONTENT,1.8,%,UNSPECIFIED,,material_property,,
13,texture,PROCESSING,,,,,manufacturing_cost_input,,
13,anisotropy,PROCESSING,,,,,manufacturing_cost_input,,
13,temper rolling,PROCESSING,,,,,manufacturing_cost_input,,
13,texture,PROCESSING,,,,,manufacturing_cost_input,,
13,temper rolling,PROCESSING,,,,,manufacturing_cost_input,,
13,grain growth,PROCESSING,,,,,manufacturing_cost_input,,
13,texture,PROCESSING,,,,,manufacturing_cost_input,,
13,temper rolling,PROCESSING,,,,,manufacturing_cost_input,,
13,texture,PROCESSING,,,,,manufacturing_cost_input,,
13,1.3% Si,SI_CONTENT,1.3,%,UNSPECIFIED,,material_property,,
13,temper rolling,PROCESSING,,,,,manufacturing_cost_input,,
13,texture,PROCESSING,,,,,manufacturing_cost_input,,
13,recrystallisation,PROCESSING,,,,,manufacturing_cost_input,,
13,texture,PROCESSING,,,,,manufacturing_cost_input,,
13,texture,PROCESSING,,,,,manufacturing_cost_input,,
13,hot rolling,PROCESSING,,,,,manufacturing_cost_input,,
13,texture,PROCESSING,,,,,manufacturing_cost_input,,
13,cold rolling,PROCESSING,,,,,manufacturing_cost_input,,
13,texture,PROCESSING,,,,,manufacturing_cost_input,,
13,recrystallisation,PROCESSING,,,,,manufacturing_cost_input,,
13,recrystallisation,PROCESSING,,,,,manufacturing_cost_input,,
13,texture,PROCESSING,,,,,manufacturing_cost_input,,
13,texture,PROCESSING,,,,,manufacturing_cost_input,,
13,texture,PROCESSING,,,,,manufacturing_cost_input,,
13,texture,PROCESSING,,,,,manufacturing_cost_input,,
13,recrystallisation,PROCESSING,,,,,manufacturing_cost_input,,
13,recrystallisation,PROCESSING,,,,,manufacturing_cost_input,,
13,recrystallisation,PROCESSING,,,,,manufacturing_cost_input,,
13,recrystallisation,PROCESSING,,,,,manufacturing_cost_input,,
13,texture,PROCESSING,,,,,manufacturing_cost_input,,
13,texture,PROCESSING,,,,,manufacturing_cost_input,,
13,cube texture,PROCESSING,,,,,manufacturing_cost_input,,
13,recrystallisation,PROCESSING,,,,,manufacturing_cost_input,,
13,grain growth,PROCESSING,,,,,manufacturing_cost_input,,
13,Goss texture,PROCESSING,,,,,manufacturing_cost_input,,
13,0.88% Si,SI_CONTENT,0.88,%,UNSPECIFIED,,material_property,,
13,cube texture,PROCESSING,,,,,manufacturing_cost_input,,
13,Goss texture,PROCESSING,,,,,manufacturing_cost_input,,
13,grain growth,PROCESSING,,,,,manufacturing_cost_input,,
13,recrystallisation,PROCESSING,,,,,manufacturing_cost_input,,
13,recrystallisation,PROCESSING,,,,,manufacturing_cost_input,,
13,cube texture,PROCESSING,,,,,manufacturing_cost_input,,
13,texture evolution,PROCESSING,,,,,manufacturing_cost_input,,
13,0.57% Si,SI_CONTENT,0.57,%,UNSPECIFIED,,material_property,,
13,texture,PROCESSING,,,,,manufacturing_cost_input,,
13,cube texture,PROCESSING,,,,,manufacturing_cost_input,,
13,recrystallisation,PROCESSING,,,,,manufacturing_cost_input,,
13,cube texture,PROCESSING,,,,,manufacturing_cost_input,,
13,3.0% Si,SI_CONTENT,3.0,%,UNSPECIFIED,,material_property,,
13,cold rolling,PROCESSING,,,,,manufacturing_cost_input,,
13,1.2 W/kg,CORE_LOSS,1.2,W/kg,UNSPECIFIED,,loss_cost_input,,
13,1.5 T,FLUX_DENSITY,1.5,T,UNSPECIFIED,,loss_parameter,,
13,cold rolling,PROCESSING,,,,,manufacturing_cost_input,,
13,texture,PROCESSING,,,,,manufacturing_cost_input,,
13,decarburisation,PROCESSING,,,,,manufacturing_cost_input,,
13,texture,PROCESSING,,,,,manufacturing_cost_input,,
13,texture,PROCESSING,,,,,manufacturing_cost_input,,
13,recrystallisation,PROCESSING,,,,,manufacturing_cost_input,,
13,0.97% Si,SI_CONTENT,0.97,%,COMPETITOR,,material_property,,
13,cube texture,PROCESSING,,,,,manufacturing_cost_input,,
13,cube texture,PROCESSING,,,,,manufacturing_cost_input,,
13,2.8% Si,SI_CONTENT,2.8,%,UNSPECIFIED,,material_property,,
13,texture,PROCESSING,,,,,manufacturing_cost_input,,
13,texture,PROCESSING,,,,,manufacturing_cost_input,,
13,texture,PROCESSING,,,,,manufacturing_cost_input,,
13,2.8% Si,SI_CONTENT,2.8,%,UNSPECIFIED,,material_property,,
13,recrystallisation,PROCESSING,,,,,manufacturing_cost_input,,
13,recrystallisation,PROCESSING,,,,,manufacturing_cost_input,,
13,texture,PROCESSING,,,,,manufacturing_cost_input,,
13,1.3% Si,SI_CONTENT,1.3,%,UNSPECIFIED,,material_property,,
13,cube texture,PROCESSING,,,,,manufacturing_cost_input,,
13,cube texture,PROCESSING,,,,,manufacturing_cost_input,,
13,3.0% Si,SI_CONTENT,3.0,%,UNSPECIFIED,,material_property,,
13,cube texture,PROCESSING,,,,,manufacturing_cost_input,,
13,1.2% Si,SI_CONTENT,1.2,%,UNSPECIFIED,,material_property,,
13,cold rolling,PROCESSING,,,,,manufacturing_cost_input,,
13,recrystallisation,PROCESSING,,,,,manufacturing_cost_input,,
13,Goss texture,PROCESSING,,,,,manufacturing_cost_input,,
13,texture,PROCESSING,,,,,manufacturing_cost_input,,
13,texture,PROCESSING,,,,,manufacturing_cost_input,,
13,Goss texture,PROCESSING,,,,,manufacturing_cost_input,,
13,3.0% Si,SI_CONTENT,3.0,%,UNSPECIFIED,,material_property,,
13,recrystallisation,PROCESSING,,,,,manufacturing_cost_input,,
13,cube texture,PROCESSING,,,,,manufacturing_cost_input,,
13,cube texture,PROCESSING,,,,,manufacturing_cost_input,,
13,grain growth,PROCESSING,,,,,manufacturing_cost_input,,
13,recrystallisation,PROCESSING,,,,,manufacturing_cost_input,,
13,cube texture,PROCESSING,,,,,manufacturing_cost_input,,
13,Goss texture,PROCESSING,,,,,manufacturing_cost_input,,
13,cube texture,PROCESSING,,,,,manufacturing_cost_input,,
13,cube texture,PROCESSING,,,,,manufacturing_cost_input,,
13,cube texture,PROCESSING,,,,,manufacturing_cost_input,,
13,texture,PROCESSING,,,,,manufacturing_cost_input,,
13,grain growth,PROCESSING,,,,,manufacturing_cost_input,,
13,texture,PROCESSING,,,,,manufacturing_cost_input,,
13,texture,PROCESSING,,,,,manufacturing_cost_input,,
13,texture,PROCESSING,,,,,manufacturing_cost_input,,
13,insulating coating,PROCESSING,,,,,manufacturing_cost_input,,
13,punching,PROCESSING,,,,,manufacturing_cost_input,,
13,stamping,PROCESSING,,,,,manufacturing_cost_input,,
13,punchability,PROCESSING,,,,,manufacturing_cost_input,,
13,punching,PROCESSING,,,,,manufacturing_cost_input,,
13,welding,PROCESSING,,,,,manufacturing_cost_input,,
13,welding,PROCESSING,,,,,manufacturing_cost_input,,
13,welding,PROCESSING,,,,,manufacturing_cost_input,,
13,welding,PROCESSING,,,,,manufacturing_cost_input,,
13,welding,PROCESSING,,,,,manufacturing_cost_input,,
13,welding,PROCESSING,,,,,manufacturing_cost_input,,
13,welding,PROCESSING,,,,,manufacturing_cost_input,,
13,stress-relief annealing,PROCESSING,,,,,manufacturing_cost_input,,
13,interlocking,PROCESSING,,,,,manufacturing_cost_input,,
13,1.2% Si,SI_CONTENT,1.2,%,UNSPECIFIED,,material_property,,
13,2.8% Si,SI_CONTENT,2.8,%,UNSPECIFIED,,material_property,,
13,2.8% Si,SI_CONTENT,2.8,%,UNSPECIFIED,,material_property,,
13,stress-relief annealing,PROCESSING,,,,,manufacturing_cost_input,,
13,texture,PROCESSING,,,,,manufacturing_cost_input,,
13,texture,PROCESSING,,,,,manufacturing_cost_input,,
13,Goss texture,PROCESSING,,,,,manufacturing_cost_input,,
13,texture,PROCESSING,,,,,manufacturing_cost_input,,
13,recrystallisation,PROCESSING,,,,,manufacturing_cost_input,,
13,recrystallisation,PROCESSING,,,,,manufacturing_cost_input,,
13,recrystallisation,PROCESSING,,,,,manufacturing_cost_input,,
13,grain growth,PROCESSING,,,,,manufacturing_cost_input,,
13,recrystallisation,PROCESSING,,,,,manufacturing_cost_input,,
13,texture,PROCESSING,,,,,manufacturing_cost_input,,
13,texture,PROCESSING,,,,,manufacturing_cost_input,,
13,texture,PROCESSING,,,,,manufacturing_cost_input,,
13,recrystallisation,PROCESSING,,,,,manufacturing_cost_input,,
13,3.3% Si,SI_CONTENT,3.3,%,UNSPECIFIED,,material_property,,
13,texture,PROCESSING,,,,,manufacturing_cost_input,,
13,chemical vapour deposition,PROCESSING,,,,,manufacturing_cost_input,,
13,additive manufacturing,PROCESSING,,,,,manufacturing_cost_input,,
13,3D printing,PROCESSING,,,,,manufacturing_cost_input,,
13,<001> texture,PROCESSING,,,,,manufacturing_cost_input,,
13,strip casting,PROCESSING,,,,,manufacturing_cost_input,,
13,recrystallization,PROCESSING,,,,,manufacturing_cost_input,,
13,texture,PROCESSING,,,,,manufacturing_cost_input,,
13,texture,PROCESSING,,,,,manufacturing_cost_input,,
13,3.15% Si,SI_CONTENT,3.15,%,NGO,,material_property,,
13,Goss texture,PROCESSING,,,,,manufacturing_cost_input,,
13,texture,PROCESSING,,,,,manufacturing_cost_input,,
13,cold rolling,PROCESSING,,,,,manufacturing_cost_input,,
13,grain growth,PROCESSING,,,,,manufacturing_cost_input,,
13,recrystallization,PROCESSING,,,,,manufacturing_cost_input,,
13,recrystallization,PROCESSING,,,,,manufacturing_cost_input,,
13,texture,PROCESSING,,,,,manufacturing_cost_input,,
13,texture,PROCESSING,,,,,manufacturing_cost_input,,
13,3% Si,SI_CONTENT,3.0,%,UNSPECIFIED,,material_property,,
13,continuous casting,PROCESSING,,,,,manufacturing_cost_input,,
13,continuous casting,PROCESSING,,,,,manufacturing_cost_input,,
13,continuous casting,PROCESSING,,,,,manufacturing_cost_input,,
13,continuous casting,PROCESSING,,,,,manufacturing_cost_input,,
13,texture,PROCESSING,,,,,manufacturing_cost_input,,
13,recrystallization,PROCESSING,,,,,manufacturing_cost_input,,
13,thin slab casting,PROCESSING,,,,,manufacturing_cost_input,,
13,4.5 wt% silicon,SI_CONTENT,4.5,%,UNSPECIFIED,,material_property,,
13,twin-roll casting,PROCESSING,,,,,manufacturing_cost_input,,
13,strip casting,PROCESSING,,,,,manufacturing_cost_input,,
13,strip casting,PROCESSING,,,,,manufacturing_cost_input,,
13,texture,PROCESSING,,,,,manufacturing_cost_input,,
13,texture,PROCESSING,,,,,manufacturing_cost_input,,
13,strip casting,PROCESSING,,,,,manufacturing_cost_input,,
13,strip casting,PROCESSING,,,,,manufacturing_cost_input,,
13,cold rolling,PROCESSING,,,,,manufacturing_cost_input,,
13,hot rolling,PROCESSING,,,,,manufacturing_cost_input,,
13,texture,PROCESSING,,,,,manufacturing_cost_input,,
13,recrystallization,PROCESSING,,,,,manufacturing_cost_input,,
13,3% silicon,SI_CONTENT,3.0,%,UNSPECIFIED,,material_property,,
13,3% silicon,SI_CONTENT,3.0,%,UNSPECIFIED,,material_property,,
13,texture evolution,PROCESSING,,,,,manufacturing_cost_input,,
13,recrystallization,PROCESSING,,,,,manufacturing_cost_input,,
13,texture,PROCESSING,,,,,manufacturing_cost_input,,
13,hot rolling,PROCESSING,,,,,manufacturing_cost_input,,
13,texture,PROCESSING,,,,,manufacturing_cost_input,,
13,texture,PROCESSING,,,,,manufacturing_cost_input,,
13,hot band annealing,PROCESSING,,,,,manufacturing_cost_input,,
13,texture,PROCESSING,,,,,manufacturing_cost_input,,
13,texture,PROCESSING,,,,,manufacturing_cost_input,,
13,3 mass% Si,SI_CONTENT,3.0,%,UNSPECIFIED,,material_property,,
13,Goss texture,PROCESSING,,,,,manufacturing_cost_input,,
13,Goss texture,PROCESSING,,,,,manufacturing_cost_input,,
13,texture,PROCESSING,,,,,manufacturing_cost_input,,
13,3 mass% Si,SI_CONTENT,3.0,%,UNSPECIFIED,,material_property,,
13,cold rolling,PROCESSING,,,,,manufacturing_cost_input,,
13,recrystallization,PROCESSING,,,,,manufacturing_cost_input,,
13,texture,PROCESSING,,,,,manufacturing_cost_input,,
13,texture,PROCESSING,,,,,manufacturing_cost_input,,
13,recrystallization,PROCESSING,,,,,manufacturing_cost_input,,
13,texture,PROCESSING,,,,,manufacturing_cost_input,,
13,recrystallization,PROCESSING,,,,,manufacturing_cost_input,,
13,recrystallization,PROCESSING,,,,,manufacturing_cost_input,,
13,texture,PROCESSING,,,,,manufacturing_cost_input,,
13,recrystallization,PROCESSING,,,,,manufacturing_cost_input,,
13,3% silicon,SI_CONTENT,3.0,%,UNSPECIFIED,,material_property,,
13,3% Si,SI_CONTENT,3.0,%,UNSPECIFIED,,material_property,,
13,recrystallization,PROCESSING,,,,,manufacturing_cost_input,,
13,texture,PROCESSING,,,,,manufacturing_cost_input,,
13,texture,PROCESSING,,,,,manufacturing_cost_input,,
13,recrystallization,PROCESSING,,,,,manufacturing_cost_input,,
13,recrystallization,PROCESSING,,,,,manufacturing_cost_input,,
13,recrystallization,PROCESSING,,,,,manufacturing_cost_input,,
13,grain growth,PROCESSING,,,,,manufacturing_cost_input,,
13,grain growth,PROCESSING,,,,,manufacturing_cost_input,,
13,recrystallization,PROCESSING,,,,,manufacturing_cost_input,,
13,grain growth,PROCESSING,,,,,manufacturing_cost_input,,
13,grain growth,PROCESSING,,,,,manufacturing_cost_input,,
13,grain growth,PROCESSING,,,,,manufacturing_cost_input,,
13,Goss texture,PROCESSING,,,,,manufacturing_cost_input,,
13,grain growth,PROCESSING,,,,,manufacturing_cost_input,,
13,recrystallization,PROCESSING,,,,,manufacturing_cost_input,,
13,3.3% Si,SI_CONTENT,3.3,%,UNSPECIFIED,,material_property,,
13,3% silicon,SI_CONTENT,3.0,%,UNSPECIFIED,,material_property,,
13,cube texture,PROCESSING,,,,,manufacturing_cost_input,,
13,temper rolling,PROCESSING,,,,,manufacturing_cost_input,,
13,texture,PROCESSING,,,,,manufacturing_cost_input,,
13,texture,PROCESSING,,,,,manufacturing_cost_input,,
13,recrystallization,PROCESSING,,,,,manufacturing_cost_input,,
13,texture,PROCESSING,,,,,manufacturing_cost_input,,
13,texture,PROCESSING,,,,,manufacturing_cost_input,,
13,2% Si,SI_CONTENT,2.0,%,NGO,,material_property,,
13,3% Si,SI_CONTENT,3.0,%,NGO,,material_property,,
13,texture,PROCESSING,,,,,manufacturing_cost_input,,
13,texture,PROCESSING,,,,,manufacturing_cost_input,,
13,recrystallisation,PROCESSING,,,,,manufacturing_cost_input,,
13,texture,PROCESSING,,,,,manufacturing_cost_input,,
13,texture,PROCESSING,,,,,manufacturing_cost_input,,
13,texture,PROCESSING,,,,,manufacturing_cost_input,,
13,texture,PROCESSING,,,,,manufacturing_cost_input,,
13,texture,PROCESSING,,,,,manufacturing_cost_input,,
13,2% Si,SI_CONTENT,2.0,%,NGO,,material_property,,
13,2.4 wt% Si,SI_CONTENT,2.4,%,NGO,,material_property,,
13,texture,PROCESSING,,,,,manufacturing_cost_input,,
13,cold rolling,PROCESSING,,,,,manufacturing_cost_input,,
13,texture,PROCESSING,,,,,manufacturing_cost_input,,
13,1.2% Si,SI_CONTENT,1.2,%,UNSPECIFIED,,material_property,,
13,texture,PROCESSING,,,,,manufacturing_cost_input,,
13,6.5 wt% Si,SI_CONTENT,6.5,%,UNSPECIFIED,,material_property,,
13,NKB-CORE,GRADE_BRAND,,,,,material_cost_input,,
13,texture,PROCESSING,,,,,manufacturing_cost_input,,
13,texture,PROCESSING,,,,,manufacturing_cost_input,,
13,texture,PROCESSING,,,,,manufacturing_cost_input,,
13,strip casting,PROCESSING,,,,,manufacturing_cost_input,,
13,strip casting,PROCESSING,,,,,manufacturing_cost_input,,
13,texture,PROCESSING,,,,,manufacturing_cost_input,,
13,4.3 wt% Si,SI_CONTENT,4.3,%,UNSPECIFIED,,material_property,,
13,texture,PROCESSING,,,,,manufacturing_cost_input,,
13,strip casting,PROCESSING,,,,,manufacturing_cost_input,,
13,texture,PROCESSING,,,,,manufacturing_cost_input,,
13,strip casting,PROCESSING,,,,,manufacturing_cost_input,,
13,hot rolling,PROCESSING,,,,,manufacturing_cost_input,,
13,2.0% Si,SI_CONTENT,2.0,%,NGO,,material_property,,
13,hot rolling,PROCESSING,,,,,manufacturing_cost_input,,
13,hot rolling,PROCESSING,,,,,manufacturing_cost_input,,
13,3% Si,SI_CONTENT,3.0,%,NGO,,material_property,,
13,cold rolling,PROCESSING,,,,,manufacturing_cost_input,,
13,texture,PROCESSING,,,,,manufacturing_cost_input,,
13,texture,PROCESSING,,,,,manufacturing_cost_input,,
13,anisotropy,PROCESSING,,,,,manufacturing_cost_input,,
13,hot band annealing,PROCESSING,,,,,manufacturing_cost_input,,
13,cold rolling,PROCESSING,,,,,manufacturing_cost_input,,
13,recrystallization,PROCESSING,,,,,manufacturing_cost_input,,
13,texture,PROCESSING,,,,,manufacturing_cost_input,,
13,texture,PROCESSING,,,,,manufacturing_cost_input,,
13,texture evolution,PROCESSING,,,,,manufacturing_cost_input,,
13,texture,PROCESSING,,,,,manufacturing_cost_input,,
13,hot rolling,PROCESSING,,,,,manufacturing_cost_input,,
13,texture,PROCESSING,,,,,manufacturing_cost_input,,
13,strip casting,PROCESSING,,,,,manufacturing_cost_input,,
13,cold rolling,PROCESSING,,,,,manufacturing_cost_input,,
13,hot band annealing,PROCESSING,,,,,manufacturing_cost_input,,
13,texture,PROCESSING,,,,,manufacturing_cost_input,,
13,strip casting,PROCESSING,,,,,manufacturing_cost_input,,
13,2.0% Si,SI_CONTENT,2.0,%,NGO,,material_property,,
13,cold rolling,PROCESSING,,,,,manufacturing_cost_input,,
13,0.9 wt% silicon,SI_CONTENT,0.9,%,NGO,,material_property,,
13,cold rolling,PROCESSING,,,,,manufacturing_cost_input,,
13,recrystallization,PROCESSING,,,,,manufacturing_cost_input,,
13,texture,PROCESSING,,,,,manufacturing_cost_input,,
13,3% Si,SI_CONTENT,3.0,%,NGO,,material_property,,
13,cold rolling,PROCESSING,,,,,manufacturing_cost_input,,
13,recrystallization,PROCESSING,,,,,manufacturing_cost_input,,
13,texture,PROCESSING,,,,,manufacturing_cost_input,,
13,texture,PROCESSING,,,,,manufacturing_cost_input,,
13,texture,PROCESSING,,,,,manufacturing_cost_input,,
13,hot rolling,PROCESSING,,,,,manufacturing_cost_input,,
13,recrystallization,PROCESSING,,,,,manufacturing_cost_input,,
13,texture,PROCESSING,,,,,manufacturing_cost_input,,
13,texture evolution,PROCESSING,,,,,manufacturing_cost_input,,
13,3.3% Si,SI_CONTENT,3.3,%,NGO,,material_property,,
13,hot rolling,PROCESSING,,,,,manufacturing_cost_input,,
13,texture,PROCESSING,,,,,manufacturing_cost_input,,
13,texture,PROCESSING,,,,,manufacturing_cost_input,,
13,temper rolling,PROCESSING,,,,,manufacturing_cost_input,,
13,texture,PROCESSING,,,,,manufacturing_cost_input,,
13,temper rolling,PROCESSING,,,,,manufacturing_cost_input,,
13,texture,PROCESSING,,,,,manufacturing_cost_input,,
13,recrystallization,PROCESSING,,,,,manufacturing_cost_input,,
13,recrystallization,PROCESSING,,,,,manufacturing_cost_input,,
13,texture,PROCESSING,,,,,manufacturing_cost_input,,
13,texture,PROCESSING,,,,,manufacturing_cost_input,,
13,texture,PROCESSING,,,,,manufacturing_cost_input,,
13,texture,PROCESSING,,,,,manufacturing_cost_input,,
13,17A338,GRADE,,,UNSPECIFIED,,material_cost_input,0.17,2.059
13,recrystallization,PROCESSING,,,,,manufacturing_cost_input,,
13,texture,PROCESSING,,,,,manufacturing_cost_input,,
13,twin-roll casting,PROCESSING,,,,,manufacturing_cost_input,,
13,Goss texture,PROCESSING,,,,,manufacturing_cost_input,,
13,cube texture,PROCESSING,,,,,manufacturing_cost_input,,
13,3 wt% si,SI_CONTENT,3.0,%,UNSPECIFIED,,material_property,,
13,grain growth,PROCESSING,,,,,manufacturing_cost_input,,
13,cube texture,PROCESSING,,,,,manufacturing_cost_input,,
13,texture,PROCESSING,,,,,manufacturing_cost_input,,
13,welding,PROCESSING,,,,,manufacturing_cost_input,,
13,welding,PROCESSING,,,,,manufacturing_cost_input,,
13,interlocking,PROCESSING,,,,,manufacturing_cost_input,,
13,additive manufacturing,PROCESSING,,,,,manufacturing_cost_input,,
13,4 wt% Si,SI_CONTENT,4.0,%,UNSPECIFIED,,material_property,,
13,strip casting,PROCESSING,,,,,manufacturing_cost_input,,
15,additive manufacturing,PROCESSING,,,,,manufacturing_cost_input,,
15,stator,APPLICATION,,,,,model_selector,,
15,rotor,APPLICATION,,,,,model_selector,,
15,recrystallization,PROCESSING,,,,,manufacturing_cost_input,,
15,recrystallization,PROCESSING,,,,,manufacturing_cost_input,,
15,texture,PROCESSING,,,,,manufacturing_cost_input,,
15,recrystallization,PROCESSING,,,,,manufacturing_cost_input,,
15,texture,PROCESSING,,,,,manufacturing_cost_input,,
15,recrystallization,PROCESSING,,,,,manufacturing_cost_input,,
15,texture,PROCESSING,,,,,manufacturing_cost_input,,
15,hot rolling,PROCESSING,,,,,manufacturing_cost_input,,
15,texture,PROCESSING,,,,,manufacturing_cost_input,,
15,texture,PROCESSING,,,,,manufacturing_cost_input,,
15,texture,PROCESSING,,,,,manufacturing_cost_input,,
15,hot rolling,PROCESSING,,,,,manufacturing_cost_input,,
15,cold rolling,PROCESSING,,,,,manufacturing_cost_input,,
15,grain growth,PROCESSING,,,,,manufacturing_cost_input,,
15,hot band annealing,PROCESSING,,,,,manufacturing_cost_input,,
15,texture,PROCESSING,,,,,manufacturing_cost_input,,
15,2.97% silicon,SI_CONTENT,2.97,%,UNSPECIFIED,,material_property,,
15,hot band annealing,PROCESSING,,,,,manufacturing_cost_input,,
15,recrystallization,PROCESSING,,,,,manufacturing_cost_input,,
15,texture,PROCESSING,,,,,manufacturing_cost_input,,
15,texture,PROCESSING,,,,,manufacturing_cost_input,,
15,hot band annealing,PROCESSING,,,,,manufacturing_cost_input,,
15,texture,PROCESSING,,,,,manufacturing_cost_input,,
15,texture,PROCESSING,,,,,manufacturing_cost_input,,
15,power transformer,APPLICATION,,,,,model_selector,,
15,additive manufacturing,PROCESSING,,,,,manufacturing_cost_input,,
15,3D printing,PROCESSING,,,,,manufacturing_cost_input,,
15,additive manufacturing,PROCESSING,,,,,manufacturing_cost_input,,
15,additive manufacturing,PROCESSING,,,,,manufacturing_cost_input,,
15,additive manufacturing,PROCESSING,,,,,manufacturing_cost_input,,
15,additive manufacturing,PROCESSING,,,,,manufacturing_cost_input,,
15,additive manufacturing,PROCESSING,,,,,manufacturing_cost_input,,
15,additive manufacturing,PROCESSING,,,,,manufacturing_cost_input,,
15,additive manufacturing,PROCESSING,,,,,manufacturing_cost_input,,
15,Goss texture,PROCESSING,,,,,manufacturing_cost_input,,
15,cold rolling,PROCESSING,,,,,manufacturing_cost_input,,
15,cold rolling,PROCESSING,,,,,manufacturing_cost_input,,
15,B50,FLUX_DENSITY,,notation,UNSPECIFIED,,loss_parameter,,
15,hot rolling,PROCESSING,,,,,manufacturing_cost_input,,
15,15.6 W/kg,CORE_LOSS,15.6,W/kg,UNSPECIFIED,,loss_cost_input,,
15,cold rolling,PROCESSING,,,,,manufacturing_cost_input,,
15,texture,PROCESSING,,,,,manufacturing_cost_input,,
15,B50,FLUX_DENSITY,,notation,UNSPECIFIED,,loss_parameter,,
15,texture,PROCESSING,,,,,manufacturing_cost_input,,
15,cold rolling,PROCESSING,,,,,manufacturing_cost_input,,
15,texture,PROCESSING,,,,,manufacturing_cost_input,,
15,anisotropy,PROCESSING,,,,,manufacturing_cost_input,,
15,Goss texture,PROCESSING,,,,,manufacturing_cost_input,,
15,power transformer,APPLICATION,,,,,model_selector,,
15,anisotropy,PROCESSING,,,,,manufacturing_cost_input,,
15,Goss texture,PROCESSING,,,,,manufacturing_cost_input,,
15,B8,FLUX_DENSITY,,notation,UNSPECIFIED,,loss_parameter,,
15,0.57% silicon,SI_CONTENT,0.57,%,UNSPECIFIED,,material_property,,
15,cold rolling,PROCESSING,,,,,manufacturing_cost_input,,
15,cold rolling,PROCESSING,,,,,manufacturing_cost_input,,
15,cold rolling,PROCESSING,,,,,manufacturing_cost_input,,
15,texture,PROCESSING,,,,,manufacturing_cost_input,,
15,cold rolling,PROCESSING,,,,,manufacturing_cost_input,,
15,laser cutting,PROCESSING,,,,,manufacturing_cost_input,,
15,anisotropy,PROCESSING,,,,,manufacturing_cost_input,,
15,texture,PROCESSING,,,,,manufacturing_cost_input,,
15,grain growth,PROCESSING,,,,,manufacturing_cost_input,,
15,recrystallization,PROCESSING,,,,,manufacturing_cost_input,,
15,domain refinement,PROCESSING,,,,,manufacturing_cost_input,,
15,grain growth,PROCESSING,,,,,manufacturing_cost_input,,
15,texture,PROCESSING,,,,,manufacturing_cost_input,,
15,hot rolling,PROCESSING,,,,,manufacturing_cost_input,,
15,cold rolling,PROCESSING,,,,,manufacturing_cost_input,,
15,cold rolling,PROCESSING,,,,,manufacturing_cost_input,,
15,anisotropy,PROCESSING,,,,,manufacturing_cost_input,,
15,1.7 T,FLUX_DENSITY,1.7,T,UNSPECIFIED,,loss_parameter,,
15,recrystallization,PROCESSING,,,,,manufacturing_cost_input,,
15,recrystallization,PROCESSING,,,,,manufacturing_cost_input,,
15,recrystallization,PROCESSING,,,,,manufacturing_cost_input,,
15,texture,PROCESSING,,,,,manufacturing_cost_input,,
15,2.6 W/kg,CORE_LOSS,2.6,W/kg,UNSPECIFIED,,loss_cost_input,,
15,16.337 W/kg,CORE_LOSS,16.337,W/kg,UNSPECIFIED,,loss_cost_input,,
15,3.2 W/kg,CORE_LOSS,3.2,W/kg,UNSPECIFIED,,loss_cost_input,,
15,17.695 W/kg,CORE_LOSS,17.695,W/kg,UNSPECIFIED,,loss_cost_input,,
15,B50,FLUX_DENSITY,,notation,UNSPECIFIED,,loss_parameter,,
15,recrystallization,PROCESSING,,,,,manufacturing_cost_input,,
15,texture,PROCESSING,,,,,manufacturing_cost_input,,
15,anisotropy,PROCESSING,,,,,manufacturing_cost_input,,
15,anisotropy,PROCESSING,,,,,manufacturing_cost_input,,
15,Goss texture,PROCESSING,,,,,manufacturing_cost_input,,
15,anisotropy,PROCESSING,,,,,manufacturing_cost_input,,
15,anisotropy,PROCESSING,,,,,manufacturing_cost_input,,
15,SRM,APPLICATION,,,,,model_selector,,
15,NO20,GRADE,,,UNSPECIFIED,,material_cost_input,0.2,1.75
15,stator,APPLICATION,,,,,model_selector,,
15,backlack bonding,PROCESSING,,,,,manufacturing_cost_input,,
15,laser cutting,PROCESSING,,,,,manufacturing_cost_input,,
15,texture,PROCESSING,,,,,manufacturing_cost_input,,
15,6.5% Si,SI_CONTENT,6.5,%,UNSPECIFIED,,material_property,,
15,permanent magnet synchronous machine,APPLICATION,,,,,model_selector,,
15,6.5% Si,SI_CONTENT,6.5,%,UNSPECIFIED,,material_property,,
15,texture,PROCESSING,,,,,manufacturing_cost_input,,
15,2.69 W/kg,CORE_LOSS,2.69,W/kg,UNSPECIFIED,,loss_cost_input,,
15,B50,FLUX_DENSITY,,notation,UNSPECIFIED,,loss_parameter,,
15,anisotropy,PROCESSING,,,,,manufacturing_cost_input,,
15,texture,PROCESSING,,,,,manufacturing_cost_input,,
15,recrystallization,PROCESSING,,,,,manufacturing_cost_input,,
15,texture evolution,PROCESSING,,,,,manufacturing_cost_input,,
15,strip casting,PROCESSING,,,,,manufacturing_cost_input,,
15,selective laser melting,PROCESSING,,,,,manufacturing_cost_input,,
15,stator,APPLICATION,,,,,model_selector,,
15,additive manufacturing,PROCESSING,,,,,manufacturing_cost_input,,
15,recrystallization,PROCESSING,,,,,manufacturing_cost_input,,
15,recrystallization,PROCESSING,,,,,manufacturing_cost_input,,
15,recrystallization,PROCESSING,,,,,manufacturing_cost_input,,
15,recrystallization,PROCESSING,,,,,manufacturing_cost_input,,
15,cold rolling,PROCESSING,,,,,manufacturing_cost_input,,
15,hot band annealing,PROCESSING,,,,,manufacturing_cost_input,,
15,texture,PROCESSING,,,,,manufacturing_cost_input,,
15,additive manufacturing,PROCESSING,,,,,manufacturing_cost_input,,
15,recrystallization,PROCESSING,,,,,manufacturing_cost_input,,
18,texture,PROCESSING,,,,,manufacturing_cost_input,,
18,texture,PROCESSING,,,,,manufacturing_cost_input,,
18,high-speed motor,APPLICATION,,,,,model_selector,,
18,anisotropy,PROCESSING,,,,,manufacturing_cost_input,,
18,texture,PROCESSING,,,,,manufacturing_cost_input,,
18,rotating machine,APPLICATION,,,,,model_selector,,
18,35H series,GRADE_BRAND,,,,,material_cost_input,0.35,1.0
18,W10/400,CORE_LOSS,,notation,UNSPECIFIED,,loss_cost_input,,
18,texture,PROCESSING,,,,,manufacturing_cost_input,,
18,texture,PROCESSING,,,,,manufacturing_cost_input,,
18,texture,PROCESSING,,,,,manufacturing_cost_input,,
18,texture,PROCESSING,,,,,manufacturing_cost_input,,
18,texture,PROCESSING,,,,,manufacturing_cost_input,,
18,texture,PROCESSING,,,,,manufacturing_cost_input,,
18,recrystallization,PROCESSING,,,,,manufacturing_cost_input,,
18,cold rolling,PROCESSING,,,,,manufacturing_cost_input,,
18,texture,PROCESSING,,,,,manufacturing_cost_input,,
18,texture,PROCESSING,,,,,manufacturing_cost_input,,
18,texture,PROCESSING,,,,,manufacturing_cost_input,,
18,grain growth,PROCESSING,,,,,manufacturing_cost_input,,
18,hot rolling,PROCESSING,,,,,manufacturing_cost_input,,
18,hot rolling,PROCESSING,,,,,manufacturing_cost_input,,
18,texture,PROCESSING,,,,,manufacturing_cost_input,,
18,recrystallization,PROCESSING,,,,,manufacturing_cost_input,,
18,cold rolling,PROCESSING,,,,,manufacturing_cost_input,,
18,texture,PROCESSING,,,,,manufacturing_cost_input,,
18,texture,PROCESSING,,,,,manufacturing_cost_input,,
18,texture,PROCESSING,,,,,manufacturing_cost_input,,
18,cold rolling,PROCESSING,,,,,manufacturing_cost_input,,
18,final annealing,PROCESSING,,,,,manufacturing_cost_input,,
18,final annealing,PROCESSING,,,,,manufacturing_cost_input,,
18,texture,PROCESSING,,,,,manufacturing_cost_input,,
18,recrystallization,PROCESSING,,,,,manufacturing_cost_input,,
18,grain growth,PROCESSING,,,,,manufacturing_cost_input,,
18,final annealing,PROCESSING,,,,,manufacturing_cost_input,,
18,hot rolling,PROCESSING,,,,,manufacturing_cost_input,,
18,recrystallization,PROCESSING,,,,,manufacturing_cost_input,,
18,cold rolling,PROCESSING,,,,,manufacturing_cost_input,,
18,texture,PROCESSING,,,,,manufacturing_cost_input,,
18,cold rolling,PROCESSING,,,,,manufacturing_cost_input,,
18,recrystallization,PROCESSING,,,,,manufacturing_cost_input,,
18,texture,PROCESSING,,,,,manufacturing_cost_input,,
18,cold rolling,PROCESSING,,,,,manufacturing_cost_input,,
18,cold rolling,PROCESSING,,,,,manufacturing_cost_input,,
18,texture,PROCESSING,,,,,manufacturing_cost_input,,
18,cold rolling,PROCESSING,,,,,manufacturing_cost_input,,
18,final annealing,PROCESSING,,,,,manufacturing_cost_input,,
18,texture,PROCESSING,,,,,manufacturing_cost_input,,
18,cold rolling,PROCESSING,,,,,manufacturing_cost_input,,
18,texture,PROCESSING,,,,,manufacturing_cost_input,,
18,recrystallization,PROCESSING,,,,,manufacturing_cost_input,,
18,texture,PROCESSING,,,,,manufacturing_cost_input,,
18,20HTH1200,GRADE,,,UNSPECIFIED,,material_cost_input,0.2,1.75
18,20HTH1500,GRADE,,,UNSPECIFIED,,material_cost_input,0.2,1.75
18,20HTH1800,GRADE,,,UNSPECIFIED,,material_cost_input,0.2,1.75
18,35H250,GRADE,,,UNSPECIFIED,,material_cost_input,0.35,1.0
18,50H310,GRADE,,,UNSPECIFIED,,material_cost_input,0.5,0.7
18,W15/50,CORE_LOSS,,notation,UNSPECIFIED,,loss_cost_input,,
18,50H600,GRADE,,,UNSPECIFIED,,material_cost_input,0.5,0.7
18,35H250,GRADE,,,UNSPECIFIED,,material_cost_input,0.35,1.0
18,20HTH1500,GRADE,,,UNSPECIFIED,,material_cost_input,0.2,1.75
18,15HTH1000,GRADE,,,UNSPECIFIED,,material_cost_input,0.15,2.333
18,50H310,GRADE,,,UNSPECIFIED,,material_cost_input,0.5,0.7
18,20HTH1800,GRADE,,,UNSPECIFIED,,material_cost_input,0.2,1.75
18,20HTH1200,GRADE,,,UNSPECIFIED,,material_cost_input,0.2,1.75
18,15HST780Y,GRADE,,,UNSPECIFIED,,material_cost_input,0.15,2.333
18,20HST570Y,GRADE,,,UNSPECIFIED,,material_cost_input,0.2,1.75
18,20HST780Y,GRADE,,,UNSPECIFIED,,material_cost_input,0.2,1.75
18,35H250,GRADE,,,UNSPECIFIED,,material_cost_input,0.35,1.0
18,50H310,GRADE,,,UNSPECIFIED,,material_cost_input,0.5,0.7
18,20HST570Y,GRADE,,,UNSPECIFIED,,material_cost_input,0.2,1.75
18,35H250,GRADE,,,UNSPECIFIED,,material_cost_input,0.35,1.0
18,15HST780Y,GRADE,,,NGO,,material_cost_input,0.15,2.333
18,texture,PROCESSING,,,,,manufacturing_cost_input,,
19,rotor,APPLICATION,,,,,model_selector,,
19,stator,APPLICATION,,,,,model_selector,,
19,M270-50A,GRADE,,,UNSPECIFIED,,material_cost_input,0.5,0.7
19,2.7 W/kg,CORE_LOSS,2.7,W/kg,UNSPECIFIED,,loss_cost_input,,
19,1.5 T,FLUX_DENSITY,1.5,T,UNSPECIFIED,,loss_parameter,,
19,NO20,GRADE,,,UNSPECIFIED,,material_cost_input,0.2,1.75
19,1.3 W/kg,CORE_LOSS,1.3,W/kg,UNSPECIFIED,,loss_cost_input,,
19,1.0 T,FLUX_DENSITY,1.0,T,UNSPECIFIED,,loss_parameter,,
19,wind generator,APPLICATION,,,,,model_selector,,
19,M235-35A,GRADE,,,UNSPECIFIED,,material_cost_input,0.35,1.0
19,M270-50A,GRADE,,,UNSPECIFIED,,material_cost_input,0.5,0.7
19,M235-35A,GRADE,,,UNSPECIFIED,,material_cost_input,0.35,1.0
19,M235-35A,GRADE,,,UNSPECIFIED,,material_cost_input,0.35,1.0
19,stator,APPLICATION,,,,,model_selector,,
19,rotor,APPLICATION,,,,,model_selector,,
19,stator,APPLICATION,,,,,model_selector,,
19,M270-35A,GRADE,,,UNSPECIFIED,,material_cost_input,0.35,1.0
19,M235-35A,GRADE,,,UNSPECIFIED,,material_cost_input,0.35,1.0
19,M270-35A,GRADE,,,UNSPECIFIED,,material_cost_input,0.35,1.0
19,M235-35A,GRADE,,,UNSPECIFIED,,material_cost_input,0.35,1.0
19,texture,PROCESSING,,,,,manufacturing_cost_input,,
19,texture,PROCESSING,,,,,manufacturing_cost_input,,
19,cube texture,PROCESSING,,,,,manufacturing_cost_input,,
19,hot rolling,PROCESSING,,,,,manufacturing_cost_input,,
19,cold rolling,PROCESSING,,,,,manufacturing_cost_input,,
19,cold rolling,PROCESSING,,,,,manufacturing_cost_input,,
19,0.1 T,FLUX_DENSITY,0.1,T,UNSPECIFIED,,loss_parameter,,
19,1.8 T,FLUX_DENSITY,1.8,T,UNSPECIFIED,,loss_parameter,,
19,anisotropy,PROCESSING,,,,,manufacturing_cost_input,,
19,texture,PROCESSING,,,,,manufacturing_cost_input,,
19,texture,PROCESSING,,,,,manufacturing_cost_input,,
19,texture,PROCESSING,,,,,manufacturing_cost_input,,
19,texture,PROCESSING,,,,,manufacturing_cost_input,,
19,1.5 T,FLUX_DENSITY,1.5,T,UNSPECIFIED,,loss_parameter,,
19,hot rolling,PROCESSING,,,,,manufacturing_cost_input,,
19,cold rolling,PROCESSING,,,,,manufacturing_cost_input,,
19,1.5 T,FLUX_DENSITY,1.5,T,UNSPECIFIED,,loss_parameter,,
19,1.5 T,FLUX_DENSITY,1.5,T,UNSPECIFIED,,loss_parameter,,
19,1.5 T,FLUX_DENSITY,1.5,T,UNSPECIFIED,,loss_parameter,,
19,1.0 T,FLUX_DENSITY,1.0,T,UNSPECIFIED,,loss_parameter,,
19,1.5 T,FLUX_DENSITY,1.5,T,UNSPECIFIED,,loss_parameter,,
19,texture,PROCESSING,,,,,manufacturing_cost_input,,
19,texture,PROCESSING,,,,,manufacturing_cost_input,,
19,texture,PROCESSING,,,,,manufacturing_cost_input,,
19,grain growth,PROCESSING,,,,,manufacturing_cost_input,,
19,1.0 T,FLUX_DENSITY,1.0,T,UNSPECIFIED,,loss_parameter,,
19,texture,PROCESSING,,,,,manufacturing_cost_input,,
19,anisotropy,PROCESSING,,,,,manufacturing_cost_input,,
19,anisotropy,PROCESSING,,,,,manufacturing_cost_input,,
19,anisotropy,PROCESSING,,,,,manufacturing_cost_input,,
19,anisotropy,PROCESSING,,,,,manufacturing_cost_input,,
19,permanent magnet synchronous machine,APPLICATION,,,,,model_selector,,
19,PMSM,APPLICATION,,,,,model_selector,,
19,electric vehicle,APPLICATION,,,,,model_selector,,
19,PMSM,APPLICATION,,,,,model_selector,,
19,PMSM,APPLICATION,,,,,model_selector,,
19,PMSM,APPLICATION,,,,,model_selector,,
19,PMSM,APPLICATION,,,,,model_selector,,
19,rotor,APPLICATION,,,,,model_selector,,
19,stator core,APPLICATION,,,,,model_selector,,
19,stator,APPLICATION,,,,,model_selector,,
19,rotor,APPLICATION,,,,,model_selector,,
19,stator,APPLICATION,,,,,model_selector,,
19,stator,APPLICATION,,,,,model_selector,,
19,stator,APPLICATION,,,,,model_selector,,
19,hot rolling,PROCESSING,,,,,manufacturing_cost_input,,
19,cold rolling,PROCESSING,,,,,manufacturing_cost_input,,
19,electric vehicle,APPLICATION,,,,,model_selector,,
19,cold rolling,PROCESSING,,,,,manufacturing_cost_input,,
19,texture,PROCESSING,,,,,manufacturing_cost_input,,
19,texture,PROCESSING,,,,,manufacturing_cost_input,,
19,texture evolution,PROCESSING,,,,,manufacturing_cost_input,,
19,texture,PROCESSING,,,,,manufacturing_cost_input,,
19,3.15% Si,SI_CONTENT,3.15,%,NGO,,material_property,,
19,PMSM,APPLICATION,,,,,model_selector,,
19,17A319,GRADE,,,UNSPECIFIED,,material_cost_input,0.17,2.059
19,texture,PROCESSING,,,,,manufacturing_cost_input,,
20,EV,APPLICATION,,,,,model_selector,,
20,EV,APPLICATION,,,,,model_selector,,
20,electric vehicle,APPLICATION,,,,,model_selector,,
20,EV,APPLICATION,,,,,model_selector,,
20,EV,APPLICATION,,,,,model_selector,,
20,EV,APPLICATION,,,,,model_selector,,
20,EV,APPLICATION,,,,,model_selector,,
20,electric vehicle,APPLICATION,,,,,model_selector,,
20,EV,APPLICATION,,,,,model_selector,,
20,electric traction motor,APPLICATION,,,,,model_selector,,
20,EV,APPLICATION,,,,,model_selector,,
20,EV,APPLICATION,,,,,model_selector,,
20,EV,APPLICATION,,,,,model_selector,,
20,EV,APPLICATION,,,,,model_selector,,
20,EV,APPLICATION,,,,,model_selector,,
20,EV,APPLICATION,,,,,model_selector,,
20,EV,APPLICATION,,,,,model_selector,,
20,EV,APPLICATION,,,,,model_selector,,
20,EV,APPLICATION,,,,,model_selector,,
20,EV traction motor,APPLICATION,,,,,model_selector,,
20,EV,APPLICATION,,,,,model_selector,,
20,EV traction motor,APPLICATION,,,,,model_selector,,
20,PMSM,APPLICATION,,,,,model_selector,,
20,SynRM,APPLICATION,,,,,model_selector,,
20,EV,APPLICATION,,,,,model_selector,,
20,PMSM,APPLICATION,,,,,model_selector,,
20,IPM,APPLICATION,,,,,model_selector,,
20,SynRM,APPLICATION,,,,,model_selector,,
20,SynRM,APPLICATION,,,,,model_selector,,
20,PMSM,APPLICATION,,,,,model_selector,,
20,SRM,APPLICATION,,,,,model_selector,,
20,rotor,APPLICATION,,,,,model_selector,,
20,EV,APPLICATION,,,,,model_selector,,
20,PMSM,APPLICATION,,,,,model_selector,,
20,EV,APPLICATION,,,,,model_selector,,
20,PMSM,APPLICATION,,,,,model_selector,,
20,PMSM,APPLICATION,,,,,model_selector,,
20,PMSM,APPLICATION,,,,,model_selector,,
20,PMSM,APPLICATION,,,,,model_selector,,
20,PMSM,APPLICATION,,,,,model_selector,,
20,PMSM,APPLICATION,,,,,model_selector,,
20,IPM,APPLICATION,,,,,model_selector,,
20,SynRM,APPLICATION,,,,,model_selector,,
20,IPM,APPLICATION,,,,,model_selector,,
20,SynRM,APPLICATION,,,,,model_selector,,
20,PMSM,APPLICATION,,,,,model_selector,,
20,PMSM,APPLICATION,,,,,model_selector,,
20,PMSM,APPLICATION,,,,,model_selector,,
20,SRM,APPLICATION,,,,,model_selector,,
20,EV,APPLICATION,,,,,model_selector,,
20,EV,APPLICATION,,,,,model_selector,,
20,EV,APPLICATION,,,,,model_selector,,
20,PMSM,APPLICATION,,,,,model_selector,,
20,EV,APPLICATION,,,,,model_selector,,
20,EV,APPLICATION,,,,,model_selector,,
20,generator,APPLICATION,,,,,model_selector,,
20,EV traction motor,APPLICATION,,,,,model_selector,,
20,EV,APPLICATION,,,,,model_selector,,
20,EV,APPLICATION,,,,,model_selector,,
20,EV,APPLICATION,,,,,model_selector,,
20,EV,APPLICATION,,,,,model_selector,,
20,EV,APPLICATION,,,,,model_selector,,
20,EV,APPLICATION,,,,,model_selector,,
20,EV,APPLICATION,,,,,model_selector,,
20,EV,APPLICATION,,,,,model_selector,,
20,anisotropy,PROCESSING,,,,,manufacturing_cost_input,,
20,EV,APPLICATION,,,,,model_selector,,
20,additive manufacturing,PROCESSING,,,,,manufacturing_cost_input,,
20,SynRM,APPLICATION,,,,,model_selector,,
20,EV,APPLICATION,,,,,model_selector,,
20,EV,APPLICATION,,,,,model_selector,,
20,PMSM,APPLICATION,,,,,model_selector,,
20,EV,APPLICATION,,,,,model_selector,,
20,EV,APPLICATION,,,,,model_selector,,
20,EV,APPLICATION,,,,,model_selector,,
20,PMSM,APPLICATION,,,,,model_selector,,
20,EV,APPLICATION,,,,,model_selector,,
20,EV,APPLICATION,,,,,model_selector,,
20,BEV,APPLICATION,,,,,model_selector,,
20,electric vehicle,APPLICATION,,,,,model_selector,,
20,PHEV,APPLICATION,,,,,model_selector,,
20,hybrid electric vehicle,APPLICATION,,,,,model_selector,,
20,PMSM,APPLICATION,,,,,model_selector,,
20,SRM,APPLICATION,,,,,model_selector,,
20,IPM,APPLICATION,,,,,model_selector,,
20,SynRM,APPLICATION,,,,,model_selector,,
20,HEV,APPLICATION,,,,,model_selector,,
20,electric vehicle,APPLICATION,,,,,model_selector,,
20,electric vehicle,APPLICATION,,,,,model_selector,,
20,electric vehicle,APPLICATION,,,,,model_selector,,
20,electric vehicle,APPLICATION,,,,,model_selector,,
20,EV,APPLICATION,,,,,model_selector,,
20,EV,APPLICATION,,,,,model_selector,,
20,electric vehicle,APPLICATION,,,,,model_selector,,
20,switched reluctance motor,APPLICATION,,,,,model_selector,,
20,EV,APPLICATION,,,,,model_selector,,
20,HEV,APPLICATION,,,,,model_selector,,
20,EV,APPLICATION,,,,,model_selector,,
20,EV,APPLICATION,,,,,model_selector,,
20,EV,APPLICATION,,,,,model_selector,,
20,EV,APPLICATION,,,,,model_selector,,
20,EV,APPLICATION,,,,,model_selector,,
20,EV,APPLICATION,,,,,model_selector,,
20,EV,APPLICATION,,,,,model_selector,,
20,hybrid electric vehicle,APPLICATION,,,,,model_selector,,
20,EV,APPLICATION,,,,,model_selector,,
20,stator core,APPLICATION,,,,,model_selector,,
20,electric vehicle,APPLICATION,,,,,model_selector,,
20,permanent magnet synchronous machine,APPLICATION,,,,,model_selector,,
20,6.5% Silicon,SI_CONTENT,6.5,%,UNSPECIFIED,,material_property,,
20,anisotropy,PROCESSING,,,,,manufacturing_cost_input,,
20,EV,APPLICATION,,,,,model_selector,,
20,HEV,APPLICATION,,,,,model_selector,,
20,stator,APPLICATION,,,,,model_selector,,
20,IPM,APPLICATION,,,,,model_selector,,
20,electric vehicle,APPLICATION,,,,,model_selector,,
20,EV,APPLICATION,,,,,model_selector,,
21,3% silicon,SI_CONTENT,3.0,%,UNSPECIFIED,,material_property,,
21,power transformer,APPLICATION,,,,,model_selector,,
21,power transformer,APPLICATION,,,,,model_selector,,
21,2 W/kg,CORE_LOSS,2.0,W/kg,UNSPECIFIED,,loss_cost_input,,
21,1.0 T,FLUX_DENSITY,1.0,T,UNSPECIFIED,,loss_parameter,,
21,cold rolling,PROCESSING,,,,,manufacturing_cost_input,,
21,texture,PROCESSING,,,,,manufacturing_cost_input,,
21,punching,PROCESSING,,,,,manufacturing_cost_input,,
21,texture,PROCESSING,,,,,manufacturing_cost_input,,
21,1.5 T,FLUX_DENSITY,1.5,T,UNSPECIFIED,,loss_parameter,,
21,7 W/kg,CORE_LOSS,7.0,W/kg,UNSPECIFIED,,loss_cost_input,,
21,2 W/kg,CORE_LOSS,2.0,W/kg,UNSPECIFIED,,loss_cost_input,,
21,cold rolling,PROCESSING,,,,,manufacturing_cost_input,,
21,stamping,PROCESSING,,,,,manufacturing_cost_input,,
21,decarburisation,PROCESSING,,,,,manufacturing_cost_input,,
21,decarburisation,PROCESSING,,,,,manufacturing_cost_input,,
21,weldability,PROCESSING,,,,,manufacturing_cost_input,,
21,punchability,PROCESSING,,,,,manufacturing_cost_input,,
21,continuous casting,PROCESSING,,,,,manufacturing_cost_input,,
21,decarburisation,PROCESSING,,,,,manufacturing_cost_input,,
21,3.2% silicon,SI_CONTENT,3.2,%,UNSPECIFIED,,material_property,,
21,1.5 T,FLUX_DENSITY,1.5,T,UNSPECIFIED,,loss_parameter,,
21,2.5 W/kg,CORE_LOSS,2.5,W/kg,UNSPECIFIED,,loss_cost_input,,
21,anisotropy,PROCESSING,,,,,manufacturing_cost_input,,
21,anisotropy,PROCESSING,,,,,manufacturing_cost_input,,
21,texture,PROCESSING,,,,,manufacturing_cost_input,,
21,texture,PROCESSING,,,,,manufacturing_cost_input,,
21,texture,PROCESSING,,,,,manufacturing_cost_input,,
21,anisotropy,PROCESSING,,,,,manufacturing_cost_input,,
21,anisotropy,PROCESSING,,,,,manufacturing_cost_input,,
21,anisotropy,PROCESSING,,,,,manufacturing_cost_input,,
21,texture,PROCESSING,,,,,manufacturing_cost_input,,
21,cold rolling,PROCESSING,,,,,manufacturing_cost_input,,
21,texture,PROCESSING,,,,,manufacturing_cost_input,,
21,1.5 W/kg,CORE_LOSS,1.5,W/kg,UNSPECIFIED,,loss_cost_input,,
21,1.5 T,FLUX_DENSITY,1.5,T,UNSPECIFIED,,loss_parameter,,
21,recrystallisation,PROCESSING,,,,,manufacturing_cost_input,,
21,texture,PROCESSING,,,,,manufacturing_cost_input,,
21,cold rolling,PROCESSING,,,,,manufacturing_cost_input,,
21,recrystallisation,PROCESSING,,,,,manufacturing_cost_input,,
21,decarburisation,PROCESSING,,,,,manufacturing_cost_input,,
21,insulating coating,PROCESSING,,,,,manufacturing_cost_input,,
21,hot rolling,PROCESSING,,,,,manufacturing_cost_input,,
21,Goss texture,PROCESSING,,,,,manufacturing_cost_input,,
21,cold rolling,PROCESSING,,,,,manufacturing_cost_input,,
21,Goss texture,PROCESSING,,,,,manufacturing_cost_input,,
21,decarburisation,PROCESSING,,,,,manufacturing_cost_input,,
21,recrystallisation,PROCESSING,,,,,manufacturing_cost_input,,
21,grain growth,PROCESSING,,,,,manufacturing_cost_input,,
21,grain growth,PROCESSING,,,,,manufacturing_cost_input,,
21,1.7 T,FLUX_DENSITY,1.7,T,UNSPECIFIED,,loss_parameter,,
21,Goss texture,PROCESSING,,,,,manufacturing_cost_input,,
21,domain refinement,PROCESSING,,,,,manufacturing_cost_input,,
21,domain refinement,PROCESSING,,,,,manufacturing_cost_input,,
21,0.85 W/kg,CORE_LOSS,0.85,W/kg,UNSPECIFIED,,loss_cost_input,,
21,domain refinement,PROCESSING,,,,,manufacturing_cost_input,,
21,stress relief annealing,PROCESSING,,,,,manufacturing_cost_input,,
21,1.5 T,FLUX_DENSITY,1.5,T,COMPETITOR,,loss_parameter,,
21,0.89 W/kg,CORE_LOSS,0.89,W/kg,COMPETITOR,,loss_cost_input,,
21,1.03 W/kg,CORE_LOSS,1.03,W/kg,UNSPECIFIED,,loss_cost_input,,
21,1.7 T,FLUX_DENSITY,1.7,T,UNSPECIFIED,,loss_parameter,,
21,1.5 T,FLUX_DENSITY,1.5,T,UNSPECIFIED,,loss_parameter,,
21,0.74 W/kg,CORE_LOSS,0.74,W/kg,UNSPECIFIED,,loss_cost_input,,
21,recrystallisation,PROCESSING,,,,,manufacturing_cost_input,,
21,domain refinement,PROCESSING,,,,,manufacturing_cost_input,,
21,texture,PROCESSING,,,,,manufacturing_cost_input,,
21,texture,PROCESSING,,,,,manufacturing_cost_input,,
21,0.62 W/kg,CORE_LOSS,0.62,W/kg,UNSPECIFIED,,loss_cost_input,,
21,1.7 T,FLUX_DENSITY,1.7,T,UNSPECIFIED,,loss_parameter,,
21,0.15 W/kg,CORE_LOSS,0.15,W/kg,UNSPECIFIED,,loss_cost_input,,
21,0.47 W/kg,CORE_LOSS,0.47,W/kg,UNSPECIFIED,,loss_cost_input,,
21,domain refinement,PROCESSING,,,,,manufacturing_cost_input,,
21,0.22 W/kg,CORE_LOSS,0.22,W/kg,UNSPECIFIED,,loss_cost_input,,
21,1.5 T,FLUX_DENSITY,1.5,T,UNSPECIFIED,,loss_parameter,,
21,domain refinement,PROCESSING,,,,,manufacturing_cost_input,,
21,domain refinement,PROCESSING,,,,,manufacturing_cost_input,,
21,anisotropy,PROCESSING,,,,,manufacturing_cost_input,,
21,domain refinement,PROCESSING,,,,,manufacturing_cost_input,,
21,domain refinement,PROCESSING,,,,,manufacturing_cost_input,,
21,texture,PROCESSING,,,,,manufacturing_cost_input,,
21,texture,PROCESSING,,,,,manufacturing_cost_input,,
21,rotating machine,APPLICATION,,,,,model_selector,,
21,stator core,APPLICATION,,,,,model_selector,,
21,texture,PROCESSING,,,,,manufacturing_cost_input,,
21,1.5 T,FLUX_DENSITY,1.5,T,COMPETITOR,,loss_parameter,,
21,1.9 T,FLUX_DENSITY,1.9,T,UNSPECIFIED,,loss_parameter,,
21,1.56 T,FLUX_DENSITY,1.56,T,UNSPECIFIED,,loss_parameter,,
21,recrystallisation,PROCESSING,,,,,manufacturing_cost_input,,
21,distribution transformer,APPLICATION,,,,,model_selector,,
21,3% Silicon,SI_CONTENT,3.0,%,UNSPECIFIED,,material_property,,
21,1.3 T,FLUX_DENSITY,1.3,T,UNSPECIFIED,,loss_parameter,,
21,1.5 T,FLUX_DENSITY,1.5,T,UNSPECIFIED,,loss_parameter,,
21,1.3 T,FLUX_DENSITY,1.3,T,UNSPECIFIED,,loss_parameter,,
21,1.5 T,FLUX_DENSITY,1.5,T,UNSPECIFIED,,loss_parameter,,
21,anisotropy,PROCESSING,,,,,manufacturing_cost_input,,
21,anisotropy,PROCESSING,,,,,manufacturing_cost_input,,
21,6% silicon,SI_CONTENT,6.0,%,UNSPECIFIED,,material_property,,
21,3% silicon,SI_CONTENT,3.0,%,UNSPECIFIED,,material_property,,
21,4.5% silicon,SI_CONTENT,4.5,%,UNSPECIFIED,,material_property,,
21,1.7T,FLUX_DENSITY,1.7,T,COMPETITOR,,loss_parameter,,
21,0.56 W/kg,CORE_LOSS,0.56,W/kg,COMPETITOR,,loss_cost_input,,
21,6.5% silicon,SI_CONTENT,6.5,%,UNSPECIFIED,,material_property,,
21,texture,PROCESSING,,,,,manufacturing_cost_input,,
21,domain refinement,PROCESSING,,,,,manufacturing_cost_input,,
21,2 W/kg,CORE_LOSS,2.0,W/kg,UNSPECIFIED,,loss_cost_input,,
21,1.5 T,FLUX_DENSITY,1.5,T,UNSPECIFIED,,loss_parameter,,
21,texture,PROCESSING,,,,,manufacturing_cost_input,,
21,0.08 W/kg,CORE_LOSS,0.08,W/kg,UNSPECIFIED,,loss_cost_input,,
21,1.3 T,FLUX_DENSITY,1.3,T,UNSPECIFIED,,loss_parameter,,
21,0.19 W/kg,CORE_LOSS,0.19,W/kg,UNSPECIFIED,,loss_cost_input,,
21,1.3 T,FLUX_DENSITY,1.3,T,UNSPECIFIED,,loss_parameter,,
21,0.37 W/kg,CORE_LOSS,0.37,W/kg,UNSPECIFIED,,loss_cost_input,,
21,1.7 T,FLUX_DENSITY,1.7,T,UNSPECIFIED,,loss_parameter,,
21,6.5% silicon,SI_CONTENT,6.5,%,UNSPECIFIED,,material_property,,
21,texture,PROCESSING,,,,,manufacturing_cost_input,,
21,anisotropy,PROCESSING,,,,,manufacturing_cost_input,,
21,3% silicon,SI_CONTENT,3.0,%,NGO,,material_property,,
21,recrystallisation,PROCESSING,,,,,manufacturing_cost_input,,
21,texture,PROCESSING,,,,,manufacturing_cost_input,,
21,3% Si,SI_CONTENT,3.0,%,UNSPECIFIED,,material_property,,
21,3% silicon,SI_CONTENT,3.0,%,UNSPECIFIED,,material_property,,
21,domain refinement,PROCESSING,,,,,manufacturing_cost_input,,
21,3% Si,SI_CONTENT,3.0,%,UNSPECIFIED,,material_property,,
21,3% Si,SI_CONTENT,3.0,%,UNSPECIFIED,,material_property,,
21,3% Si,SI_CONTENT,3.0,%,UNSPECIFIED,,material_property,,
21,3% Si,SI_CONTENT,3.0,%,UNSPECIFIED,,material_property,,
21,power transformer,APPLICATION,,,,,model_selector,,
21,6% silicon,SI_CONTENT,6.0,%,UNSPECIFIED,,material_property,,
21,Goss texture,PROCESSING,,,,,manufacturing_cost_input,,
22,HEV,APPLICATION,,,,,model_selector,,
22,HEV traction motor,APPLICATION,,,,,model_selector,,
22,EPS motor,APPLICATION,,,,,model_selector,,
22,hybrid electric vehicle,APPLICATION,,,,,model_selector,,
22,HEV,APPLICATION,,,,,model_selector,,
22,HEV,APPLICATION,,,,,model_selector,,
22,HEV,APPLICATION,,,,,model_selector,,
22,HEV,APPLICATION,,,,,model_selector,,
22,HEV,APPLICATION,,,,,model_selector,,
22,traction motor,APPLICATION,,,,,model_selector,,
22,HEV,APPLICATION,,,,,model_selector,,
22,HEV,APPLICATION,,,,,model_selector,,
22,HEV,APPLICATION,,,,,model_selector,,
22,IPM,APPLICATION,,,,,model_selector,,
22,IPM,APPLICATION,,,,,model_selector,,
22,bridge,APPLICATION,,,,,model_selector,,
22,rotor core,APPLICATION,,,,,model_selector,,
22,HEV,APPLICATION,,,,,model_selector,,
22,anisotropy,PROCESSING,,,,,manufacturing_cost_input,,
22,HEV,APPLICATION,,,,,model_selector,,
22,punching,PROCESSING,,,,,manufacturing_cost_input,,
22,punching,PROCESSING,,,,,manufacturing_cost_input,,
22,HEV,APPLICATION,,,,,model_selector,,
22,HEV traction motor,APPLICATION,,,,,model_selector,,
22,HEV,APPLICATION,,,,,model_selector,,
22,B50,FLUX_DENSITY,,notation,UNSPECIFIED,,loss_parameter,,
22,W10/400,CORE_LOSS,,notation,UNSPECIFIED,,loss_cost_input,,
22,W10/400,CORE_LOSS,,notation,UNSPECIFIED,,loss_cost_input,,
22,W10/400,CORE_LOSS,,notation,UNSPECIFIED,,loss_cost_input,,
22,EPS motor,APPLICATION,,,,,model_selector,,
22,JNE-Core,GRADE_BRAND,,,,,material_cost_input,,
22,W10/1k,CORE_LOSS,,notation,UNSPECIFIED,,loss_cost_input,,
22,B50,FLUX_DENSITY,,notation,UNSPECIFIED,,loss_parameter,,
22,W10/400,CORE_LOSS,,notation,UNSPECIFIED,,loss_cost_input,,
22,W15/50,CORE_LOSS,,notation,UNSPECIFIED,,loss_cost_input,,
22,EPS motor,APPLICATION,,,,,model_selector,,
22,JNE-Core,GRADE_BRAND,,,,,material_cost_input,,
22,50A1000,GRADE,,,UNSPECIFIED,,material_cost_input,0.5,0.7
22,JNE-Core,GRADE_BRAND,,,,,material_cost_input,,
22,boost converter,APPLICATION,,,,,model_selector,,
22,reactor,APPLICATION,,,,,model_selector,,
22,reactor,APPLICATION,,,,,model_selector,,
22,reactor,APPLICATION,,,,,model_selector,,
22,cold rolling,PROCESSING,,,,,manufacturing_cost_input,,
22,6.5% Si,SI_CONTENT,6.5,%,UNSPECIFIED,,material_property,,
22,reactor,APPLICATION,,,,,model_selector,,
22,W10/50,CORE_LOSS,,notation,AMBIGUOUS,,loss_cost_input,,
22,W10/400,CORE_LOSS,,notation,AMBIGUOUS,,loss_cost_input,,
22,W1/10k,CORE_LOSS,,notation,AMBIGUOUS,,loss_cost_input,,
22,50A1000,GRADE,,,AMBIGUOUS,,material_cost_input,0.5,0.7
22,50A700,GRADE,,,AMBIGUOUS,,material_cost_input,0.5,0.7
22,50JNE300,GRADE,,,AMBIGUOUS,,material_cost_input,0.5,0.7
22,stator core,APPLICATION,,,,,model_selector,,
22,HEV,APPLICATION,,,,,model_selector,,
22,JNE-Core,GRADE_BRAND,,,,,material_cost_input,,
22,punchability,PROCESSING,,,,,manufacturing_cost_input,,
22,JNE-Core,GRADE_BRAND,,,,,material_cost_input,,
22,HEV,APPLICATION,,,,,model_selector,,
22,JNE-Core,GRADE_BRAND,,,,,material_cost_input,,
22,EPS motor,APPLICATION,,,,,model_selector,,
22,W10/400,CORE_LOSS,,notation,COMPETITOR,,loss_cost_input,,
22,W0.5/20k,CORE_LOSS,,notation,COMPETITOR,,loss_cost_input,,
22,W1/10k,CORE_LOSS,,notation,COMPETITOR,,loss_cost_input,,
22,W2/5k,CORE_LOSS,,notation,COMPETITOR,,loss_cost_input,,
22,W5/2k,CORE_LOSS,,notation,COMPETITOR,,loss_cost_input,,
22,W1/10k,CORE_LOSS,,notation,COMPETITOR,,loss_cost_input,,
22,W0.5/20k,CORE_LOSS,,notation,COMPETITOR,,loss_cost_input,,
26,IPMSM,APPLICATION,,,,,model_selector,,
26,rotor core,APPLICATION,,,,,model_selector,,
26,bridge,APPLICATION,,,,,model_selector,,
26,rotor core,APPLICATION,,,,,model_selector,,
26,bridge,APPLICATION,,,,,model_selector,,
26,rotor core,APPLICATION,,,,,model_selector,,
26,IPMSM,APPLICATION,,,,,model_selector,,
26,rotor core,APPLICATION,,,,,model_selector,,
26,bridge,APPLICATION,,,,,model_selector,,
26,rotor core,APPLICATION,,,,,model_selector,,
26,IPMSM,APPLICATION,,,,,model_selector,,
26,IPMSM,APPLICATION,,,,,model_selector,,
26,rotor,APPLICATION,,,,,model_selector,,
26,EV,APPLICATION,,,,,model_selector,,
26,HEV,APPLICATION,,,,,model_selector,,
26,EV,APPLICATION,,,,,model_selector,,
26,HEV,APPLICATION,,,,,model_selector,,
26,IPMSM,APPLICATION,,,,,model_selector,,
26,IPMSM,APPLICATION,,,,,model_selector,,
26,IPMSM,APPLICATION,,,,,model_selector,,
26,IPMSM,APPLICATION,,,,,model_selector,,
26,rotor core,APPLICATION,,,,,model_selector,,
26,IPMSM,APPLICATION,,,,,model_selector,,
26,rotor,APPLICATION,,,,,model_selector,,
26,rotor core,APPLICATION,,,,,model_selector,,
26,rotor core,APPLICATION,,,,,model_selector,,
26,rotor core,APPLICATION,,,,,model_selector,,
26,IPMSM,APPLICATION,,,,,model_selector,,
26,rotor core,APPLICATION,,,,,model_selector,,
26,rotor core,APPLICATION,,,,,model_selector,,
26,IPMSM,APPLICATION,,,,,model_selector,,
26,rotor,APPLICATION,,,,,model_selector,,
26,IPMSM,APPLICATION,,,,,model_selector,,
26,rotor core,APPLICATION,,,,,model_selector,,
26,bridge,APPLICATION,,,,,model_selector,,
26,IPMSM,APPLICATION,,,,,model_selector,,
26,1.0 T,FLUX_DENSITY,1.0,T,UNSPECIFIED,,loss_parameter,,
26,35A300,GRADE,,,UNSPECIFIED,,material_cost_input,0.35,1.0
26,rotor core,APPLICATION,,,,,model_selector,,
26,M300-35A,GRADE,,,UNSPECIFIED,,material_cost_input,0.35,1.0
26,1.26 T,FLUX_DENSITY,1.26,T,UNSPECIFIED,,loss_parameter,,
26,rotor core,APPLICATION,,,,,model_selector,,
26,rotor,APPLICATION,,,,,model_selector,,
26,bridge,APPLICATION,,,,,model_selector,,
26,stator core,APPLICATION,,,,,model_selector,,
26,35A300,GRADE,,,UNSPECIFIED,,material_cost_input,0.35,1.0
26,rotor core,APPLICATION,,,,,model_selector,,
26,35A300,GRADE,,,UNSPECIFIED,,material_cost_input,0.35,1.0
26,rotor,APPLICATION,,,,,model_selector,,
26,bridge,APPLICATION,,,,,model_selector,,
26,rotor core,APPLICATION,,,,,model_selector,,
26,35A300,GRADE,,,UNSPECIFIED,,material_cost_input,0.35,1.0
26,bridge,APPLICATION,,,,,model_selector,,
26,rotor core,APPLICATION,,,,,model_selector,,
26,bridge,APPLICATION,,,,,model_selector,,
26,bridge,APPLICATION,,,,,model_selector,,
26,rotor core,APPLICATION,,,,,model_selector,,
26,bridge,APPLICATION,,,,,model_selector,,
26,rotor core,APPLICATION,,,,,model_selector,,
26,IPMSM,APPLICATION,,,,,model_selector,,
26,bridge,APPLICATION,,,,,model_selector,,
26,35A300,GRADE,,,UNSPECIFIED,,material_cost_input,0.35,1.0
26,rotor core,APPLICATION,,,,,model_selector,,
26,stator,APPLICATION,,,,,model_selector,,
26,rotor core,APPLICATION,,,,,model_selector,,
26,35A300,GRADE,,,UNSPECIFIED,,material_cost_input,0.35,1.0
26,rotor core,APPLICATION,,,,,model_selector,,
26,IPMSM,APPLICATION,,,,,model_selector,,
26,IPMSM,APPLICATION,,,,,model_selector,,
26,35A300,GRADE,,,UNSPECIFIED,,material_cost_input,0.35,1.0
26,IPMSM,APPLICATION,,,,,model_selector,,
26,bridge,APPLICATION,,,,,model_selector,,
26,bridge,APPLICATION,,,,,model_selector,,
26,bridge,APPLICATION,,,,,model_selector,,
26,stator core,APPLICATION,,,,,model_selector,,
26,rotor core,APPLICATION,,,,,model_selector,,
26,bridge,APPLICATION,,,,,model_selector,,
26,rotor,APPLICATION,,,,,model_selector,,
26,rotor core,APPLICATION,,,,,model_selector,,
26,rotor core,APPLICATION,,,,,model_selector,,
26,35A300,GRADE,,,UNSPECIFIED,,material_cost_input,0.35,1.0
26,HEV traction motor,APPLICATION,,,,,model_selector,,
26,rotor,APPLICATION,,,,,model_selector,,
26,rotor core,APPLICATION,,,,,model_selector,,
26,bridge,APPLICATION,,,,,model_selector,,
26,rotor core,APPLICATION,,,,,model_selector,,
26,bridge,APPLICATION,,,,,model_selector,,
26,rotor core,APPLICATION,,,,,model_selector,,
26,bridge,APPLICATION,,,,,model_selector,,
26,rotor core,APPLICATION,,,,,model_selector,,
26,bridge,APPLICATION,,,,,model_selector,,
26,rotor,APPLICATION,,,,,model_selector,,
26,bridge,APPLICATION,,,,,model_selector,,
26,bridge,APPLICATION,,,,,model_selector,,
26,bridge,APPLICATION,,,,,model_selector,,
26,rotor core,APPLICATION,,,,,model_selector,,
26,35A300,GRADE,,,UNSPECIFIED,,material_cost_input,0.35,1.0
26,35A300,GRADE,,,UNSPECIFIED,,material_cost_input,0.35,1.0
26,rotor core,APPLICATION,,,,,model_selector,,
26,bridge,APPLICATION,,,,,model_selector,,
26,rotor core,APPLICATION,,,,,model_selector,,
26,bridge,APPLICATION,,,,,model_selector,,
26,rotor core,APPLICATION,,,,,model_selector,,
26,IPMSM,APPLICATION,,,,,model_selector,,
26,EV,APPLICATION,,,,,model_selector,,
26,HEV,APPLICATION,,,,,model_selector,,
26,IPMSM,APPLICATION,,,,,model_selector,,
26,IPMSM,APPLICATION,,,,,model_selector,,
26,rotor core,APPLICATION,,,,,model_selector,,
26,bridge,APPLICATION,,,,,model_selector,,
26,rotor core,APPLICATION,,,,,model_selector,,
26,IPMSM,APPLICATION,,,,,model_selector,,
26,rotor core,APPLICATION,,,,,model_selector,,
26,rotor,APPLICATION,,,,,model_selector,,
26,rotor core,APPLICATION,,,,,model_selector,,
26,IPMSM,APPLICATION,,,,,model_selector,,
26,EV,APPLICATION,,,,,model_selector,,
26,HEV,APPLICATION,,,,,model_selector,,
26,IPM,APPLICATION,,,,,model_selector,,
26,rotor,APPLICATION,,,,,model_selector,,
26,IPM,APPLICATION,,,,,model_selector,,
26,rotor core,APPLICATION,,,,,model_selector,,
26,interior permanent magnet synchronous motor,APPLICATION,,,,,model_selector,,
26,rotor,APPLICATION,,,,,model_selector,,
26,EV,APPLICATION,,,,,model_selector,,
26,HEV,APPLICATION,,,,,model_selector,,
26,IPM,APPLICATION,,,,,model_selector,,
26,rotor core,APPLICATION,,,,,model_selector,,
26,IPM,APPLICATION,,,,,model_selector,,
26,IPM,APPLICATION,,,,,model_selector,,
26,IPM,APPLICATION,,,,,model_selector,,
26,IPM,APPLICATION,,,,,model_selector,,
26,stator,APPLICATION,,,,,model_selector,,
26,IPM,APPLICATION,,,,,model_selector,,
26,rotor,APPLICATION,,,,,model_selector,,
26,IPM machine,APPLICATION,,,,,model_selector,,
26,integrated starter alternator,APPLICATION,,,,,model_selector,,
31,EV,APPLICATION,,,,,model_selector,,
31,EV,APPLICATION,,,,,model_selector,,
31,EV,APPLICATION,,,,,model_selector,,
31,texture,PROCESSING,,,,,manufacturing_cost_input,,
31,texture,PROCESSING,,,,,manufacturing_cost_input,,
31,hot rolling,PROCESSING,,,,,manufacturing_cost_input,,
31,cold rolling,PROCESSING,,,,,manufacturing_cost_input,,
31,recrystallization,PROCESSING,,,,,manufacturing_cost_input,,
31,cold rolling,PROCESSING,,,,,manufacturing_cost_input,,
31,recrystallization,PROCESSING,,,,,manufacturing_cost_input,,
31,decarburization,PROCESSING,,,,,manufacturing_cost_input,,
31,cold rolling,PROCESSING,,,,,manufacturing_cost_input,,
31,texture,PROCESSING,,,,,manufacturing_cost_input,,
31,weldability,PROCESSING,,,,,manufacturing_cost_input,,
31,punchability,PROCESSING,,,,,manufacturing_cost_input,,
31,recrystallization,PROCESSING,,,,,manufacturing_cost_input,,
31,texture,PROCESSING,,,,,manufacturing_cost_input,,
31,anisotropy,PROCESSING,,,,,manufacturing_cost_input,,
31,recrystallization,PROCESSING,,,,,manufacturing_cost_input,,
31,hot rolling,PROCESSING,,,,,manufacturing_cost_input,,
31,cold rolling,PROCESSING,,,,,manufacturing_cost_input,,
31,recrystallization,PROCESSING,,,,,manufacturing_cost_input,,
31,insulation coating,PROCESSING,,,,,manufacturing_cost_input,,
31,insulation coating,PROCESSING,,,,,manufacturing_cost_input,,
31,insulation coating,PROCESSING,,,,,manufacturing_cost_input,,
31,decarburization,PROCESSING,,,,,manufacturing_cost_input,,
31,texture,PROCESSING,,,,,manufacturing_cost_input,,
31,texture,PROCESSING,,,,,manufacturing_cost_input,,
31,recrystallization,PROCESSING,,,,,manufacturing_cost_input,,
31,texture,PROCESSING,,,,,manufacturing_cost_input,,
31,recrystallization,PROCESSING,,,,,manufacturing_cost_input,,
31,cold rolling,PROCESSING,,,,,manufacturing_cost_input,,
31,texture,PROCESSING,,,,,manufacturing_cost_input,,
31,strip casting,PROCESSING,,,,,manufacturing_cost_input,,
31,strip casting,PROCESSING,,,,,manufacturing_cost_input,,
31,texture,PROCESSING,,,,,manufacturing_cost_input,,
31,texture,PROCESSING,,,,,manufacturing_cost_input,,
31,punching,PROCESSING,,,,,manufacturing_cost_input,,
31,punching,PROCESSING,,,,,manufacturing_cost_input,,
31,punching,PROCESSING,,,,,manufacturing_cost_input,,
31,strip casting,PROCESSING,,,,,manufacturing_cost_input,,
31,texture,PROCESSING,,,,,manufacturing_cost_input,,
31,texture,PROCESSING,,,,,manufacturing_cost_input,,
31,strip casting,PROCESSING,,,,,manufacturing_cost_input,,
31,hot rolling,PROCESSING,,,,,manufacturing_cost_input,,
31,texture,PROCESSING,,,,,manufacturing_cost_input,,
31,strip casting,PROCESSING,,,,,manufacturing_cost_input,,
31,hot rolling,PROCESSING,,,,,manufacturing_cost_input,,
31,hot rolling,PROCESSING,,,,,manufacturing_cost_input,,
31,recrystallization,PROCESSING,,,,,manufacturing_cost_input,,
31,texture,PROCESSING,,,,,manufacturing_cost_input,,
31,recrystallization,PROCESSING,,,,,manufacturing_cost_input,,
31,recrystallization,PROCESSING,,,,,manufacturing_cost_input,,
31,cold rolling,PROCESSING,,,,,manufacturing_cost_input,,
31,3% Si,SI_CONTENT,3.0,%,UNSPECIFIED,,material_property,,
