doc_id,entity_text,label,scope_tag,context,start_char,end_char,value_numeric,unit,canonical_form,resolved_property,review_flag,canonical_entity
2,reactor,APPLICATION,,Alternating current ADCU Autonomous driving control unit AEC Alkaline electrolyzer AEMEC Anion exchange membrane electrolyzer AFC Alkaline fuel cells Ag AGR Silver Advanced gas-cooled reactor AHSS Advanced high-strength steel Al Aluminum AlGaAs,6396,6403,,,reactor,,,reactor
2,AlNiCo,COMPETING_MATERIAL,,Aluminum gallium arsenide AlGaInP Aluminum gallium indium phosphide AlNiCo,6525,6531,,,AlNiCo,,,AlNiCo
2,BEV,APPLICATION,,"Aluminum nickel cobalt APS Announced Pledged Scenarios B Boron BAU Business-as-usual BEV Battery-powered electric vehicle BLDC Brushless direct current BWR Boiling water reactor CAGR Compound Annual Growth Rate CANDU Canadian heavy water reactor CCUS Carbon capture, utilization, and storage CdTe Cadmium telluride CIGS Copper indium gallium selenide CLED Carbon-dot light-emitting diode CM Critical materials CMA Critical Materials Assessment CMS Critical Materials Strategy Co Cobalt CO Carbon monoxide CO2 COVID-19 Carbon dioxide Coronavirus Disease 2019 U.S. Department of Energy, Critical Materials Assessment 2023",6617,6620,,,BEV,,,BEV
2,electric vehicle,APPLICATION,,"Aluminum nickel cobalt APS Announced Pledged Scenarios B Boron BAU Business-as-usual BEV Battery-powered electric vehicle BLDC Brushless direct current BWR Boiling water reactor CAGR Compound Annual Growth Rate CANDU Canadian heavy water reactor CCUS Carbon capture, utilization, and storage CdTe Cadmium telluride CIGS Copper indium gallium selenide CLED Carbon-dot light-emitting diode CM Critical materials CMA Critical Materials Assessment CMS Critical Materials Strategy Co Cobalt CO Carbon monoxide CO2 COVID-19 Carbon dioxide Coronavirus Disease 2019 U.S. Department of Energy, Critical Materials Assessment 2023",6637,6653,,,electric vehicle,,,electric vehicle
2,reactor,APPLICATION,,"Aluminum nickel cobalt APS Announced Pledged Scenarios B Boron BAU Business-as-usual BEV Battery-powered electric vehicle BLDC Brushless direct current BWR Boiling water reactor CAGR Compound Annual Growth Rate CANDU Canadian heavy water reactor CCUS Carbon capture, utilization, and storage CdTe Cadmium telluride CIGS Copper indium gallium selenide CLED Carbon-dot light-emitting diode CM Critical materials CMA Critical Materials Assessment CMS Critical Materials Strategy Co Cobalt CO Carbon monoxide CO2 COVID-19 Carbon dioxide Coronavirus Disease 2019 U.S. Department of Energy, Critical Materials Assessment 2023",6702,6709,,,reactor,,,reactor
2,reactor,APPLICATION,,"Aluminum nickel cobalt APS Announced Pledged Scenarios B Boron BAU Business-as-usual BEV Battery-powered electric vehicle BLDC Brushless direct current BWR Boiling water reactor CAGR Compound Annual Growth Rate CANDU Canadian heavy water reactor CCUS Carbon capture, utilization, and storage CdTe Cadmium telluride CIGS Copper indium gallium selenide CLED Carbon-dot light-emitting diode CM Critical materials CMA Critical Materials Assessment CMS Critical Materials Strategy Co Cobalt CO Carbon monoxide CO2 COVID-19 Carbon dioxide Coronavirus Disease 2019 U.S. Department of Energy, Critical Materials Assessment 2023",6770,6777,,,reactor,,,reactor
2,generator,APPLICATION,,iv CTC Continuously transposed copper Cu Copper CZTS Copper zinc tin sulfide DC Direct current DFIG Doubly fed induction generator DOE U.S. Department of Energy DRC DRI Democratic Republic of the Congo Direct reduction of iron DSSC Dye sensitized solar cell Dy Dysprosium EESG Electrically excited synchronous generator EIA U.S. Energy Information Administration EO Executive Order EPA U.S. Environmental Protection Agency ES Electrical steel EU European Union EV Electric vehicle F Fluorine FBR Fast breeder reactor FCEV Fuel-cell electric vehicle Fe Iron Ga Gallium GaAs Gallium arsenide GaAsP Gallium arsenide,7273,7282,,,generator,,,generator
2,generator,APPLICATION,,iv CTC Continuously transposed copper Cu Copper CZTS Copper zinc tin sulfide DC Direct current DFIG Doubly fed induction generator DOE U.S. Department of Energy DRC DRI Democratic Republic of the Congo Direct reduction of iron DSSC Dye sensitized solar cell Dy Dysprosium EESG Electrically excited synchronous generator EIA U.S. Energy Information Administration EO Executive Order EPA U.S. Environmental Protection Agency ES Electrical steel EU European Union EV Electric vehicle F Fluorine FBR Fast breeder reactor FCEV Fuel-cell electric vehicle Fe Iron Ga Gallium GaAs Gallium arsenide GaAsP Gallium arsenide,7462,7471,,,generator,,,generator
2,EV,APPLICATION,,iv CTC Continuously transposed copper Cu Copper CZTS Copper zinc tin sulfide DC Direct current DFIG Doubly fed induction generator DOE U.S. Department of Energy DRC DRI Democratic Republic of the Congo Direct reduction of iron DSSC Dye sensitized solar cell Dy Dysprosium EESG Electrically excited synchronous generator EIA U.S. Energy Information Administration EO Executive Order EPA U.S. Environmental Protection Agency ES Electrical steel EU European Union EV Electric vehicle F Fluorine FBR Fast breeder reactor FCEV Fuel-cell electric vehicle Fe Iron Ga Gallium GaAs Gallium arsenide GaAsP Gallium arsenide,7613,7615,,,EV,,,EV
2,reactor,APPLICATION,,iv CTC Continuously transposed copper Cu Copper CZTS Copper zinc tin sulfide DC Direct current DFIG Doubly fed induction generator DOE U.S. Department of Energy DRC DRI Democratic Republic of the Congo Direct reduction of iron DSSC Dye sensitized solar cell Dy Dysprosium EESG Electrically excited synchronous generator EIA U.S. Energy Information Administration EO Executive Order EPA U.S. Environmental Protection Agency ES Electrical steel EU European Union EV Electric vehicle F Fluorine FBR Fast breeder reactor FCEV Fuel-cell electric vehicle Fe Iron Ga Gallium GaAs Gallium arsenide GaAsP Gallium arsenide,7661,7668,,,reactor,,,reactor
2,electric vehicle,APPLICATION,,iv CTC Continuously transposed copper Cu Copper CZTS Copper zinc tin sulfide DC Direct current DFIG Doubly fed induction generator DOE U.S. Department of Energy DRC DRI Democratic Republic of the Congo Direct reduction of iron DSSC Dye sensitized solar cell Dy Dysprosium EESG Electrically excited synchronous generator EIA U.S. Energy Information Administration EO Executive Order EPA U.S. Environmental Protection Agency ES Electrical steel EU European Union EV Electric vehicle F Fluorine FBR Fast breeder reactor FCEV Fuel-cell electric vehicle Fe Iron Ga Gallium GaAs Gallium arsenide GaAsP Gallium arsenide,7684,7700,,,electric vehicle,,,electric vehicle
2,reactor,APPLICATION,,phosphide GaInP Gallium indium phosphide GaN Gallium nitride GaP Gallium phosphide GCR Gas-cooled reactor GDP Gross domestic product Ge,7863,7870,,,reactor,,,reactor
2,GOES,COMPETING_MATERIAL,,"Germanium GE General Electric GOES Grain-oriented electrical steel U.S. Department of Energy, Critical Materials Assessment 2023 v GW Gigawatt GWe HALEU Gigawatt-electric High-assay low-enriched uranium HDV HEV Heavy-duty vehicle Hybrid electric vehicle HHI HTGR Herfindahl-Hirschman Index High-temperature gas-cooled reactor HVAC High voltage alternating current HVDC High voltage direct current Hz Hertz IAEA International Atomic Energy Agency IC Integrated circuit ICE ICEV Internal combustion engine Internal combustion engine vehicle ICFB Iron-chromium flow battery ICFV Iron-chromium flow battery IEA International Energy Agency IGBT Insulated-gate bipolar transistor IGCT Integrated gate-commutated thyristor In Indium InGaN Indium gallium nitride IPM Internal permanent magnet motor Ir Iridium IRENA kt International Renewable Energy Agency Kilo metric tons",7931,7935,,,GOES,,,grain-oriented electric steel
2,HEV,APPLICATION,,"Germanium GE General Electric GOES Grain-oriented electrical steel U.S. Department of Energy, Critical Materials Assessment 2023 v GW Gigawatt GWe HALEU Gigawatt-electric High-assay low-enriched uranium HDV HEV Heavy-duty vehicle Hybrid electric vehicle HHI HTGR Herfindahl-Hirschman Index High-temperature gas-cooled reactor HVAC High voltage alternating current HVDC High voltage direct current Hz Hertz IAEA International Atomic Energy Agency IC Integrated circuit ICE ICEV Internal combustion engine Internal combustion engine vehicle ICFB Iron-chromium flow battery ICFV Iron-chromium flow battery IEA International Energy Agency IGBT Insulated-gate bipolar transistor IGCT Integrated gate-commutated thyristor In Indium InGaN Indium gallium nitride IPM Internal permanent magnet motor Ir Iridium IRENA kt International Renewable Energy Agency Kilo metric tons",8108,8111,,,HEV,,,HEV
2,electric vehicle,APPLICATION,,"Germanium GE General Electric GOES Grain-oriented electrical steel U.S. Department of Energy, Critical Materials Assessment 2023 v GW Gigawatt GWe HALEU Gigawatt-electric High-assay low-enriched uranium HDV HEV Heavy-duty vehicle Hybrid electric vehicle HHI HTGR Herfindahl-Hirschman Index High-temperature gas-cooled reactor HVAC High voltage alternating current HVDC High voltage direct current Hz Hertz IAEA International Atomic Energy Agency IC Integrated circuit ICE ICEV Internal combustion engine Internal combustion engine vehicle ICFB Iron-chromium flow battery ICFV Iron-chromium flow battery IEA International Energy Agency IGBT Insulated-gate bipolar transistor IGCT Integrated gate-commutated thyristor In Indium InGaN Indium gallium nitride IPM Internal permanent magnet motor Ir Iridium IRENA kt International Renewable Energy Agency Kilo metric tons",8138,8154,,,electric vehicle,,,electric vehicle
2,reactor,APPLICATION,,"Germanium GE General Electric GOES Grain-oriented electrical steel U.S. Department of Energy, Critical Materials Assessment 2023 v GW Gigawatt GWe HALEU Gigawatt-electric High-assay low-enriched uranium HDV HEV Heavy-duty vehicle Hybrid electric vehicle HHI HTGR Herfindahl-Hirschman Index High-temperature gas-cooled reactor HVAC High voltage alternating current HVDC High voltage direct current Hz Hertz IAEA International Atomic Energy Agency IC Integrated circuit ICE ICEV Internal combustion engine Internal combustion engine vehicle ICFB Iron-chromium flow battery ICFV Iron-chromium flow battery IEA International Energy Agency IGBT Insulated-gate bipolar transistor IGCT Integrated gate-commutated thyristor In Indium InGaN Indium gallium nitride IPM Internal permanent magnet motor Ir Iridium IRENA kt International Renewable Energy Agency Kilo metric tons",8219,8226,,,reactor,,,reactor
2,IPM,APPLICATION,,"Germanium GE General Electric GOES Grain-oriented electrical steel U.S. Department of Energy, Critical Materials Assessment 2023 v GW Gigawatt GWe HALEU Gigawatt-electric High-assay low-enriched uranium HDV HEV Heavy-duty vehicle Hybrid electric vehicle HHI HTGR Herfindahl-Hirschman Index High-temperature gas-cooled reactor HVAC High voltage alternating current HVDC High voltage direct current Hz Hertz IAEA International Atomic Energy Agency IC Integrated circuit ICE ICEV Internal combustion engine Internal combustion engine vehicle ICFB Iron-chromium flow battery ICFV Iron-chromium flow battery IEA International Energy Agency IGBT Insulated-gate bipolar transistor IGCT Integrated gate-commutated thyristor In Indium InGaN Indium gallium nitride IPM Internal permanent magnet motor Ir Iridium IRENA kt International Renewable Energy Agency Kilo metric tons",8656,8659,,,IPM,,,IPM
2,permanent magnet motor,APPLICATION,,"Germanium GE General Electric GOES Grain-oriented electrical steel U.S. Department of Energy, Critical Materials Assessment 2023 v GW Gigawatt GWe HALEU Gigawatt-electric High-assay low-enriched uranium HDV HEV Heavy-duty vehicle Hybrid electric vehicle HHI HTGR Herfindahl-Hirschman Index High-temperature gas-cooled reactor HVAC High voltage alternating current HVDC High voltage direct current Hz Hertz IAEA International Atomic Energy Agency IC Integrated circuit ICE ICEV Internal combustion engine Internal combustion engine vehicle ICFB Iron-chromium flow battery ICFV Iron-chromium flow battery IEA International Energy Agency IGBT Insulated-gate bipolar transistor IGCT Integrated gate-commutated thyristor In Indium InGaN Indium gallium nitride IPM Internal permanent magnet motor Ir Iridium IRENA kt International Renewable Energy Agency Kilo metric tons",8669,8691,,,permanent magnet motor,,,permanent magnet motor
2,power transformer,APPLICATION,,"La Lanthanum LCC Line-commutated converter LCOS LDV LED Levelized cost of storage Light-duty vehicle Light-emitting diode LFP Lithium iron phosphate Li Lithium U.S. Department of Energy, Critical Materials Assessment 2023 vi Li-ion, LIB Lithium-ion battery Li-Fi Light Fidelity LMFP LMO Lithium manganese iron phosphate Lithium-ion manganese oxide LMP LNMO LPT Lithium-metal polymer Lithium nickel manganese oxide Large power transformer LREE Light rare earth element LVDT Low-voltage dry-type LWGR Light water graphite-moderated reactor LWR Light water reactor MCFC Molten carbonate fuel cell MMC Modular multilevel converter Mg Magnesium",9187,9204,,,power transformer,,,power transformer
2,reactor,APPLICATION,,"La Lanthanum LCC Line-commutated converter LCOS LDV LED Levelized cost of storage Light-duty vehicle Light-emitting diode LFP Lithium iron phosphate Li Lithium U.S. Department of Energy, Critical Materials Assessment 2023 vi Li-ion, LIB Lithium-ion battery Li-Fi Light Fidelity LMFP LMO Lithium manganese iron phosphate Lithium-ion manganese oxide LMP LNMO LPT Lithium-metal polymer Lithium nickel manganese oxide Large power transformer LREE Light rare earth element LVDT Low-voltage dry-type LWGR Light water graphite-moderated reactor LWR Light water reactor MCFC Molten carbonate fuel cell MMC Modular multilevel converter Mg Magnesium",9297,9304,,,reactor,,,reactor
2,reactor,APPLICATION,,"La Lanthanum LCC Line-commutated converter LCOS LDV LED Levelized cost of storage Light-duty vehicle Light-emitting diode LFP Lithium iron phosphate Li Lithium U.S. Department of Energy, Critical Materials Assessment 2023 vi Li-ion, LIB Lithium-ion battery Li-Fi Light Fidelity LMFP LMO Lithium manganese iron phosphate Lithium-ion manganese oxide LMP LNMO LPT Lithium-metal polymer Lithium nickel manganese oxide Large power transformer LREE Light rare earth element LVDT Low-voltage dry-type LWGR Light water graphite-moderated reactor LWR Light water reactor MCFC Molten carbonate fuel cell MMC Modular multilevel converter Mg Magnesium",9321,9328,,,reactor,,,reactor
2,reactor,APPLICATION,,Mn Manganese MREO Mixed rare earth oxides MOCVD Metal organic chemical vapor deposition MOSFET Metal-oxide-semiconductor field-effect transistor MOX Mixed oxide fuel MPPT Maximum power point trackers MSR Molten salt reactor Mt Million metric tons,9623,9630,,,reactor,,,reactor
2,NdFeB,COMPETING_MATERIAL,,Nd Neodymium NdFeB Neodymium iron boron (magnet),9819,9824,,,NdFeB,,,NdFeB
2,grain-oriented electrical steel,COMPETING_MATERIAL,,NiMH NMC Nickel metal hydride Nickel manganese cobalt NOES Non-grain-oriented electrical steel NRC NZE U.S. Nuclear Regulatory Council Net-Zero Emissions OBC Onboard charger OEM Original equipment manufacturer OLED,10016,10047,,,grain-oriented electrical steel,,,grain-oriented electric steel
2,PHEV,APPLICATION,,"Organic light-emitting diode P Phosphorous PAFC Phosphoric acid fuel cell Pd Palladium PEM PEMFC Polymer electrolyte membrane Polymer electrolyte membrane fuel cell PEMEC Proton exchange membrane electrolyzer PFAS Polyfluoroalkyl substance PFSA Perfluorosulfonic acid PGM Platinum group metal PHEV Plug-in hybrid electric vehicle PHWR Pressurized heavy water reactor PM Particulate matter PMSG Permanent-magnet synchronous generator PMSM Permanent-magnet synchronous motor PWR Pressurized water reactor Pr Praseodymium PRS Political, Regulatory and Social factors Pt Platinum PV Photovoltaic QLED Quantum-dot light emitting diode RD&D Research, development and deployment RE REMADE Rare earth",10461,10465,,,PHEV,,,PHEV
2,hybrid electric vehicle,APPLICATION,,"Organic light-emitting diode P Phosphorous PAFC Phosphoric acid fuel cell Pd Palladium PEM PEMFC Polymer electrolyte membrane Polymer electrolyte membrane fuel cell PEMEC Proton exchange membrane electrolyzer PFAS Polyfluoroalkyl substance PFSA Perfluorosulfonic acid PGM Platinum group metal PHEV Plug-in hybrid electric vehicle PHWR Pressurized heavy water reactor PM Particulate matter PMSG Permanent-magnet synchronous generator PMSM Permanent-magnet synchronous motor PWR Pressurized water reactor Pr Praseodymium PRS Political, Regulatory and Social factors Pt Platinum PV Photovoltaic QLED Quantum-dot light emitting diode RD&D Research, development and deployment RE REMADE Rare earth",10474,10497,,,hybrid electric vehicle,,,hybrid electric vehicle
2,reactor,APPLICATION,,"Organic light-emitting diode P Phosphorous PAFC Phosphoric acid fuel cell Pd Palladium PEM PEMFC Polymer electrolyte membrane Polymer electrolyte membrane fuel cell PEMEC Proton exchange membrane electrolyzer PFAS Polyfluoroalkyl substance PFSA Perfluorosulfonic acid PGM Platinum group metal PHEV Plug-in hybrid electric vehicle PHWR Pressurized heavy water reactor PM Particulate matter PMSG Permanent-magnet synchronous generator PMSM Permanent-magnet synchronous motor PWR Pressurized water reactor Pr Praseodymium PRS Political, Regulatory and Social factors Pt Platinum PV Photovoltaic QLED Quantum-dot light emitting diode RD&D Research, development and deployment RE REMADE Rare earth",10527,10534,,,reactor,,,reactor
2,generator,APPLICATION,,"Organic light-emitting diode P Phosphorous PAFC Phosphoric acid fuel cell Pd Palladium PEM PEMFC Polymer electrolyte membrane Polymer electrolyte membrane fuel cell PEMEC Proton exchange membrane electrolyzer PFAS Polyfluoroalkyl substance PFSA Perfluorosulfonic acid PGM Platinum group metal PHEV Plug-in hybrid electric vehicle PHWR Pressurized heavy water reactor PM Particulate matter PMSG Permanent-magnet synchronous generator PMSM Permanent-magnet synchronous motor PWR Pressurized water reactor Pr Praseodymium PRS Political, Regulatory and Social factors Pt Platinum PV Photovoltaic QLED Quantum-dot light emitting diode RD&D Research, development and deployment RE REMADE Rare earth",10591,10600,,,generator,,,generator
2,PMSM,APPLICATION,,"Organic light-emitting diode P Phosphorous PAFC Phosphoric acid fuel cell Pd Palladium PEM PEMFC Polymer electrolyte membrane Polymer electrolyte membrane fuel cell PEMEC Proton exchange membrane electrolyzer PFAS Polyfluoroalkyl substance PFSA Perfluorosulfonic acid PGM Platinum group metal PHEV Plug-in hybrid electric vehicle PHWR Pressurized heavy water reactor PM Particulate matter PMSG Permanent-magnet synchronous generator PMSM Permanent-magnet synchronous motor PWR Pressurized water reactor Pr Praseodymium PRS Political, Regulatory and Social factors Pt Platinum PV Photovoltaic QLED Quantum-dot light emitting diode RD&D Research, development and deployment RE REMADE Rare earth",10601,10605,,,PMSM,,,PMSM
2,reactor,APPLICATION,,"Organic light-emitting diode P Phosphorous PAFC Phosphoric acid fuel cell Pd Palladium PEM PEMFC Polymer electrolyte membrane Polymer electrolyte membrane fuel cell PEMEC Proton exchange membrane electrolyzer PFAS Polyfluoroalkyl substance PFSA Perfluorosulfonic acid PGM Platinum group metal PHEV Plug-in hybrid electric vehicle PHWR Pressurized heavy water reactor PM Particulate matter PMSG Permanent-magnet synchronous generator PMSM Permanent-magnet synchronous motor PWR Pressurized water reactor Pr Praseodymium PRS Political, Regulatory and Social factors Pt Platinum PV Photovoltaic QLED Quantum-dot light emitting diode RD&D Research, development and deployment RE REMADE Rare earth",10663,10670,,,reactor,,,reactor
2,reactor,APPLICATION,,"Reducing embodied energy and decreasing emissions U.S. Department of Energy, Critical Materials Assessment 2023 viii REMIX Regenerated mixture fuel REPM Rare earth permanent magnet Rh Rhodium S Sulfur SDS Sustainable Development Scenario SF6 Sulfur hexafluoride Si Silicon SiC Silicon carbide SMR Steam methane reforming SMR Small modular reactor SOEC Solid oxide electrolyzer cell SOFC Solid oxide fuel cell Sr Strontium SRM Switched reluctance motor SSL Solid-state lighting STEPS Stated Policies Scenario",11200,11207,,,reactor,,,reactor
2,SRM,APPLICATION,,"Reducing embodied energy and decreasing emissions U.S. Department of Energy, Critical Materials Assessment 2023 viii REMIX Regenerated mixture fuel REPM Rare earth permanent magnet Rh Rhodium S Sulfur SDS Sustainable Development Scenario SF6 Sulfur hexafluoride Si Silicon SiC Silicon carbide SMR Steam methane reforming SMR Small modular reactor SOEC Solid oxide electrolyzer cell SOFC Solid oxide fuel cell Sr Strontium SRM Switched reluctance motor SSL Solid-state lighting STEPS Stated Policies Scenario",11283,11286,,,SRM,,,SRM
2,electric vehicle,APPLICATION,,"The use of SiC in power electronics has become more significant, particularly for electric vehicle (EV) inverters.",15003,15019,,,electric vehicle,,,electric vehicle
2,EV,APPLICATION,,"The use of SiC in power electronics has become more significant, particularly for electric vehicle (EV) inverters.",15021,15023,,,EV,,,EV
2,dysprosium,COMPETING_MATERIAL,,"[Pr], dysprosium [Dy], and terbium",16662,16672,,,dysprosium,,,dysprosium
2,EV,APPLICATION,,[Tb]) used in magnets in EV motors and wind turbine generators continue to be critical.,16716,16718,,,EV,,,EV
2,EV,APPLICATION,,"While cobalt (Co) was found to be critical in this and previous reports, lithium (Li) becomes critical in the medium term due to its broader use in various battery chemistries and the rampant growth of the EV industry.",17480,17482,,,EV,,,EV
2,dysprosium,COMPETING_MATERIAL,,"Market Evolution since the 2019 Critical Materials Strategy Report The 2019 CMS report found seven materials to be critical in the medium term (2020–2030), including neodymium, dysprosium, rhodium, gallium, lithium, cobalt, and magnesium (Mg).",18686,18696,,,dysprosium,,,dysprosium
2,EV,APPLICATION,,"Global EV sales increased from 716,000 vehicles in 2015 to 10.6 million vehicles in 2022.",19266,19268,,,EV,,,EV
2,EV,APPLICATION,,"China has been at the forefront of this growth, accounting for 60% of the new EV registrations worldwide in 2022, encompassing various vehicle types such as cars, trucks, vans, and buses.",19427,19429,,,EV,,,EV
2,EV,APPLICATION,,"The swift growth in EV sales has resulted in increased demand for vital components such as lithium-ion batteries, rare earth magnets, electrical steel in both motors and charging infrastructure, and power electronics.",19557,19559,,,EV,,,EV
2,EV,APPLICATION,,The demand for electrical steel has increased due to the need for electric grid expansion and modernization as well as use in EV motors and charging infrastructure.,22942,22944,,,EV,,,EV
2,EV,APPLICATION,,Concerns arise related to slow and expensive capacity expansion for EV-grade electrical steel on a global basis.,23766,23768,,,EV,,,EV
2,dysprosium,COMPETING_MATERIAL,,"The analysis identifies seven materials, namely dysprosium, neodymium, gallium, graphite, cobalt, terbium, and iridium, as critical in the short term (2020–2025; see Figure ES.1).",27372,27382,,,dysprosium,,,dysprosium
2,B8,FLUX_DENSITY,UNSPECIFIED,Electric Grid ............................................................................................................................... 228 B7.1 Material Intensity of Cu .................................................................................................. 228 B7.2 Material Intensity of ES .................................................................................................. 228 B8.,50411,50413,,notation,B8,,,B8
2,dysprosium,COMPETING_MATERIAL,,"The set of materials evaluated includes aluminum (Al), boron (B), cobalt (Co), copper (Cu), dysprosium (Dy), electrical steel (ES), fluorine (F), gallium (Ga), gallium nitride (GaN), germanium (Ge), indium (In), iridium (Ir), iron (Fe), lanthanum (La), lithium (Li), magnesium (Mg), manganese (Mn), mixed rare earth oxide (MREO), natural graphite, neodymium (Nd), nickel (Ni), palladium (Pd), phosphorous (P), praseodymium (Pr), platinum (Pt), rhodium (Rh), silicon (Si), silicon carbide (SiC), sodium (Na), strontium (Sr), sulfur (S), tellurium (Te), terbium (Tb), titanium (Ti), uranium1 (U), vanadium (V), yttrium (Y), zinc (Zn), and zirconium (Zr).",76000,76010,,,dysprosium,,,dysprosium
2,EV,APPLICATION,,"1.2.1 Electric Vehicles EV use has continued to grow rapidly worldwide, with global sales increasing from 716,000 vehicles in 2015 to 10.6 million vehicles in 2022 (IEA, 2023b).",81279,81281,,,EV,,,EV
2,EV,APPLICATION,,"While growth in EV use has been strong throughout the world, it has been led by China, which accounted for 60% of new EV registrations worldwide in 2022, including sales of cars, trucks, vans, and buses (IEA, 2023b).",81449,81451,,,EV,,,EV
2,EV,APPLICATION,,"While growth in EV use has been strong throughout the world, it has been led by China, which accounted for 60% of new EV registrations worldwide in 2022, including sales of cars, trucks, vans, and buses (IEA, 2023b).",81551,81553,,,EV,,,EV
2,electric vehicle,APPLICATION,,The rapid growth in electric vehicle sales has put pressure on key components such as lithium-ion (Li-ion) batteries (or LIBs) and neodymium-iron-boron (NdFeB) magnets.,82094,82110,,,electric vehicle,,,electric vehicle
2,NdFeB,COMPETING_MATERIAL,,The rapid growth in electric vehicle sales has put pressure on key components such as lithium-ion (Li-ion) batteries (or LIBs) and neodymium-iron-boron (NdFeB) magnets.,82227,82232,,,NdFeB,,,NdFeB
2,EV,APPLICATION,,"EV sales projected to increase 30–35% among passenger vehicles by 2030 as consumer preferences are expected to shift from ICE vehicles (ICEVs) to EVs; thus, the need for EV lightweighting is expected to grow over the coming years as well (Czerwinski, 2021).",84631,84633,,,EV,,,EV
2,EV,APPLICATION,,"EV sales projected to increase 30–35% among passenger vehicles by 2030 as consumer preferences are expected to shift from ICE vehicles (ICEVs) to EVs; thus, the need for EV lightweighting is expected to grow over the coming years as well (Czerwinski, 2021).",84801,84803,,,EV,,,EV
2,EV,APPLICATION,,"Although the EV industry has been adopting and will continue to adopt these technologies, recent circumstances have forced the industry to consider other focus points on the manufacturing of their vehicles.",85351,85353,,,EV,,,EV
2,EV,APPLICATION,,"In electric vehicles produced with both an ICE and electric option, the weight of the EV version is approximately 1,000 pounds heavier than the ICEV version (Halonen, 2022).",85631,85633,,,EV,,,EV
2,neodymium iron boron,COMPETING_MATERIAL,,The vast majority of EVs being produced today also rely on neodymium iron boron (NdFeB) magnets.,86629,86649,,,neodymium iron boron,,,NdFeB
2,NdFeB,COMPETING_MATERIAL,,The vast majority of EVs being produced today also rely on neodymium iron boron (NdFeB) magnets.,86651,86656,,,NdFeB,,,NdFeB
2,NdFeB,COMPETING_MATERIAL,,"While Tesla has announced plans to move away from NdFeB magnets in its next-generation motors (Adamas Intelligence, 2023a), the top-selling EV brands all currently use NdFeB magnet motors.",86717,86722,,,NdFeB,,,NdFeB
2,EV,APPLICATION,,"While Tesla has announced plans to move away from NdFeB magnets in its next-generation motors (Adamas Intelligence, 2023a), the top-selling EV brands all currently use NdFeB magnet motors.",86807,86809,,,EV,,,EV
2,NdFeB,COMPETING_MATERIAL,,"While Tesla has announced plans to move away from NdFeB magnets in its next-generation motors (Adamas Intelligence, 2023a), the top-selling EV brands all currently use NdFeB magnet motors.",86835,86840,,,NdFeB,,,NdFeB
2,EV,APPLICATION,,"With the rapid growth in EV demand, production of this magnet has become one of the largest users of the key rare earth metals neodymium, praseodymium, and dysprosium.",86881,86883,,,EV,,,EV
2,dysprosium,COMPETING_MATERIAL,,"With the rapid growth in EV demand, production of this magnet has become one of the largest users of the key rare earth metals neodymium, praseodymium, and dysprosium.",87012,87022,,,dysprosium,,,dysprosium
2,NdFeB,COMPETING_MATERIAL,,About 30% of all new wind turbines in 2020 were either direct drive or hybrid turbines that use NdFeB magnets.,87661,87666,,,NdFeB,,,NdFeB
2,EV,APPLICATION,,"The primary bottleneck for the current battery technology mix remains lithium supply, of which demand is expected to grow by an order of magnitude for the combined EV and stationary storage market by 2030 (IEA, 2023c).",91220,91222,,,EV,,,EV
2,grain-oriented electrical steel,COMPETING_MATERIAL,,"While grain-oriented electrical steel (GOES) is mostly used in transformers, non-grain-oriented steel (NOES) is typically used in motor applications, with quantities in greater demand than for GOES (Eckard, 2020).",96964,96995,,,grain-oriented electrical steel,,,grain-oriented electric steel
2,GOES,COMPETING_MATERIAL,,"While grain-oriented electrical steel (GOES) is mostly used in transformers, non-grain-oriented steel (NOES) is typically used in motor applications, with quantities in greater demand than for GOES (Eckard, 2020).",96997,97001,,,GOES,,,grain-oriented electric steel
2,grain-oriented steel,COMPETING_MATERIAL,,"While grain-oriented electrical steel (GOES) is mostly used in transformers, non-grain-oriented steel (NOES) is typically used in motor applications, with quantities in greater demand than for GOES (Eckard, 2020).",97039,97059,,,grain-oriented steel,,,grain-oriented electric steel
2,GOES,COMPETING_MATERIAL,,"While grain-oriented electrical steel (GOES) is mostly used in transformers, non-grain-oriented steel (NOES) is typically used in motor applications, with quantities in greater demand than for GOES (Eckard, 2020).",97151,97155,,,GOES,,,grain-oriented electric steel
2,electric power steering,APPLICATION,,"In a conventional vehicle, there are 20 to 80 low-power auxiliary motors found in components, such as electric power steering, oil pumps, fuel pumps, electric seat adjustment, and sunroof motors (Vittori et al., 2021).",97357,97380,,,electric power steering,,,electric power steering
2,xEV,APPLICATION,,EVs and hybrid vehicles use much higher quantities of NOES per vehicle compared to conventional vehicles and also require the highest grade called xEV NOES.,97621,97624,,,xEV,,,xEV
2,xEV,APPLICATION,,"In 2020, only about 4% of more than 11 Mt of produced NOES were xEV grade, which caused concern for the automotive sector as EV demand is expected to grow significantly until 2030 (Vittori et al., 2021).",97695,97698,,,xEV,,,xEV
2,EV,APPLICATION,,"In 2020, only about 4% of more than 11 Mt of produced NOES were xEV grade, which caused concern for the automotive sector as EV demand is expected to grow significantly until 2030 (Vittori et al., 2021).",97756,97758,,,EV,,,EV
2,GOES,COMPETING_MATERIAL,,"In the United States, concerns about GOES have been identified as a major bottleneck for the large power transformer supply chain (Nguyen et al., 2022).",98124,98128,,,GOES,,,grain-oriented electric steel
2,power transformer,APPLICATION,,"In the United States, concerns about GOES have been identified as a major bottleneck for the large power transformer supply chain (Nguyen et al., 2022).",98186,98203,,,power transformer,,,power transformer
2,amorphous steel,COMPETING_MATERIAL,,"In addition to the conventional iron-silicon alloys, amorphous steel is a newer soft magnetic material that has high resistivity, leading to lower energy losses of up to 70% (Metglas Inc., n.d.) at very high frequencies.",98293,98308,,,amorphous steel,,,amorphous steel
2,amorphous steel,COMPETING_MATERIAL,,"Due to the importance of conventional electrical steel and amorphous steel to the electric grid, both material forms are included in this report under one category of electrical steel.",98827,98842,,,amorphous steel,,,amorphous steel
2,EV,APPLICATION,,The EV sector is fast-growing but has not dominated this market yet.,99359,99361,,,EV,,,EV
2,EV,APPLICATION,,"The EV market is the primary driver for SiC, especially inverters, along with charging infrastructure for 800 V battery systems, to increase range and decrease charging time (Chiu & Dogmus, 2022).",100579,100581,,,EV,,,EV
2,EV,APPLICATION,,SiC has been used in both residential and commercial EV charging and energy storage.,101008,101010,,,EV,,,EV
2,EV,APPLICATION,,"While traditional hydrocarbon-powered vehicles with internal combustion engines (spark ignition gasoline engines and compression ignition diesel engines) (Vehicle Technologies Office, 2013) remain the dominant technology (and will for some time), EV sales globally have continued to increase at a rapid pace.",104918,104920,,,EV,,,EV
2,EV,APPLICATION,,"According to the IEA, EV sales accounted for 14% of total vehicle sales in 2022, up from 9% in 2021 — a rate driven largely by consumers in China (IEA, 2023e).",105002,105004,,,EV,,,EV
2,HEV,APPLICATION,,"In this study, HEV demands are not considered separately from ICE vehicles (Argonne National Laboratory, n.d.-b).",110330,110333,,,HEV,,,HEV
2,PHEV,APPLICATION,,"PHEV batteries are recharged from the electric grid, from the internal combustion engine, and from regenerative breaking.",110595,110599,,,PHEV,,,PHEV
2,traction motor,APPLICATION,,"BEVs use an electric motor, usually a traction motor, to propel the vehicle and are powered by rechargeable batteries that are charged using an external power source, such as a charging station or a home charging unit.",111394,111408,,,traction motor,,,traction motor
2,electric vehicle,APPLICATION,,"According to the U.S. Energy Information Administration (EIA), as of the fourth quarter of 2021, electric vehicle sales accounted for 3.4% of all light-duty vehicle sales in the United States (EIA, 2022a), and nearly 12% of cars sold in February 2023 were either BEVs or PHEVs (as shown in Figure 2.1).",112175,112191,,,electric vehicle,,,electric vehicle
2,traction motor,APPLICATION,,"Evs contain approximately three to four times the amount of copper that an ICE vehicle has, with much of the additional copper coming from the traction motor (ICA, 2022b).",119230,119244,,,traction motor,,,traction motor
2,EV,APPLICATION,,"In parallel with EV deployment, autonomous vehicle development also will drive increased copper consumption in cameras, lidars, radars, and the autonomous driving control unit (ADCU) (IdtechEx, 2022).",119276,119278,,,EV,,,EV
2,EV,APPLICATION,,"These components have been estimated to comprise six percent of the total copper deployed in an EV U.S. Department of Energy, Critical Materials Assessment 2023 16 (IdtechEx, 2022).",119556,119558,,,EV,,,EV
2,BEV,APPLICATION,,"Additionally, as vehicle size increases, such as for a bus, the amount of copper required for a BEV increases by a factor of eleven to sixteen when compared to an ICE bus.",120066,120069,,,BEV,,,BEV
2,BEV,APPLICATION,,"This range yields copper requirements for a BEV bus at 369 kg and 89 kg for a hybrid electric bus (Copper Development Association, 2022a).",120186,120189,,,BEV,,,BEV
2,electric power steering,APPLICATION,,"They are low-power motors, also known as auxiliary motors, that perform various tasks in a vehicle, ranging from starter motors, electric power steering, oil and fuel U.S. Department of Energy, Critical Materials Assessment 2023 17 pumps, electric seat adjustment, mirror adjustment, window, and sunroof motors.",122635,122658,,,electric power steering,,,electric power steering
2,NdFeB,COMPETING_MATERIAL,,The magnets for permanent magnet motors are typically made of materials such as neodymium-iron- boron (NdFeB) magnets or ferrite with strong magnetic properties.,123640,123645,,,NdFeB,,,NdFeB
2,ferrite,COMPETING_MATERIAL,,The magnets for permanent magnet motors are typically made of materials such as neodymium-iron- boron (NdFeB) magnets or ferrite with strong magnetic properties.,123658,123665,,,ferrite,,,ferrite
2,rotor,APPLICATION,,"Soft magnetic materials associated with windings or permanent magnets create magnetic fields to produce a torque that causes the rotor to rotate (Hughes & Drury, 2019).",123828,123833,,,rotor,,,rotor
2,ferrite,COMPETING_MATERIAL,,Most auxiliary motors in vehicles use ferrite magnets to save costs.,123906,123913,,,ferrite,,,ferrite
2,NdFeB,COMPETING_MATERIAL,,"Where high performance, weight, or space saving are required, NdFeB magnets are used to reduce up to 50% of the size and 40% of the weight compared to ferrite magnet motors (Honkura, 2006).",123999,124004,,,NdFeB,,,NdFeB
2,ferrite magnet,COMPETING_MATERIAL,,"Where high performance, weight, or space saving are required, NdFeB magnets are used to reduce up to 50% of the size and 40% of the weight compared to ferrite magnet motors (Honkura, 2006).",124088,124102,,,ferrite magnet,,,ferrite magnet
2,NdFeB,COMPETING_MATERIAL,,"However, the amount of NdFeB magnets used in auxiliary motors are not as significant as in EV traction motors, ranging from 16 g to 125 g/vehicle (Nguyen et al., 2020;",124150,124155,,,NdFeB,,,NdFeB
2,EV,APPLICATION,,"However, the amount of NdFeB magnets used in auxiliary motors are not as significant as in EV traction motors, ranging from 16 g to 125 g/vehicle (Nguyen et al., 2020;",124218,124220,,,EV,,,EV
2,NdFeB,COMPETING_MATERIAL,,"As a result, NdFeB magnets are not considered for auxiliary motors in this report.",124330,124335,,,NdFeB,,,NdFeB
2,NdFeB,COMPETING_MATERIAL,,More discussion on NdFeB magnets can be found in the traction motor discussion in Section 2.1.3.4.,124419,124424,,,NdFeB,,,NdFeB
2,traction motor,APPLICATION,,More discussion on NdFeB magnets can be found in the traction motor discussion in Section 2.1.3.4.,124453,124467,,,traction motor,,,traction motor
2,GOES,COMPETING_MATERIAL,,"There are two main categories of electrical steel, including one that is grain-oriented (GOES) and another that is non-grain oriented (NOES).",125181,125185,,,GOES,,,grain-oriented electric steel
2,GOES,COMPETING_MATERIAL,,"GOES is mainly used for non- rotating applications like transformers, whereas NOES is used for rotating equipment such as electric motors, generators, and high-frequency converters.",125234,125238,,,GOES,,,grain-oriented electric steel
2,EV,APPLICATION,,NOES used in vehicle auxiliary motors is of a lower grade compared to NOES in EV traction motors.,125494,125496,,,EV,,,EV
2,IPM,APPLICATION,,"These motor types, including alternating current (AC) induction motors, permanent magnet synchronous motors (PMSMs), DC brushed motors, brushless direct current (BLDC) motors, switched reluctance motors (SRMs), and internal permanent magnet (IPM) motors, each utilize unique principles to generate torque and propel the vehicle.",126280,126283,,,IPM,,,IPM
2,induction motor,APPLICATION,,The AC induction motor utilizes the interaction between the stator and rotor magnetic fields to generate torque.,126374,126389,,,induction motor,,,induction motor
2,stator,APPLICATION,,The AC induction motor utilizes the interaction between the stator and rotor magnetic fields to generate torque.,126427,126433,,,stator,,,stator
2,rotor,APPLICATION,,The AC induction motor utilizes the interaction between the stator and rotor magnetic fields to generate torque.,126438,126443,,,rotor,,,rotor
2,PMSM,APPLICATION,,The PMSM takes advantage of the interaction between the permanent magnets mounted on the rotor and the electromagnets on the stator.,126484,126488,,,PMSM,,,PMSM
2,rotor,APPLICATION,,The PMSM takes advantage of the interaction between the permanent magnets mounted on the rotor and the electromagnets on the stator.,126569,126574,,,rotor,,,rotor
2,stator,APPLICATION,,The PMSM takes advantage of the interaction between the permanent magnets mounted on the rotor and the electromagnets on the stator.,126605,126611,,,stator,,,stator
2,SRM,APPLICATION,,"The SRM utilizes the interaction between magnetic fields in the stator and rotor to generate torque, and the IPM motor uses permanent magnets to generate the magnetic field in the rotor (everythingPE, 2023).",126713,126716,,,SRM,,,SRM
2,stator,APPLICATION,,"The SRM utilizes the interaction between magnetic fields in the stator and rotor to generate torque, and the IPM motor uses permanent magnets to generate the magnetic field in the rotor (everythingPE, 2023).",126773,126779,,,stator,,,stator
2,rotor,APPLICATION,,"The SRM utilizes the interaction between magnetic fields in the stator and rotor to generate torque, and the IPM motor uses permanent magnets to generate the magnetic field in the rotor (everythingPE, 2023).",126784,126789,,,rotor,,,rotor
2,IPM,APPLICATION,,"The SRM utilizes the interaction between magnetic fields in the stator and rotor to generate torque, and the IPM motor uses permanent magnets to generate the magnetic field in the rotor (everythingPE, 2023).",126818,126821,,,IPM,,,IPM
2,rotor,APPLICATION,,"The SRM utilizes the interaction between magnetic fields in the stator and rotor to generate torque, and the IPM motor uses permanent magnets to generate the magnetic field in the rotor (everythingPE, 2023).",126889,126894,,,rotor,,,rotor
2,drive motor,APPLICATION,,The most commonly used electrical vehicle motor available today is a rare earth permanent magnet (REPM) synchronous drive motor using NdFeB magnets.,127033,127044,,,drive motor,,,drive motor
2,NdFeB,COMPETING_MATERIAL,,The most commonly used electrical vehicle motor available today is a rare earth permanent magnet (REPM) synchronous drive motor using NdFeB magnets.,127051,127056,,,NdFeB,,,NdFeB
2,NdFeB,COMPETING_MATERIAL,,"The base materials for NdFeB magnets are neodymium (Nd), iron (Fe), and boron (B).",127499,127504,,,NdFeB,,,NdFeB
2,dysprosium,COMPETING_MATERIAL,,"A number of additions to improve magnetic properties are also included, including dysprosium (Dy), terbium (Tb), and gallium (Ga).",127787,127797,,,dysprosium,,,dysprosium
2,AlNiCo,COMPETING_MATERIAL,,"Earlier, a study led by DOE Ames Laboratory investigated a simplified process for anisotropic mixed rare earth (Nd-based) magnets and little or no Dy, bulk processing improvements for RE- free magnets (alnico), and advances in “super-AlNiCo” (tetragonal Fe-Co) with theoretical/synthesis efforts focused on design of other AlNiCo additions (Anderson, 2012).",128792,128798,,,AlNiCo,,,AlNiCo
2,AlNiCo,COMPETING_MATERIAL,,"Earlier, a study led by DOE Ames Laboratory investigated a simplified process for anisotropic mixed rare earth (Nd-based) magnets and little or no Dy, bulk processing improvements for RE- free magnets (alnico), and advances in “super-AlNiCo” (tetragonal Fe-Co) with theoretical/synthesis efforts focused on design of other AlNiCo additions (Anderson, 2012).",128881,128887,,,AlNiCo,,,AlNiCo
2,EV traction motor,APPLICATION,,"Unlike the ordinary motor, an EV traction motor’s requirements include high torque characteristics to enable quick starting of the vehicle and powerful hill climbing, and a high revolution characteristic for high top speed (Wakisaka et al., 2013).",129235,129252,,,EV traction motor,,,EV traction motor
2,EV,APPLICATION,,"They are present in energy systems (solar PV, HVDC, wind, battery energy storage systems and EV charging), communications (both in infrastructure and servers), industrial equipment (pumps, motors, robots, and security cameras), transportation (EVs, rail, auxiliary and thermal automotive components), consumer electronics (home appliances, audio systems, computers, mobile and gaming devices), and medical equipment (Chiu & Dogmus, 2022).",139854,139856,,,EV,,,EV
2,traction motor,APPLICATION,,"In EVs, power electronics play a more important role including in traction motor control, onboard/offboard charging (Nademi & Zhang, 2020), and battery management system controls (Zhang et al., U.S. Department of Energy, Critical Materials Assessment 2023 23 2022).",141971,141985,,,traction motor,,,traction motor
2,EV,APPLICATION,,"Currently, SiC-, Si-, and GaN-based power electronics are all used at various levels in the EV industry.",142263,142265,,,EV,,,EV
2,EV,APPLICATION,,"Although SiC-based and GaN power electronics modules provide higher performance, which is preferred by the EV industry, Si-based ones are still widely used today due to low cost.",142383,142385,,,EV,,,EV
2,EV,APPLICATION,,"Si-based power modules, motor control electronics, and chargers, which could be up to 3.3 kV or higher, are generally less expensive compared to those that are SiC based, making them a cost- effective but still reliable choice for many EV applications.",142941,142943,,,EV,,,EV
2,EV,APPLICATION,,"SiC can withstand operating at 1.2 kV or even 1.7 kV, which is essential for charging a typical EV battery pack at 400 V or 800 V. They enable faster switching speeds, leading to reduced power losses and more efficient energy conversion in EVs (Morya et al., 2019).",143427,143429,,,EV,,,EV
2,EV,APPLICATION,,"For those reasons, SiC devices accounted for 33% market share of EV application in 2022.",143969,143971,,,EV,,,EV
2,EV,APPLICATION,,"The EV industry is a major driver of SiC power electronics, accounting for 69% of the SiC devices market in terms of dollars and 65% in terms of wafer quantity in 2022 (Chiu & Dogmus, 2022).",144309,144311,,,EV,,,EV
2,EV,APPLICATION,,"Due to its high costs, SiC adoption in non-EV markets is still limited.",145390,145392,,,EV,,,EV
2,EV,APPLICATION,,"The major difference between GaN and SiC is that GaN can operate at a much higher frequency but lower switching power and voltage than SiC. Small power applications of GaN devices used in the EV market include onboard chargers (OBCs) and direct current (DC) to DC conversion (Ayari & Chiu, 2022).",145759,145761,,,EV,,,EV
2,EV,APPLICATION,,OBCs between 3–11 kW and bidirectional DC/DC converters between 12– 48 V are of interest to EV manufacturers.,145956,145958,,,EV,,,EV
2,EV,APPLICATION,,"Overall, GaN plays a small role in the EV industry.",146099,146101,,,EV,,,EV
2,EV,APPLICATION,,"The solar industry does not have critical size or fast dynamic response requirements for power electronics compared to the EV industry (Roy et al., 2022; Zhang et al., 2019).",181998,182000,,,EV,,,EV
2,generator,APPLICATION,,The most common type of generator used in onshore wind turbines is a double-fed induction generator (DFIG).,186038,186047,,,generator,,,generator
2,generator,APPLICATION,,The most common type of generator used in onshore wind turbines is a double-fed induction generator (DFIG).,186104,186113,,,generator,,,generator
2,generator,APPLICATION,,This generator requires a gearbox to translate lower-speed rotation of turbine blades to the higher rotation speeds required for the generator.,186127,186136,,,generator,,,generator
2,generator,APPLICATION,,This generator requires a gearbox to translate lower-speed rotation of turbine blades to the higher rotation speeds required for the generator.,186255,186264,,,generator,,,generator
2,generator,APPLICATION,,"A third alternative is a hybrid generator, which combines a simplified gearbox to increase generator speed with a smaller permanent magnet generator.",186697,186706,,,generator,,,generator
2,generator,APPLICATION,,"A third alternative is a hybrid generator, which combines a simplified gearbox to increase generator speed with a smaller permanent magnet generator.",186756,186765,,,generator,,,generator
2,generator,APPLICATION,,"A third alternative is a hybrid generator, which combines a simplified gearbox to increase generator speed with a smaller permanent magnet generator.",186804,186813,,,generator,,,generator
2,generator,APPLICATION,,"In terms of percentages, 21% of Cu goes into cables within the tower, 20% into cables for interconnecting towers, 19% into the turbine transformer, 13% into switchgear, 11% into the generator and power electronics, 9% into ground wires and connectors, 4% into the step-up transformer, 2% into cables from the tower to the pad transformer, and 1% into control wiring (Broehl & Gauntlett, 2018).",188510,188519,,,generator,,,generator
2,generator,APPLICATION,,"U.S. Department of Energy, Critical Materials Assessment 2023 37 2.5.3.2 Generators and Transformers There are two major components in a wind turbine that contain electrical steel: the generator and the transformer (ArcelorMittal, n.d.-b).",189134,189143,,,generator,,,generator
2,ArcelorMittal,PRODUCER,,"U.S. Department of Energy, Critical Materials Assessment 2023 37 2.5.3.2 Generators and Transformers There are two major components in a wind turbine that contain electrical steel: the generator and the transformer (ArcelorMittal, n.d.-b).",189165,189178,,,ArcelorMittal,,,ArcelorMittal
2,generator,APPLICATION,,"In a wind farm, each turbine contains its own step up generator that takes the low-voltage output from the wind turbine generator and transforms it into a medium voltage (Ayers & Dickinson, 2011).",189243,189252,,,generator,,,generator
2,wind turbine generator,APPLICATION,,"In a wind farm, each turbine contains its own step up generator that takes the low-voltage output from the wind turbine generator and transforms it into a medium voltage (Ayers & Dickinson, 2011).",189296,189318,,,wind turbine generator,,,wind turbine generator
2,grain-oriented electrical steel,COMPETING_MATERIAL,,"Generally, medium-voltage transformers such as those found in wind turbines require grain-oriented electrical steel (GOES) as part of the transformer core (U.S. Department of Commerce, 2020).",189767,189798,,,grain-oriented electrical steel,,,grain-oriented electric steel
2,GOES,COMPETING_MATERIAL,,"Generally, medium-voltage transformers such as those found in wind turbines require grain-oriented electrical steel (GOES) as part of the transformer core (U.S. Department of Commerce, 2020).",189800,189804,,,GOES,,,grain-oriented electric steel
2,GOES,COMPETING_MATERIAL,,"GOES is found in stationary equipment such as transformers where the magnetization direction occurs in only one direction (Hayakawa, 2022).",189875,189879,,,GOES,,,grain-oriented electric steel
2,ArcelorMittal,PRODUCER,,"Typically, the generators found in wind turbines require nongrain-oriented electrical steel (NOES) (ArcelorMittal, n.d.-a; Heller et al., 2022).",190115,190128,,,ArcelorMittal,,,ArcelorMittal
2,ArcelorMittal,PRODUCER,,"In wind turbine generators, high-speed machines such as those of gear drive turbines require lower-loss electrical steels (ArcelorMittal, n.d.-a).",190371,190384,,,ArcelorMittal,,,ArcelorMittal
2,ArcelorMittal,PRODUCER,,"Low-speed machines such as direct-drive machines require highly permeable electrical steel grades (ArcelorMittal, n.d.-a).",190494,190507,,,ArcelorMittal,,,ArcelorMittal
2,NdFeB,COMPETING_MATERIAL,,The PMSGs commonly used in offshore turbines rely on large NdFeB magnets.,190577,190582,,,NdFeB,,,NdFeB
2,EV,APPLICATION,,"Wind turbine generators typically operate at temperatures that require some addition of Dy, Tb, and/or Ga, although the temperatures are lower than in EV motors, leading to different material requirements.",191145,191147,,,EV,,,EV
2,reactor,APPLICATION,,"The current global nuclear reactor portfolio as of 2021 consists mainly of two types of reactors: light water reactors (LWRs) and pressurized heavy water reactors (PHWRs), which together represent 96% of the global reactor fleet by reactor count (IAEA, 2022b; World Nuclear Association, 2022a, 2022c).",193911,193918,,,reactor,,,reactor
2,reactor,APPLICATION,,"The current global nuclear reactor portfolio as of 2021 consists mainly of two types of reactors: light water reactors (LWRs) and pressurized heavy water reactors (PHWRs), which together represent 96% of the global reactor fleet by reactor count (IAEA, 2022b; World Nuclear Association, 2022a, 2022c).",194099,194106,,,reactor,,,reactor
2,reactor,APPLICATION,,"The current global nuclear reactor portfolio as of 2021 consists mainly of two types of reactors: light water reactors (LWRs) and pressurized heavy water reactors (PHWRs), which together represent 96% of the global reactor fleet by reactor count (IAEA, 2022b; World Nuclear Association, 2022a, 2022c).",194116,194123,,,reactor,,,reactor
2,reactor,APPLICATION,,"Within the category of LWRs, several different designs are currently deployed around the globe, including the pressurized water reactor (PWR), the boiling water reactor (BWR), and the light water graphite-moderated reactor (LWGR), which represent 69%, 14%, and 2.5% of the global reactor fleet, respectively (IAEA, 2022b; World Nuclear Association, 2022c).",194314,194321,,,reactor,,,reactor
2,reactor,APPLICATION,,"Within the category of LWRs, several different designs are currently deployed around the globe, including the pressurized water reactor (PWR), the boiling water reactor (BWR), and the light water graphite-moderated reactor (LWGR), which represent 69%, 14%, and 2.5% of the global reactor fleet, respectively (IAEA, 2022b; World Nuclear Association, 2022c).",194347,194354,,,reactor,,,reactor
2,reactor,APPLICATION,,"Within the category of LWRs, several different designs are currently deployed around the globe, including the pressurized water reactor (PWR), the boiling water reactor (BWR), and the light water graphite-moderated reactor (LWGR), which represent 69%, 14%, and 2.5% of the global reactor fleet, respectively (IAEA, 2022b; World Nuclear Association, 2022c).",194401,194408,,,reactor,,,reactor
2,reactor,APPLICATION,,"Within the category of LWRs, several different designs are currently deployed around the globe, including the pressurized water reactor (PWR), the boiling water reactor (BWR), and the light water graphite-moderated reactor (LWGR), which represent 69%, 14%, and 2.5% of the global reactor fleet, respectively (IAEA, 2022b; World Nuclear Association, 2022c).",194466,194473,,,reactor,,,reactor
2,reactor,APPLICATION,,"The remaining operating designs include the gas-cooled reactor (GCR), the high- temperature gas-cooled reactor (HTGR), and the fast breeder reactors (FBRs).",194598,194605,,,reactor,,,reactor
2,reactor,APPLICATION,,"The remaining operating designs include the gas-cooled reactor (GCR), the high- temperature gas-cooled reactor (HTGR), and the fast breeder reactors (FBRs).",194646,194653,,,reactor,,,reactor
2,reactor,APPLICATION,,One of the key changes in some of the newer reactor designs is the fuel type that is being utilized.,195059,195066,,,reactor,,,reactor
2,generator,APPLICATION,,"Overview of Components and Materials Used in Nuclear Energy Technologies There are seven components commonly found in most types of nuclear reactors, including (1) fuel, (2) moderator, (3) control rods or blades, (4) coolant, (5) pressure vessel or pressure tubes, (6) steam generator, and (7) containment (World Nuclear Association, 2022c).",195829,195838,,,generator,,,generator
2,reactor,APPLICATION,,"Typical reactor designs such as light-water reactors (LWRs), which make up the largest market share of reactor designs at 85% (World Nuclear Association, 2022a), require U-235 concentrations to be between 3%–5% (World Nuclear Association, 2022d).",196636,196643,,,reactor,,,reactor
2,reactor,APPLICATION,,"Typical reactor designs such as light-water reactors (LWRs), which make up the largest market share of reactor designs at 85% (World Nuclear Association, 2022a), require U-235 concentrations to be between 3%–5% (World Nuclear Association, 2022d).",196731,196738,,,reactor,,,reactor
2,reactor,APPLICATION,,"Additional fuel types include MOX fuel, which consists of plutonium recovered from used reactor fuel and mixed with depleted uranium (World Nuclear Association, 2017).",200082,200089,,,reactor,,,reactor
2,reactor,APPLICATION,,"Zircaloys are used as the nuclear fuel cladding in nearly all light- and heavy-water nuclear reactor cores because of their low capture cross section to thermal neutrons and their good corrosion resistance (Onimus & Béchade, 2012; Zircon Industry Association, 2023).",201075,201082,,,reactor,,,reactor
2,reactor,APPLICATION,,"2.6.3.3 Moderators A moderator in a nuclear reactor is a material like water, heavy water, or graphite that is used to slow down the neutrons in the reactor core from their high velocities (NRC, 2021b).",202052,202059,,,reactor,,,reactor
2,reactor,APPLICATION,,"2.6.3.3 Moderators A moderator in a nuclear reactor is a material like water, heavy water, or graphite that is used to slow down the neutrons in the reactor core from their high velocities (NRC, 2021b).",202157,202164,,,reactor,,,reactor
2,reactor,APPLICATION,,"PWRs, BWRs, and PHWRs make up approximately 94% of the global reactor fleet and utilize water and heavy water as a moderator, respectively (IAEA, 2022b; World Nuclear Association, 2022a, 2022c).",202469,202476,,,reactor,,,reactor
2,reactor,APPLICATION,,"First, GCRs, AGRs, and LWGRs utilize a physical graphite structure in the reactor core, whereas HTGRs utilize graphite as part of the fuel source by encasing uranium with graphite in hexagonal blocks or spherical pebbles (World Nuclear Association, 2021a).",203061,203068,,,reactor,,,reactor
2,distribution transformer,APPLICATION,,A distribution transformer is generally defined as a smaller-capacity power transformer.,215048,215072,,,distribution transformer,,,distribution transformer
2,power transformer,APPLICATION,,A distribution transformer is generally defined as a smaller-capacity power transformer.,215116,215133,,,power transformer,,,power transformer
2,distribution transformer,APPLICATION,,"In the U.S., a distribution transformer is defined as having an input voltage of 34.5 kV or less, an output voltage of 600 volts or less, and a rating of operation for 60 Hz (United States Code, 2018).",215150,215174,,,distribution transformer,,,distribution transformer
2,GOES,COMPETING_MATERIAL,,"Electrical steel, including both GOES and amorphous steel, is used as the core material for transformers (Hayakawa, 2022;",215694,215698,,,GOES,,,grain-oriented electric steel
2,amorphous steel,COMPETING_MATERIAL,,"Electrical steel, including both GOES and amorphous steel, is used as the core material for transformers (Hayakawa, 2022;",215703,215718,,,amorphous steel,,,amorphous steel
2,GOES,COMPETING_MATERIAL,,"Amorphous steel has the potential to lower core losses up to 60-70% when compared to GOES (Dabbs, 2023).",216091,216095,,,GOES,,,grain-oriented electric steel
2,GOES,COMPETING_MATERIAL,,"However, this material is more brittle and has lower saturation magnetization compared to GOES, leading to lower efficiencies when required to operate at constant full load (Dempsey, 2023; Hirzel, 2014).",216201,216205,,,GOES,,,grain-oriented electric steel
2,distribution transformer,APPLICATION,,"To achieve that goal, distribution transformer cores would likely need to utilize more amorphous steel.",217121,217145,,,distribution transformer,,,distribution transformer
2,amorphous steel,COMPETING_MATERIAL,,"To achieve that goal, distribution transformer cores would likely need to utilize more amorphous steel.",217186,217201,,,amorphous steel,,,amorphous steel
2,NdFeB,COMPETING_MATERIAL,,"The screening methodology was developed precisely to screen out materials that are characterized by particularly large commodity markets or those that are used in negligible quantities in individual applications (e.g., iron used in NdFeB magnets or the nickel used to coat them).",238957,238962,,,NdFeB,,,NdFeB
2,dysprosium,COMPETING_MATERIAL,,"Others are evaluated for their usage in only one or two technologies and receive a single score, such as dysprosium or uranium.",247190,247200,,,dysprosium,,,dysprosium
2,EV,APPLICATION,,"Material Highest Risk Technology Score for Highest Risk Technology Factors Contributing to Scores Phosphorous LIBs (EVs and storage) 24 CAGR 40% for EVs; 28% market share of LFP chemistry for EV batteries (Xu et al., 2020); 7% additional material demand Platinum PEM electrolyzers 24 CAGR 87% of H2, high adoption of electrolysis Silicon Solar Lightweighting alloys 24 CAGR 14.1% (BCC Publishing Staff, 2022), 5.55% additional demand, 70% solar market share (Weckend, Wade, and Heath, 2016) CAGR 7%, 39% Al alloy market share, 18% additional material demand Titanium PEM electrolyzers 24 CAGR 87%; 51% market share of PEM electrolyzers (DOE, 2021); 17% additional demand Tellurium Solar 23 CAGR 10% (IEA, 2022i), 133% additional Te demand 4%–5% share in global solar market, 30%–40% in U.S. solar market (Kennedy, 2022)",251387,251389,,,EV,,,EV
2,BEV,APPLICATION,,"Energy Demand Trajectory Technology Market Penetration Material Intensity Global Energy Deployment Scenarios Sub-technology Market Share A Low Low Low B Low Low High C High High Low D High High High 4.2 Demand Trajectories of Energy Technologies 4.2.1 Vehicles Consistent sets of vehicle demand trajectories were developed based on IEA’s STEPS and NZE scenarios for four different vehicle categories—cars, vans, trucks, and buses—and for four different types of drivetrains— BEV, PHEV, FCEV, and ICE vehicles.",260522,260525,,,BEV,,,BEV
2,PHEV,APPLICATION,,"Energy Demand Trajectory Technology Market Penetration Material Intensity Global Energy Deployment Scenarios Sub-technology Market Share A Low Low Low B Low Low High C High High Low D High High High 4.2 Demand Trajectories of Energy Technologies 4.2.1 Vehicles Consistent sets of vehicle demand trajectories were developed based on IEA’s STEPS and NZE scenarios for four different vehicle categories—cars, vans, trucks, and buses—and for four different types of drivetrains— BEV, PHEV, FCEV, and ICE vehicles.",260527,260531,,,PHEV,,,PHEV
2,EV,APPLICATION,,"Total sales of all vehicles for 2020, 2021, 2025, and 2030 were estimated based on EV sales and sales shares from IEA (IEA, 2022b).",260640,260642,,,EV,,,EV
2,BEV,APPLICATION,,"For each vehicle type, BEV and PHEV adoption levels for 2020, 2021, 2025, and 2030 for the STEPS scenario were taken from IEA’s global electric vehicle outlook (IEA, 2022b).",261316,261319,,,BEV,,,BEV
2,PHEV,APPLICATION,,"For each vehicle type, BEV and PHEV adoption levels for 2020, 2021, 2025, and 2030 for the STEPS scenario were taken from IEA’s global electric vehicle outlook (IEA, 2022b).",261324,261328,,,PHEV,,,PHEV
2,electric vehicle,APPLICATION,,"For each vehicle type, BEV and PHEV adoption levels for 2020, 2021, 2025, and 2030 for the STEPS scenario were taken from IEA’s global electric vehicle outlook (IEA, 2022b).",261428,261444,,,electric vehicle,,,electric vehicle
2,BEV,APPLICATION,,"BEV, PHEV, and FCEV sales shares for the NZE scenario for 2030 and 2050 were taken from IEA’s Net Zero By 2050 report (IEA, 2022c).",261467,261470,,,BEV,,,BEV
2,PHEV,APPLICATION,,"BEV, PHEV, and FCEV sales shares for the NZE scenario for 2030 and 2050 were taken from IEA’s Net Zero By 2050 report (IEA, 2022c).",261472,261476,,,PHEV,,,PHEV
2,EV,APPLICATION,,"EV, BEV, FCEV, and ICE vehicle shares of total vehicles of each type for years in between reported data were estimated using separate multinomial logistic functions in 2021–2025 and 2025–2035 for the STEPS scenario, and in 2021–2030 and 2030–2035 for the NZE scenario.",261747,261749,,,EV,,,EV
2,BEV,APPLICATION,,"EV, BEV, FCEV, and ICE vehicle shares of total vehicles of each type for years in between reported data were estimated using separate multinomial logistic functions in 2021–2025 and 2025–2035 for the STEPS scenario, and in 2021–2030 and 2030–2035 for the NZE scenario.",261751,261754,,,BEV,,,BEV
2,rotor,APPLICATION,,"ES is used heavily in the manufacturing of electric motors, as it produces the electromagnetic field used to turn the rotor.",262772,262777,,,rotor,,,rotor
2,EV,APPLICATION,,"Typically, about 40 kg to 100 kg of NOES are used in building an EV (Steiniger, 2019).",262844,262846,,,EV,,,EV
2,GOES,COMPETING_MATERIAL,,"While NOES is the ES type used most often in EVs, it should be noted that GOES plays a big role in the EV industry, specifically in transformers of EV charging infrastructure (Vittori et al., 2021).",262940,262944,,,GOES,,,grain-oriented electric steel
2,EV,APPLICATION,,"While NOES is the ES type used most often in EVs, it should be noted that GOES plays a big role in the EV industry, specifically in transformers of EV charging infrastructure (Vittori et al., 2021).",262969,262971,,,EV,,,EV
2,EV,APPLICATION,,"While NOES is the ES type used most often in EVs, it should be noted that GOES plays a big role in the EV industry, specifically in transformers of EV charging infrastructure (Vittori et al., 2021).",263014,263016,,,EV,,,EV
2,GOES,COMPETING_MATERIAL,,"However, this GOES content was calculated as part of the grid and not included here.",263079,263083,,,GOES,,,grain-oriented electric steel
2,EV,APPLICATION,,"Trajectories for ES content were built using the IEA NZE and STEPS scenarios, which provide the expected EV sales until the year 2035 (IEA, 2021a, 2022a).",263255,263257,,,EV,,,EV
2,BEV,APPLICATION,,"Each lightweighting package utilized a weighted average vehicle mass for ICE, BEV, HEV, PHEV, and FCV light-duty and heavy-duty vehicles by year.",266455,266458,,,BEV,,,BEV
2,HEV,APPLICATION,,"Each lightweighting package utilized a weighted average vehicle mass for ICE, BEV, HEV, PHEV, and FCV light-duty and heavy-duty vehicles by year.",266460,266463,,,HEV,,,HEV
2,PHEV,APPLICATION,,"Each lightweighting package utilized a weighted average vehicle mass for ICE, BEV, HEV, PHEV, and FCV light-duty and heavy-duty vehicles by year.",266465,266469,,,PHEV,,,PHEV
2,EV,APPLICATION,,"A few models of BMW, Renault, and SMART EVs use brushed EESGs, but these models make up only about 1% of the U.S. EV market (Arena EV, 2022; Argonne National Laboratory, n.d.-b).",270379,270381,,,EV,,,EV
2,EV,APPLICATION,,"A few models of BMW, Renault, and SMART EVs use brushed EESGs, but these models make up only about 1% of the U.S. EV market (Arena EV, 2022; Argonne National Laboratory, n.d.-b).",270396,270398,,,EV,,,EV
2,EV,APPLICATION,,Market shares for REPM motors in EVs are assumed to range from 50%–100% of the EV market through 2035 (see Appendix B for details).,270652,270654,,,EV,,,EV
2,EV,APPLICATION,,"High and low demand trajectories for EV, FCEV and BEV trucks, buses, vans, and cars are derived from IEA’s NZE and STEPS scenarios, as described in Section 4.2.1.",270742,270744,,,EV,,,EV
2,BEV,APPLICATION,,"High and low demand trajectories for EV, FCEV and BEV trucks, buses, vans, and cars are derived from IEA’s NZE and STEPS scenarios, as described in Section 4.2.1.",270755,270758,,,BEV,,,BEV
2,HEV,APPLICATION,,"HEVs made up 6% of U.S. ICE + HEV vehicle sales in 2022 through September (Argonne National Laboratory, n.d.-b), and are assumed to make up 6% of global ICE vehicle use through 2035.",270898,270901,,,HEV,,,HEV
2,NdFeB,COMPETING_MATERIAL,,"NdFeB permanent magnet per MW, and hybrid drive turbines use about 200 kg of magnet per MW.",281805,281810,,,NdFeB,,,NdFeB
2,reactor,APPLICATION,,"Because the assessed materials were related to nuclear fuels and not in reactor construction, it was possible to assess the annual fuel consumption based on the available nuclear capacity each year.",284192,284199,,,reactor,,,reactor
2,EV,APPLICATION,,"GaN market share will grow but at a much slower rate compared to SiC. Within the SiC market, 70% of the drive in demand is the fast-growing EV market, which is projected to reach 80% in 2027 (Chiu & Dogmus, 2022).",289853,289855,,,EV,,,EV
2,EV,APPLICATION,,"EV application for GaN accounts for only less than 3% of market share currently, but it is expected to grow to 11% in 2027.",290123,290125,,,EV,,,EV
2,EV,APPLICATION,,"The final year of the demand trajectories, 2035, projects that 30% of aluminum demand is attributable to vehicle lightweighting as compared to 6% for EV batteries and 2% for stationary storage batteries.",292809,292811,,,EV,,,EV
2,EV,APPLICATION,,"Additionally, aluminum cannot be substituted easily out of lithium-ion batteries as it is present in all EV battery chemistries analyzed in this report.",294145,294147,,,EV,,,EV
2,electric vehicle,APPLICATION,,"4.3.2 Cobalt 4.3.2.1 Demand Trajectories Cobalt demand trajectories utilized the combined trajectories of four clean energy technologies: electric vehicle batteries, stationary storage batteries, solid oxide electrolyzers, and solid oxide fuel cells.",294659,294675,,,electric vehicle,,,electric vehicle
2,EV,APPLICATION,,The clean energy technologies considered for Dy are wind turbines and EV magnets.,300899,300901,,,EV,,,EV
2,GOES,COMPETING_MATERIAL,,"Global capacity in 2022 was estimated at 25 Mt, of which GOES accounted for 57% of the total capacity.",304467,304471,,,GOES,,,grain-oriented electric steel
2,electric vehicle,APPLICATION,,Demand Trajectories Fluorine future demand trajectories were based on electric vehicle batteries and stationary storage batteries.,304702,304718,,,electric vehicle,,,electric vehicle
2,electric vehicle,APPLICATION,,"This range was then applied to (1) the projected battery sizes of light-duty and heavy-duty vehicle types sold by year in the STEPS and NZE scenarios to calculate the fluorine demand for electric vehicle batteries, and (2) to projections of stationary storage deployment in GW from the IEA’s World Energy Outlook (IEA, 2022i).",306226,306242,,,electric vehicle,,,electric vehicle
2,electric vehicle,APPLICATION,,"4.3.8 Graphite 4.3.8.1 Demand Trajectories Trajectories for future graphite demand were based on four clean energy technologies: electric vehicle batteries, stationary storage batteries, fuel cell electric vehicles, and nuclear energy.",310727,310743,,,electric vehicle,,,electric vehicle
2,electric vehicle,APPLICATION,,The graphite range for vehicle LIBs was then applied to the projected battery sizes of light-duty and heavy-duty vehicle types sold by year in the STEPS and NZE scenarios to calculate the graphite demand for electric vehicle batteries.,312297,312313,,,electric vehicle,,,electric vehicle
2,reactor,APPLICATION,,"Graphite demand for fuel cell electric vehicles was calculated based on estimated graphite content (in kg/MW) in the fuel cell stack (Badgett et al., 2022), fuel cell sizes for light-duty and heavy-duty vehicles, and their projected sales, while graphite demand for nuclear was calculated based on estimated graphite content (in metric ton per MWe) in a pebble bed reactor and projected nuclear power deployment scenarios.",312917,312924,,,reactor,,,reactor
2,electric vehicle,APPLICATION,,"Trajectories A and B are based on the IEA World Energy Outlook’s STEPS scenarios for growth in electric vehicle sales and stationary storage needs in MW, while Trajectories C and D are based IEA’s NZE scenarios.",317397,317413,,,electric vehicle,,,electric vehicle
2,EV,APPLICATION,,"The majority of the manganese demand in clean energy technologies is driven by lightweighting alloys until after 2025, when high-intensity EV battery demand begins to cut into its share.",321496,321498,,,EV,,,EV
2,EV,APPLICATION,,"Through the short term until 2025, manganese in lightweighting remains a large portion of the clean energy demand with 94% demand share in Trajectory A and 80% demand share in Trajectory D. By the end of the medium term, EV batteries in the highest demand trajectory begin to make up a larger share of the manganese demand by constituting approximately 41% of manganese demand while lightweighting consists of approximately 55%.",321765,321767,,,EV,,,EV
2,NdFeB,COMPETING_MATERIAL,,NdFeB magnets for EV motors and NdFeB magnets for wind turbine generators.,324496,324501,,,NdFeB,,,NdFeB
2,EV,APPLICATION,,NdFeB magnets for EV motors and NdFeB magnets for wind turbine generators.,324514,324516,,,EV,,,EV
2,NdFeB,COMPETING_MATERIAL,,NdFeB magnets for EV motors and NdFeB magnets for wind turbine generators.,324528,324533,,,NdFeB,,,NdFeB
2,electric vehicle,APPLICATION,,"Trajectories A and B are based on the IEA’s STEPS scenarios for growth in electric vehicle and wind turbine sales, while Trajectories C and D are based on the IEA’s NZE (net zero emissions) scenarios.",324863,324879,,,electric vehicle,,,electric vehicle
2,electric vehicle,APPLICATION,,Phosphorus demand trajectories used the combined trajectories of two clean energy technologies: electric vehicle batteries and stationary storage batteries.,328945,328961,,,electric vehicle,,,electric vehicle
2,NdFeB,COMPETING_MATERIAL,,NdFeB magnets for EV motors and wind turbine generators.,334227,334232,,,NdFeB,,,NdFeB
2,EV,APPLICATION,,NdFeB magnets for EV motors and wind turbine generators.,334245,334247,,,EV,,,EV
2,electric vehicle,APPLICATION,,"Trajectories A and B are based on the IEA’s STEPS scenarios for growth in electric vehicle and wind turbine sales, while Trajectories C and D are based on the IEA’s NZE (net zero emissions) scenarios.",334576,334592,,,electric vehicle,,,electric vehicle
2,electric vehicle,APPLICATION,,"Electric steel scenarios were taken from the electric steel section (included only energy- related applications for electric steel: power transformers, wind turbines, and electric vehicle motors) and multiplied by 3% for low demand scenarios (Trajectories A and C) and by 5% for high demand scenarios (Trajectories B and D).",337486,337502,,,electric vehicle,,,electric vehicle
2,NdFeB,COMPETING_MATERIAL,,NdFeB magnets for EV motors and NdFeB magnets for wind turbine generators.,347034,347039,,,NdFeB,,,NdFeB
2,EV,APPLICATION,,NdFeB magnets for EV motors and NdFeB magnets for wind turbine generators.,347052,347054,,,EV,,,EV
2,NdFeB,COMPETING_MATERIAL,,NdFeB magnets for EV motors and NdFeB magnets for wind turbine generators.,347066,347071,,,NdFeB,,,NdFeB
2,electric vehicle,APPLICATION,,"Trajectories A and B are based on the IEA’s STEPS scenarios for growth in electric vehicle and wind turbine sales, while Trajectories C and D are based the IEA’s NZE scenarios.",347438,347454,,,electric vehicle,,,electric vehicle
2,GOES,COMPETING_MATERIAL,,"Material Basic Availability Political, Regulatory, and Social Factors Producer Diversity Aluminum Mined and recycled aluminum Mining Mining Cobalt All mined cobalt Mining Mining Copper Refined copper, including recycling Mining and refining Mining and refining Dysprosium Dysprosium in mined rare earths Mining, separation, metal refining Mining, separation, metal refining Electrical steel GOES & NOES production GOES & NOES production GOES & NOES production Fluorine Fluorspar mining Fluorspar mining Fluorspar mining Gallium Refined, high purity (99.99999%), including recycling Refined, high purity (99.99999%) Refined, high purity (99.99999%) Graphite Flake graphite Flake graphite mining Flake graphite mining Iridium Refined iridium, including recycling Mining Mining Lithium",372970,372974,,,GOES,,,grain-oriented electric steel
2,GOES,COMPETING_MATERIAL,,"Material Basic Availability Political, Regulatory, and Social Factors Producer Diversity Aluminum Mined and recycled aluminum Mining Mining Cobalt All mined cobalt Mining Mining Copper Refined copper, including recycling Mining and refining Mining and refining Dysprosium Dysprosium in mined rare earths Mining, separation, metal refining Mining, separation, metal refining Electrical steel GOES & NOES production GOES & NOES production GOES & NOES production Fluorine Fluorspar mining Fluorspar mining Fluorspar mining Gallium Refined, high purity (99.99999%), including recycling Refined, high purity (99.99999%) Refined, high purity (99.99999%) Graphite Flake graphite Flake graphite mining Flake graphite mining Iridium Refined iridium, including recycling Mining Mining Lithium",372993,372997,,,GOES,,,grain-oriented electric steel
2,GOES,COMPETING_MATERIAL,,"Material Basic Availability Political, Regulatory, and Social Factors Producer Diversity Aluminum Mined and recycled aluminum Mining Mining Cobalt All mined cobalt Mining Mining Copper Refined copper, including recycling Mining and refining Mining and refining Dysprosium Dysprosium in mined rare earths Mining, separation, metal refining Mining, separation, metal refining Electrical steel GOES & NOES production GOES & NOES production GOES & NOES production Fluorine Fluorspar mining Fluorspar mining Fluorspar mining Gallium Refined, high purity (99.99999%), including recycling Refined, high purity (99.99999%) Refined, high purity (99.99999%) Graphite Flake graphite Flake graphite mining Flake graphite mining Iridium Refined iridium, including recycling Mining Mining Lithium",373016,373020,,,GOES,,,grain-oriented electric steel
2,dysprosium,COMPETING_MATERIAL,,"According to the analysis, there are seven critical materials in the short term, which include cobalt, dysprosium, gallium, natural graphite, iridium, neodymium, and terbium.",376381,376391,,,dysprosium,,,dysprosium
2,EV,APPLICATION,,"For example, silicon can be used in solar PVs, wind, HVDC converters, EV inverters, electrical steel, and lightweighting alloys, while dysprosium is used only in magnets in EVs and wind.",384864,384866,,,EV,,,EV
2,dysprosium,COMPETING_MATERIAL,,"For example, silicon can be used in solar PVs, wind, HVDC converters, EV inverters, electrical steel, and lightweighting alloys, while dysprosium is used only in magnets in EVs and wind.",384929,384939,,,dysprosium,,,dysprosium
2,PMSM,APPLICATION,,Implications: Tesla Announces Next Generation Rare-Earth-Free PMSM.,394724,394728,,,PMSM,,,PMSM
2,bridge,APPLICATION,,Hybrid LCC and Multi-terminal Full-bridge Modular Multilevel Converters for HVDC Transmission University of Toronto].,396841,396847,,,bridge,,,bridge
2,ArcelorMittal,PRODUCER,,https://tspace.library.utoronto.ca/handle/1807/70239 ArcelorMittal. (n.d.-a).,396994,397007,,,ArcelorMittal,,,ArcelorMittal
2,ArcelorMittal,PRODUCER,,ArcelorMittal.,397073,397086,,,ArcelorMittal,,,ArcelorMittal
2,ArcelorMittal,PRODUCER,,"Retrieved 7/05/2023 from https://annual2023.windeurope.org/sites/default/files/WindenergybrochureEN.pdf U.S. Department of Energy, Critical Materials Assessment 2023 113 ArcelorMittal.",397258,397271,,,ArcelorMittal,,,ArcelorMittal
2,ArcelorMittal,PRODUCER,,ArcelorMittal.,397316,397329,,,ArcelorMittal,,,ArcelorMittal
2,EV,APPLICATION,,Retrieved 7/05/2023 from https://belgium.arcelormittal.com/en/innovation/applications/wind-turbines/ Arena EV.,397438,397440,,,EV,,,EV
2,EV,APPLICATION,,Arena EV.,397515,397517,,,EV,,,EV
2,Nippon Steel,PRODUCER,,Nippon Steel.,424549,424561,,,Nippon Steel,,,Nippon Steel
2,Nd-Fe-B,COMPETING_MATERIAL,,The influence of Gallium doping on the magnetic performance and microstructure of Nd-Fe-B sintered magnets.,430519,430526,,,Nd-Fe-B,,,NdFeB
2,EV,APPLICATION,,"Global EV sales share in Stated Policies, Sustainable Development and Net Zero scenarios, 2015- 2040.",433657,433659,,,EV,,,EV
2,EV,APPLICATION,,Global EV Data Explorer.,434378,434380,,,EV,,,EV
2,EV,APPLICATION,,Global EV Outlook 2022.,434501,434503,,,EV,,,EV
2,EV,APPLICATION,,"Global EV sales share in Stated Policies, Sustainable Development and Net Zero scenarios, 2015- 2040.",434620,434622,,,EV,,,EV
2,EV,APPLICATION,,Global EV Outlook 2023.,436024,436026,,,EV,,,EV
2,hybrid electric vehicle,APPLICATION,,"A systematic analysis of the costs and environmental impacts of critical materials recovery from hybrid electric vehicle batteries in the U.S. iScience, 25(9), 104830.",436876,436899,,,hybrid electric vehicle,,,hybrid electric vehicle
2,electric vehicle,APPLICATION,,Projection of fuel cell electric vehicle demand reflecting the feedback effects between market conditions and market share affected by spatial factors.,440829,440845,,,electric vehicle,,,electric vehicle
2,NdFeB,COMPETING_MATERIAL,,NdFeB content in ancillary motors of U.S. conventional passenger cars and light trucks: Results from the field.,451866,451871,,,NdFeB,,,NdFeB
2,traction motor,APPLICATION,,A high-speed high-power-density non-heavy rare-earth permanent magnet traction motor.,459696,459710,,,traction motor,,,traction motor
2,voestalpine,PRODUCER,,voestalpine Corporate.,466414,466425,,,voestalpine,,,voestalpine
2,Nippon Steel,PRODUCER,,Nippon Steel Technical Report(103).,476010,476022,,,Nippon Steel,,,Nippon Steel
2,reactor,APPLICATION,,Are there different types of nuclear reactor?,479467,479474,,,reactor,,,reactor
2,additive manufacturing,PROCESSING,,Bipolar plate development with additive manufacturing and protective coating for durable and high- efficiency hydrogen production.,482062,482084,,,additive manufacturing,,,additive manufacturing
2,electric vehicle,APPLICATION,,"Importance to Energy: Short term: 2, medium term: 2 Usage of aluminum in clean energy applications is primarily driven by lightweighting of vehicles through the use of aluminum and magnesium alloys, as well as in electric vehicle (EV) batteries.",488550,488566,,,electric vehicle,,,electric vehicle
2,EV,APPLICATION,,"Importance to Energy: Short term: 2, medium term: 2 Usage of aluminum in clean energy applications is primarily driven by lightweighting of vehicles through the use of aluminum and magnesium alloys, as well as in electric vehicle (EV) batteries.",488568,488570,,,EV,,,EV
2,EV,APPLICATION,,"Energy demand for aluminum is projected to be high across the lightweighting and EV battery landscape, with substitutability being limited across the time frame of this report.",488664,488666,,,EV,,,EV
2,weldability,PROCESSING,,"Currently, magnesium is not widely applied to replace aluminum alloys, as magnesium lacks weldability — and trying to improve that weldability requires high temperatures which raises costs.",490682,490693,,,weldability,,,weldability
2,weldability,PROCESSING,,"Currently, magnesium is not widely applied to replace aluminum alloys, as magnesium lacks weldability — and trying to improve that weldability requires high temperatures which raises costs.",490723,490734,,,weldability,,,weldability
2,EV,APPLICATION,,"The demand for cobalt is expected to rise in the short to medium term due to the increasing demand for lithium-ion batteries, particularly in the EV industry.",500999,501001,,,EV,,,EV
2,EV,APPLICATION,,"However, some EV manufacturers are exploring cobalt-free alternatives to lithium-ion batteries, although these alternatives may result in slightly lower battery performance.",501206,501208,,,EV,,,EV
2,EV,APPLICATION,,"Energy Demand Short term: 4 Medium term: 4 • In 2025, about 71% of Co demand is expected to be from EV batteries and stationary storage batteries.",501466,501468,,,EV,,,EV
2,EV,APPLICATION,,"In 2035, about 93% of Co demand is expected to be from EV batteries and stationary storage batteries.",501570,501572,,,EV,,,EV
2,EV,APPLICATION,,"Net-Zero Emission Scenario (NZE), Sustainable Development Scenario (SDS), and Stated Policies Scenario (STEPS), EV shares are tipped to reach 89%, 76%, and 31%, respectively, by 2040 (IEA, 2022b).",506971,506973,,,EV,,,EV
2,EV,APPLICATION,,Global EV Data Explorer.,515165,515167,,,EV,,,EV
2,EV,APPLICATION,,"Global EV sales share in Stated Policies, Sustainable Development and Net Zero scenarios, 2015–2040.",515305,515307,,,EV,,,EV
2,neodymium iron boron,COMPETING_MATERIAL,,"Dysprosium is a rare earth metal that is used in the production of powerful neodymium iron boron (NdFeB) magnets, which are used in applications such as electric vehicle motors, wind turbine generators, consumer electronics, industrial motors, and in other non-drivetrain uses in vehicles.",517812,517832,,,neodymium iron boron,,,NdFeB
2,NdFeB,COMPETING_MATERIAL,,"Dysprosium is a rare earth metal that is used in the production of powerful neodymium iron boron (NdFeB) magnets, which are used in applications such as electric vehicle motors, wind turbine generators, consumer electronics, industrial motors, and in other non-drivetrain uses in vehicles.",517834,517839,,,NdFeB,,,NdFeB
2,electric vehicle,APPLICATION,,"Dysprosium is a rare earth metal that is used in the production of powerful neodymium iron boron (NdFeB) magnets, which are used in applications such as electric vehicle motors, wind turbine generators, consumer electronics, industrial motors, and in other non-drivetrain uses in vehicles.",517889,517905,,,electric vehicle,,,electric vehicle
2,dysprosium,COMPETING_MATERIAL,,"Importance to Energy: Short term: 4, medium term: 3 Electric vehicles and wind turbines are both key drivers of dysprosium demand, with vehicles being the more important source of growth, especially in the medium term and beyond.",518200,518210,,,dysprosium,,,dysprosium
2,dysprosium,COMPETING_MATERIAL,,"Dysprosium is very important to clean energy in the short term, where its high share of use is driven by key clean energy applications; while in the medium term, the potential for more substitution away from dysprosium reduces its importance slightly.",518526,518536,,,dysprosium,,,dysprosium
2,NdFeB,COMPETING_MATERIAL,,"Substitutability Limitations Short term: 3 Medium term: 2 • NdFeB magnets have alternatives in electric vehicles, including induction motors and electrically excited brushed motors, which have been used in vehicles such as early versions of Tesla and some BMW EVs.",518984,518989,,,NdFeB,,,NdFeB
2,NdFeB,COMPETING_MATERIAL,,"NdFeB magnets are used in a relatively small portion of onshore wind turbines; however, they have significant advantages for offshore wind turbines and would be more difficult to replace.",519362,519367,,,NdFeB,,,NdFeB
2,NdFeB,COMPETING_MATERIAL,,"Tesla has announced plans to switch away from NdFeB magnets, likely to use ferrite magnets instead, suggesting some increase in substitutability in the medium term.",519598,519603,,,NdFeB,,,NdFeB
2,ferrite,COMPETING_MATERIAL,,"Tesla has announced plans to switch away from NdFeB magnets, likely to use ferrite magnets instead, suggesting some increase in substitutability in the medium term.",519627,519634,,,ferrite,,,ferrite
2,dysprosium,COMPETING_MATERIAL,,"Supply Risk: Short term: 3, medium term: 4 Supply risk for dysprosium is high in the short term and especially in the medium term.",519958,519968,,,dysprosium,,,dysprosium
2,PMSM,APPLICATION,,Implications: Tesla Announces Next Generation Rare-Earth-Free PMSM.,523326,523330,,,PMSM,,,PMSM
2,GOES,COMPETING_MATERIAL,,Grain-oriented electrical steel (GOES) growth is due to high-power generators and transformers.,525204,525208,,,GOES,,,grain-oriented electric steel
2,grain oriented electrical steel,COMPETING_MATERIAL,,"Non- grain oriented electrical steel (NOES) is used for electric motors, small generators, and appliances.",525272,525303,,,grain oriented electrical steel,,,grain-oriented electric steel
2,GOES,COMPETING_MATERIAL,,"It can lower core losses by 60%–70% when compared to GOES (Dabbs, 2023).",525677,525681,,,GOES,,,grain-oriented electric steel
2,amorphous steel,COMPETING_MATERIAL,,"Because amorphous steel is considered a new electrical steel for the purpose of this report, there is no substitute for electrical steel in distribution transformers, commercial and industrial transformers, and current transformers.",526683,526698,,,amorphous steel,,,amorphous steel
2,GOES,COMPETING_MATERIAL,,"Also, axial flux motors, which are used in niche markets such as Ferrari LaFerrari and are planned for use in Mercedes AMG in 2024, utilize GOES rather than NOES.",527825,527829,,,GOES,,,grain-oriented electric steel
2,xEV,APPLICATION,,"The growth of EVs requires a significant supply of high-grade NOES for traction motors called xEV steel while also requiring a greater supply of lower-grade NOES for low-power motor applications such as electric power steering, fuel pumps, seat motors, and sunroof motors.",527985,527988,,,xEV,,,xEV
2,electric power steering,APPLICATION,,"The growth of EVs requires a significant supply of high-grade NOES for traction motors called xEV steel while also requiring a greater supply of lower-grade NOES for low-power motor applications such as electric power steering, fuel pumps, seat motors, and sunroof motors.",528094,528117,,,electric power steering,,,electric power steering
2,EV,APPLICATION,,"While existing capacity is able to meet demand for lower-grade NOES, and producers have announced plans to invest in EV-grade NOES in the next 3–5 years, it is still unclear whether supply will be able to meet demand (Vittori et al., 2021).",528421,528423,,,EV,,,EV
2,GOES,COMPETING_MATERIAL,,Adding more complexity to the picture is that most producers can manufacture GOES and NOES in the same facility.,528622,528626,,,GOES,,,grain-oriented electric steel
2,xEV,APPLICATION,,"Recent announcements have been made on increasing xEV steel (Hosokawa, 2022) with higher profit margins, which threaten the GOES supply for non-EV sectors due to lack of investment in GOES.",528708,528711,,,xEV,,,xEV
2,GOES,COMPETING_MATERIAL,,"Recent announcements have been made on increasing xEV steel (Hosokawa, 2022) with higher profit margins, which threaten the GOES supply for non-EV sectors due to lack of investment in GOES.",528782,528786,,,GOES,,,grain-oriented electric steel
2,EV,APPLICATION,,"Recent announcements have been made on increasing xEV steel (Hosokawa, 2022) with higher profit margins, which threaten the GOES supply for non-EV sectors due to lack of investment in GOES.",528802,528804,,,EV,,,EV
2,GOES,COMPETING_MATERIAL,,"Recent announcements have been made on increasing xEV steel (Hosokawa, 2022) with higher profit margins, which threaten the GOES supply for non-EV sectors due to lack of investment in GOES.",528842,528846,,,GOES,,,grain-oriented electric steel
2,GOES,COMPETING_MATERIAL,,"EVs also have indirect exposure to the GOES supply risk due to usage of GOES in charging infrastructure (Vittori et al., 2021).",528887,528891,,,GOES,,,grain-oriented electric steel
2,GOES,COMPETING_MATERIAL,,"EVs also have indirect exposure to the GOES supply risk due to usage of GOES in charging infrastructure (Vittori et al., 2021).",528920,528924,,,GOES,,,grain-oriented electric steel
2,Nippon Steel,PRODUCER,,"However, this year, major companies like Nippon Steel will catch up, and production capacity will be increased by almost 40%.",529189,529201,,,Nippon Steel,,,Nippon Steel
2,GOES,COMPETING_MATERIAL,,Near-term capacity shortages between 2023 and 2025 — before new capacity comes online in 2025 — are expected to occur for both GOES and NOES.,529401,529405,,,GOES,,,grain-oriented electric steel
2,xEV,APPLICATION,,Most xEV-grade NOES can run at only 90% capacity.,529421,529424,,,xEV,,,xEV
2,xEV,APPLICATION,,"In 2020, xEV steel grade accounted for 320 kt, an amount that is expected to grow to 2.5 Mt in 2027 and to 4 Mt in 2033 (Vittori et al., 2021).",529475,529478,,,xEV,,,xEV
2,xEV,APPLICATION,,"It takes an existing manufacturer 3 years to expand its capacity and a new player from 2–8 years to produce xEV steel on top of the initial 3 years (Vittori et al., 2021).",529997,530000,,,xEV,,,xEV
2,EV,APPLICATION,,"• There are also downstream bottlenecks for the EV sector with there being only 20 motor core lamination stampers globally that can meet the original equipment manufacturers’ (OEMs’) requirements (Vittori et al., 2021).",530109,530111,,,EV,,,EV
2,stamping,PROCESSING,,"There are only five companies producing stamping presses and less than 10 tool shops to manufacture unique stamping dies to support advanced motor designs (Vittori et al., 2021; United States Steel Corporation, 2022; Vittori et al., 2021).",530321,530329,,,stamping,,,stamping
2,stamping,PROCESSING,,"There are only five companies producing stamping presses and less than 10 tool shops to manufacture unique stamping dies to support advanced motor designs (Vittori et al., 2021; United States Steel Corporation, 2022; Vittori et al., 2021).",530388,530396,,,stamping,,,stamping
2,EV,APPLICATION,,"There are also downstream bottlenecks for the EV sector with 20 motor core lamination stampers globally that can meet the OEMs’ requirements (Vittori et al., 2021).",530567,530569,,,EV,,,EV
2,JFE,PRODUCER,,"• Most investment announcements by major producers such as Posco, JFE, and ArcelorMittal (Magnetics Business & Technology, 2022) are to increase NOES production capacity over GOES capacity (Hosokawa, 2022; JFE Steel Corporation, 2023), causing a concern for the future supply of GOES.",530752,530755,,,JFE,,,JFE
2,ArcelorMittal,PRODUCER,,"• Most investment announcements by major producers such as Posco, JFE, and ArcelorMittal (Magnetics Business & Technology, 2022) are to increase NOES production capacity over GOES capacity (Hosokawa, 2022; JFE Steel Corporation, 2023), causing a concern for the future supply of GOES.",530761,530774,,,ArcelorMittal,,,ArcelorMittal
2,GOES,COMPETING_MATERIAL,,"• Most investment announcements by major producers such as Posco, JFE, and ArcelorMittal (Magnetics Business & Technology, 2022) are to increase NOES production capacity over GOES capacity (Hosokawa, 2022; JFE Steel Corporation, 2023), causing a concern for the future supply of GOES.",530861,530865,,,GOES,,,grain-oriented electric steel
2,JFE Steel,PRODUCER,,"• Most investment announcements by major producers such as Posco, JFE, and ArcelorMittal (Magnetics Business & Technology, 2022) are to increase NOES production capacity over GOES capacity (Hosokawa, 2022; JFE Steel Corporation, 2023), causing a concern for the future supply of GOES.",530892,530901,,,JFE Steel,,,JFE Steel
2,GOES,COMPETING_MATERIAL,,"• Most investment announcements by major producers such as Posco, JFE, and ArcelorMittal (Magnetics Business & Technology, 2022) are to increase NOES production capacity over GOES capacity (Hosokawa, 2022; JFE Steel Corporation, 2023), causing a concern for the future supply of GOES.",530965,530969,,,GOES,,,grain-oriented electric steel
2,generator,APPLICATION,,"Competing Technology Demand Short term: 2 Medium term: 2 • In 2021, around 90% of electrical steel was used in transformer, generator, and motor applications (Fact.MR, 2022) of which 52% was used in transformers (The Business Research Company, 2023b).",531420,531429,,,generator,,,generator
2,electric vehicle,APPLICATION,,"With the rising demand of power generation and electric vehicle production, the need for electric motors, transformers, and generators will increase, driving the market for electrical steel.",531891,531907,,,electric vehicle,,,electric vehicle
2,POSCO,PRODUCER,,South Korea's POSCO to build $800m plant for EV steel.,534412,534417,,,POSCO,,,POSCO
2,EV,APPLICATION,,South Korea's POSCO to build $800m plant for EV steel.,534443,534445,,,EV,,,EV
2,JFE Steel,PRODUCER,,"• JFE Steel Corporation (2023, February 6.",534596,534605,,,JFE Steel,,,JFE Steel
2,JFE Steel,PRODUCER,,"JFE Steel to further expand electrical steel sheet capacity in Kurashiki facility, https://www.jfe-steel.co.jp/en/release/2023/230206.html.",534637,534646,,,JFE Steel,,,JFE Steel
2,ArcelorMittal,PRODUCER,,ArcelorMittal to Expand Electrical Steel Production in France.,534831,534844,,,ArcelorMittal,,,ArcelorMittal
2,GOES,COMPETING_MATERIAL,,"""Electrical Steel Market Size, Share & Trends Analysis Report By Product (GOES, NGOES), By Application (Transformer, Motor, Inductor),",536057,536061,,,GOES,,,grain-oriented electric steel
2,EV,APPLICATION,,EV batteries represent the most dominant sub-technology and will account for 19% of the total demand.,539574,539576,,,EV,,,EV
2,EV,APPLICATION,,EV batteries represent the most dominant subtechnology and will account for 55% of the total demand.,552213,552215,,,EV,,,EV
2,EV,APPLICATION,,"In 2035, flake graphite demand for energy applications will account for 91% of the total demand, and EV batteries will account for 74% of the total demand.",552417,552419,,,EV,,,EV
2,EV,APPLICATION,,"Energy Demand Short term: 4 Medium term: 4 • In 2025, about 90% of Li demand is expected to be for EV batteries and stationary storage batteries in the highest demand scenario.",566852,566854,,,EV,,,EV
2,EV,APPLICATION,,"In 2035, about 97% of Li demand is expected to be for EV batteries and stationary storage batteries in the highest demand scenario.",566986,566988,,,EV,,,EV
2,weldability,PROCESSING,,"Substitutability Limitations Short term: 3 Medium term: 2 • The applicability of aluminum alloys in automotive production would decline if magnesium content were reduced, as magnesium increases strength and improves weldability.",572338,572349,,,weldability,,,weldability
2,electric vehicle,APPLICATION,,"Importance to Energy: Short term: 2, medium term: 2 Use of manganese in energy applications, including in the lightweighting of vehicles and in electric vehicle batteries, stationary storage batteries, and hydrogen electrolyzers is expected to consist of a small percentage of total manganese demand in both the short term and medium term.",582135,582151,,,electric vehicle,,,electric vehicle
2,EV,APPLICATION,,• New U.S.-based manganese production is currently being developed to meet projected high demand for manganese in EV battery production.,588309,588311,,,EV,,,EV
2,EV,APPLICATION,,"“Manganese sulfate bottleneck looms over US, European EV manufacturers.”",592024,592026,,,EV,,,EV
2,NdFeB,COMPETING_MATERIAL,,"U.S. Department of Energy, Critical Materials Assessment 2023 177 Neodymium (Nd) Atomic number: 60 Neodymium is a rare-earth metal that is used in the production of powerful NdFeB magnets, which are used in applications such as electric vehicle motors, wind turbine generators, consumer electronics, industrial motors, and non-drivetrain uses in vehicles.",593275,593280,,,NdFeB,,,NdFeB
2,electric vehicle,APPLICATION,,"U.S. Department of Energy, Critical Materials Assessment 2023 177 Neodymium (Nd) Atomic number: 60 Neodymium is a rare-earth metal that is used in the production of powerful NdFeB magnets, which are used in applications such as electric vehicle motors, wind turbine generators, consumer electronics, industrial motors, and non-drivetrain uses in vehicles.",593329,593345,,,electric vehicle,,,electric vehicle
2,NdFeB,COMPETING_MATERIAL,,"Substitutability Limitations Short term: 3 Medium term: 3 • NdFeB magnets have alternatives in electric vehicles, including induction motors and electrically excited brushed motors, which have been used in vehicles such as early versions of the Tesla and some BMW EVs.",594443,594448,,,NdFeB,,,NdFeB
2,NdFeB,COMPETING_MATERIAL,,"NdFeB magnets are used in a relatively small portion of onshore wind turbines; however, their use offers significant advantages for offshore wind turbines and would be more difficult to replace.",594805,594810,,,NdFeB,,,NdFeB
2,NdFeB,COMPETING_MATERIAL,,"Tesla has announced plans to switch away from NdFeB magnets, likely to use ferrite magnets instead, suggesting some increase in substitutability in the medium term.",595048,595053,,,NdFeB,,,NdFeB
2,ferrite,COMPETING_MATERIAL,,"Tesla has announced plans to switch away from NdFeB magnets, likely to use ferrite magnets instead, suggesting some increase in substitutability in the medium term.",595077,595084,,,ferrite,,,ferrite
2,PMSM,APPLICATION,,Implications: Tesla Announces Next Generation Rare-Earth-Free PMSM.,599626,599630,,,PMSM,,,PMSM
2,EV,APPLICATION,,"Energy Demand Short term: 3 Medium term: 4 • In 2025, about 43% of Ni demand is expected to be from EV batteries, stationary storage batteries, and solid oxide electrolyzers in the highest demand scenario.",602123,602125,,,EV,,,EV
2,EV,APPLICATION,,"In 2035, about 78% of Ni demand is expected to be from EV batteries, stationary storage batteries, and solid oxide electrolyzers in the highest demand scenario.",602286,602288,,,EV,,,EV
2,EV,APPLICATION,,These uses include in EV batteries and stationary storage batteries.,607039,607041,,,EV,,,EV
2,EV,APPLICATION,,"Importance to Energy: Short term: 1, medium term: 1 Using the IEA’s four trajectories, it is projected that both stationary storage batteries and EV battery demand will increase, and therefore so will the amount of P increase in demand.",607232,607234,,,EV,,,EV
2,EV,APPLICATION,,The small percentage left over can still meet current demand for energy use in stationary and EV battery storage because the concentrations are currently relatively low.,608944,608946,,,EV,,,EV
2,NdFeB,COMPETING_MATERIAL,,"187 Praseodymium (Pr) Atomic number: 59 Praseodymium is a rare-earth metal that is used in the production of powerful NdFeB magnets, which are used in applications such as electric vehicle motors, wind turbine generators, consumer electronics, industrial motors, and non-drivetrain uses in vehicles.",622527,622532,,,NdFeB,,,NdFeB
2,electric vehicle,APPLICATION,,"187 Praseodymium (Pr) Atomic number: 59 Praseodymium is a rare-earth metal that is used in the production of powerful NdFeB magnets, which are used in applications such as electric vehicle motors, wind turbine generators, consumer electronics, industrial motors, and non-drivetrain uses in vehicles.",622581,622597,,,electric vehicle,,,electric vehicle
2,NdFeB,COMPETING_MATERIAL,,"It is commonly combined with neodymium in magnets and has similar properties, but it is found to be slightly less important because NdFeB magnets can more easily eliminate the use of Pr by substituting Nd than the other way around.",623362,623367,,,NdFeB,,,NdFeB
2,NdFeB,COMPETING_MATERIAL,,"Substitutability Limitations Short term: 2 Medium term: 2 • NdFeB magnets have alternatives in electric vehicles, including induction motors and electrically excited brushed motors, which have been used in vehicles such as early versions of Tesla and some BMW EVs.",623886,623891,,,NdFeB,,,NdFeB
2,NdFeB,COMPETING_MATERIAL,,"NdFeB magnets are used in a relatively small portion of onshore wind turbines; however, they offer significant advantages for offshore wind turbines and would be more difficult to replace.",624243,624248,,,NdFeB,,,NdFeB
2,NdFeB,COMPETING_MATERIAL,,"Tesla has announced plans to switch away from NdFeB magnets, likely intending to use ferrite magnets instead and suggesting some increase in substitutability in the medium term.",624480,624485,,,NdFeB,,,NdFeB
2,ferrite,COMPETING_MATERIAL,,"Tesla has announced plans to switch away from NdFeB magnets, likely intending to use ferrite magnets instead and suggesting some increase in substitutability in the medium term.",624519,624526,,,ferrite,,,ferrite
2,PMSM,APPLICATION,,Implications: Tesla Announces Next Generation Rare-Earth-Free PMSM.,629105,629109,,,PMSM,,,PMSM
2,GOES,COMPETING_MATERIAL,,[GOES] and non-grain oriented electrical steel [NOES]).,631386,631390,,,GOES,,,grain-oriented electric steel
2,grain oriented electrical steel,COMPETING_MATERIAL,,[GOES] and non-grain oriented electrical steel [NOES]).,631400,631431,,,grain oriented electrical steel,,,grain-oriented electric steel
2,EV,APPLICATION,,"The EV market is the primary driver for SiC, especially for inverters, along with charging infrastructure for 800-V battery systems, to increase range and lower charging time (ACM Research, 2022).",648262,648264,,,EV,,,EV
2,EV,APPLICATION,,SiC has been used in both residential and commercial EV charging and energy storage.,648508,648510,,,EV,,,EV
2,EV,APPLICATION,,"Energy Demand Short term: 3 Medium term: 4 • The fast-growing EV market accounted for 63% of the total SiC market in 2021 and is forecasted to be 76% in 2027 (Chiu and Dogmus, 2022; Rosina and Villamor, 2022).",648851,648853,,,EV,,,EV
2,EV,APPLICATION,,"EV charging infrastructure occupies 2%–3% market share from now until 2027, while motor drive’s market share ranges between 2% and 4% within the same period.",649165,649167,,,EV,,,EV
2,EV,APPLICATION,,"For the most dominant application of EV chargers and EVs, SiC market share values are 28% and 53% in 2021 and 2027, respectively (Chiu and Dogmus, 2022; Rosina and Villamor, 2022).",649451,649453,,,EV,,,EV
2,EV,APPLICATION,,"Substitutability Limitations Short term: 2 Medium term: 2 • For the EV market, the Si-based converter is still usable, although the SiC converter is preferred.",649754,649756,,,EV,,,EV
2,NdFeB,COMPETING_MATERIAL,,"10 20 30 40 50 60 70 80 0 100 200 300 400 500 600 700 2012 2013 2014 2015 2016 2017 Price (USD/kg) Refined Production (mt) Tellurium Production and Prices U.S. Department of Energy, Critical Materials Assessment 2023 199 Terbium (Tb) Atomic number: 65 Terbium is a rare-earth metal that is used in the production of powerful NdFeB magnets, which are used in applications such as electric vehicle motors, wind turbine generators, consumer electronics, industrial motors, and in other non-drivetrain uses in vehicles.",661192,661197,,,NdFeB,,,NdFeB
2,electric vehicle,APPLICATION,,"10 20 30 40 50 60 70 80 0 100 200 300 400 500 600 700 2012 2013 2014 2015 2016 2017 Price (USD/kg) Refined Production (mt) Tellurium Production and Prices U.S. Department of Energy, Critical Materials Assessment 2023 199 Terbium (Tb) Atomic number: 65 Terbium is a rare-earth metal that is used in the production of powerful NdFeB magnets, which are used in applications such as electric vehicle motors, wind turbine generators, consumer electronics, industrial motors, and in other non-drivetrain uses in vehicles.",661246,661262,,,electric vehicle,,,electric vehicle
2,NdFeB,COMPETING_MATERIAL,,"Substitutability Limitations Short term: 2 Medium term: 1 • NdFeB magnets have alternatives in electric vehicles, including induction motors and electrically excited brushed motors, which have been used in vehicles such as early versions of Tesla and some BMW EVs.",662395,662400,,,NdFeB,,,NdFeB
2,NdFeB,COMPETING_MATERIAL,,"NdFeB magnets are used in a relatively small portion of onshore wind turbines; however, they have significant advantages for offshore wind turbines and would be more difficult to replace.",662774,662779,,,NdFeB,,,NdFeB
2,NdFeB,COMPETING_MATERIAL,,"Tesla has announced plans to switch away from NdFeB magnets, likely to use ferrite magnets instead, suggesting some increase in substitutability in the medium term.",663010,663015,,,NdFeB,,,NdFeB
2,ferrite,COMPETING_MATERIAL,,"Tesla has announced plans to switch away from NdFeB magnets, likely to use ferrite magnets instead, suggesting some increase in substitutability in the medium term.",663039,663046,,,ferrite,,,ferrite
2,PMSM,APPLICATION,,"Retrieved from https://www.adamasintel.com/rare-earth-magnet-market-outlook-to-2040/ • Adamas Intelligence (2023), Implications: Tesla Announces Next Generation Rare-Earth-Free PMSM.",666799,666803,,,PMSM,,,PMSM
2,reactor,APPLICATION,,Substitutability Limitations Short term: 4 Medium term: 4 • Uranium is required for all current reactor fuel types in varying mixtures and U-235 concentrations.,678146,678153,,,reactor,,,reactor
2,EV,APPLICATION,,"Aluminum Lightweighting 156.9–373.0 kg/vehicle EV batteries BEV LDVsa: 39.5–69.5 kg/vehicle PHEV LDVs: 6.3–11.0 kg/vehicle BEV HDVs: 82.9–146 kg/vehicle PHEV HDVs: 13.1–23.0 kg/vehicle Stationary storage batteries Li-ion: 552.5–647.2 kg/MWh NiMH: 37.5–2500 kg/MWh NaS: 36.9–2458 kg/MWh Cobalt EV batteries BEV LDVs: 3.5–14.8 kg/vehicle PHEV LDVs: 0.6–2.3 kg/vehicle BEV HDVs: 7.3–30.9 kg/vehicle PHEV HDVs: 1.2–4.9 kg/vehicle Stationary storage batteries Li-ion: 49.0–137.5 kg/MWh NiMH: 212.5–762.5 kg/MWh Copper Vehicle (EV + ICE) ICE: 8.16E-03 to 2.18E-02 mton EV: HEV = 3.99E-02 mton PHEV = 5.99E-02 mton BEV = 8.30E-02 mton Hybrid electric bus = 8.89E-02 mton Battery electric bus = 3.69E-01 mton (CDA, 2017)",684715,684717,,,EV,,,EV
2,BEV,APPLICATION,,"Aluminum Lightweighting 156.9–373.0 kg/vehicle EV batteries BEV LDVsa: 39.5–69.5 kg/vehicle PHEV LDVs: 6.3–11.0 kg/vehicle BEV HDVs: 82.9–146 kg/vehicle PHEV HDVs: 13.1–23.0 kg/vehicle Stationary storage batteries Li-ion: 552.5–647.2 kg/MWh NiMH: 37.5–2500 kg/MWh NaS: 36.9–2458 kg/MWh Cobalt EV batteries BEV LDVs: 3.5–14.8 kg/vehicle PHEV LDVs: 0.6–2.3 kg/vehicle BEV HDVs: 7.3–30.9 kg/vehicle PHEV HDVs: 1.2–4.9 kg/vehicle Stationary storage batteries Li-ion: 49.0–137.5 kg/MWh NiMH: 212.5–762.5 kg/MWh Copper Vehicle (EV + ICE) ICE: 8.16E-03 to 2.18E-02 mton EV: HEV = 3.99E-02 mton PHEV = 5.99E-02 mton BEV = 8.30E-02 mton Hybrid electric bus = 8.89E-02 mton Battery electric bus = 3.69E-01 mton (CDA, 2017)",684728,684731,,,BEV,,,BEV
2,PHEV,APPLICATION,,"Aluminum Lightweighting 156.9–373.0 kg/vehicle EV batteries BEV LDVsa: 39.5–69.5 kg/vehicle PHEV LDVs: 6.3–11.0 kg/vehicle BEV HDVs: 82.9–146 kg/vehicle PHEV HDVs: 13.1–23.0 kg/vehicle Stationary storage batteries Li-ion: 552.5–647.2 kg/MWh NiMH: 37.5–2500 kg/MWh NaS: 36.9–2458 kg/MWh Cobalt EV batteries BEV LDVs: 3.5–14.8 kg/vehicle PHEV LDVs: 0.6–2.3 kg/vehicle BEV HDVs: 7.3–30.9 kg/vehicle PHEV HDVs: 1.2–4.9 kg/vehicle Stationary storage batteries Li-ion: 49.0–137.5 kg/MWh NiMH: 212.5–762.5 kg/MWh Copper Vehicle (EV + ICE) ICE: 8.16E-03 to 2.18E-02 mton EV: HEV = 3.99E-02 mton PHEV = 5.99E-02 mton BEV = 8.30E-02 mton Hybrid electric bus = 8.89E-02 mton Battery electric bus = 3.69E-01 mton (CDA, 2017)",684760,684764,,,PHEV,,,PHEV
2,BEV,APPLICATION,,"Aluminum Lightweighting 156.9–373.0 kg/vehicle EV batteries BEV LDVsa: 39.5–69.5 kg/vehicle PHEV LDVs: 6.3–11.0 kg/vehicle BEV HDVs: 82.9–146 kg/vehicle PHEV HDVs: 13.1–23.0 kg/vehicle Stationary storage batteries Li-ion: 552.5–647.2 kg/MWh NiMH: 37.5–2500 kg/MWh NaS: 36.9–2458 kg/MWh Cobalt EV batteries BEV LDVs: 3.5–14.8 kg/vehicle PHEV LDVs: 0.6–2.3 kg/vehicle BEV HDVs: 7.3–30.9 kg/vehicle PHEV HDVs: 1.2–4.9 kg/vehicle Stationary storage batteries Li-ion: 49.0–137.5 kg/MWh NiMH: 212.5–762.5 kg/MWh Copper Vehicle (EV + ICE) ICE: 8.16E-03 to 2.18E-02 mton EV: HEV = 3.99E-02 mton PHEV = 5.99E-02 mton BEV = 8.30E-02 mton Hybrid electric bus = 8.89E-02 mton Battery electric bus = 3.69E-01 mton (CDA, 2017)",684791,684794,,,BEV,,,BEV
2,PHEV,APPLICATION,,"Aluminum Lightweighting 156.9–373.0 kg/vehicle EV batteries BEV LDVsa: 39.5–69.5 kg/vehicle PHEV LDVs: 6.3–11.0 kg/vehicle BEV HDVs: 82.9–146 kg/vehicle PHEV HDVs: 13.1–23.0 kg/vehicle Stationary storage batteries Li-ion: 552.5–647.2 kg/MWh NiMH: 37.5–2500 kg/MWh NaS: 36.9–2458 kg/MWh Cobalt EV batteries BEV LDVs: 3.5–14.8 kg/vehicle PHEV LDVs: 0.6–2.3 kg/vehicle BEV HDVs: 7.3–30.9 kg/vehicle PHEV HDVs: 1.2–4.9 kg/vehicle Stationary storage batteries Li-ion: 49.0–137.5 kg/MWh NiMH: 212.5–762.5 kg/MWh Copper Vehicle (EV + ICE) ICE: 8.16E-03 to 2.18E-02 mton EV: HEV = 3.99E-02 mton PHEV = 5.99E-02 mton BEV = 8.30E-02 mton Hybrid electric bus = 8.89E-02 mton Battery electric bus = 3.69E-01 mton (CDA, 2017)",684821,684825,,,PHEV,,,PHEV
2,EV,APPLICATION,,"Aluminum Lightweighting 156.9–373.0 kg/vehicle EV batteries BEV LDVsa: 39.5–69.5 kg/vehicle PHEV LDVs: 6.3–11.0 kg/vehicle BEV HDVs: 82.9–146 kg/vehicle PHEV HDVs: 13.1–23.0 kg/vehicle Stationary storage batteries Li-ion: 552.5–647.2 kg/MWh NiMH: 37.5–2500 kg/MWh NaS: 36.9–2458 kg/MWh Cobalt EV batteries BEV LDVs: 3.5–14.8 kg/vehicle PHEV LDVs: 0.6–2.3 kg/vehicle BEV HDVs: 7.3–30.9 kg/vehicle PHEV HDVs: 1.2–4.9 kg/vehicle Stationary storage batteries Li-ion: 49.0–137.5 kg/MWh NiMH: 212.5–762.5 kg/MWh Copper Vehicle (EV + ICE) ICE: 8.16E-03 to 2.18E-02 mton EV: HEV = 3.99E-02 mton PHEV = 5.99E-02 mton BEV = 8.30E-02 mton Hybrid electric bus = 8.89E-02 mton Battery electric bus = 3.69E-01 mton (CDA, 2017)",684961,684963,,,EV,,,EV
2,BEV,APPLICATION,,"Aluminum Lightweighting 156.9–373.0 kg/vehicle EV batteries BEV LDVsa: 39.5–69.5 kg/vehicle PHEV LDVs: 6.3–11.0 kg/vehicle BEV HDVs: 82.9–146 kg/vehicle PHEV HDVs: 13.1–23.0 kg/vehicle Stationary storage batteries Li-ion: 552.5–647.2 kg/MWh NiMH: 37.5–2500 kg/MWh NaS: 36.9–2458 kg/MWh Cobalt EV batteries BEV LDVs: 3.5–14.8 kg/vehicle PHEV LDVs: 0.6–2.3 kg/vehicle BEV HDVs: 7.3–30.9 kg/vehicle PHEV HDVs: 1.2–4.9 kg/vehicle Stationary storage batteries Li-ion: 49.0–137.5 kg/MWh NiMH: 212.5–762.5 kg/MWh Copper Vehicle (EV + ICE) ICE: 8.16E-03 to 2.18E-02 mton EV: HEV = 3.99E-02 mton PHEV = 5.99E-02 mton BEV = 8.30E-02 mton Hybrid electric bus = 8.89E-02 mton Battery electric bus = 3.69E-01 mton (CDA, 2017)",684974,684977,,,BEV,,,BEV
2,PHEV,APPLICATION,,"Aluminum Lightweighting 156.9–373.0 kg/vehicle EV batteries BEV LDVsa: 39.5–69.5 kg/vehicle PHEV LDVs: 6.3–11.0 kg/vehicle BEV HDVs: 82.9–146 kg/vehicle PHEV HDVs: 13.1–23.0 kg/vehicle Stationary storage batteries Li-ion: 552.5–647.2 kg/MWh NiMH: 37.5–2500 kg/MWh NaS: 36.9–2458 kg/MWh Cobalt EV batteries BEV LDVs: 3.5–14.8 kg/vehicle PHEV LDVs: 0.6–2.3 kg/vehicle BEV HDVs: 7.3–30.9 kg/vehicle PHEV HDVs: 1.2–4.9 kg/vehicle Stationary storage batteries Li-ion: 49.0–137.5 kg/MWh NiMH: 212.5–762.5 kg/MWh Copper Vehicle (EV + ICE) ICE: 8.16E-03 to 2.18E-02 mton EV: HEV = 3.99E-02 mton PHEV = 5.99E-02 mton BEV = 8.30E-02 mton Hybrid electric bus = 8.89E-02 mton Battery electric bus = 3.69E-01 mton (CDA, 2017)",685004,685008,,,PHEV,,,PHEV
2,BEV,APPLICATION,,"Aluminum Lightweighting 156.9–373.0 kg/vehicle EV batteries BEV LDVsa: 39.5–69.5 kg/vehicle PHEV LDVs: 6.3–11.0 kg/vehicle BEV HDVs: 82.9–146 kg/vehicle PHEV HDVs: 13.1–23.0 kg/vehicle Stationary storage batteries Li-ion: 552.5–647.2 kg/MWh NiMH: 37.5–2500 kg/MWh NaS: 36.9–2458 kg/MWh Cobalt EV batteries BEV LDVs: 3.5–14.8 kg/vehicle PHEV LDVs: 0.6–2.3 kg/vehicle BEV HDVs: 7.3–30.9 kg/vehicle PHEV HDVs: 1.2–4.9 kg/vehicle Stationary storage batteries Li-ion: 49.0–137.5 kg/MWh NiMH: 212.5–762.5 kg/MWh Copper Vehicle (EV + ICE) ICE: 8.16E-03 to 2.18E-02 mton EV: HEV = 3.99E-02 mton PHEV = 5.99E-02 mton BEV = 8.30E-02 mton Hybrid electric bus = 8.89E-02 mton Battery electric bus = 3.69E-01 mton (CDA, 2017)",685034,685037,,,BEV,,,BEV
2,PHEV,APPLICATION,,"Aluminum Lightweighting 156.9–373.0 kg/vehicle EV batteries BEV LDVsa: 39.5–69.5 kg/vehicle PHEV LDVs: 6.3–11.0 kg/vehicle BEV HDVs: 82.9–146 kg/vehicle PHEV HDVs: 13.1–23.0 kg/vehicle Stationary storage batteries Li-ion: 552.5–647.2 kg/MWh NiMH: 37.5–2500 kg/MWh NaS: 36.9–2458 kg/MWh Cobalt EV batteries BEV LDVs: 3.5–14.8 kg/vehicle PHEV LDVs: 0.6–2.3 kg/vehicle BEV HDVs: 7.3–30.9 kg/vehicle PHEV HDVs: 1.2–4.9 kg/vehicle Stationary storage batteries Li-ion: 49.0–137.5 kg/MWh NiMH: 212.5–762.5 kg/MWh Copper Vehicle (EV + ICE) ICE: 8.16E-03 to 2.18E-02 mton EV: HEV = 3.99E-02 mton PHEV = 5.99E-02 mton BEV = 8.30E-02 mton Hybrid electric bus = 8.89E-02 mton Battery electric bus = 3.69E-01 mton (CDA, 2017)",685064,685068,,,PHEV,,,PHEV
2,EV,APPLICATION,,"Aluminum Lightweighting 156.9–373.0 kg/vehicle EV batteries BEV LDVsa: 39.5–69.5 kg/vehicle PHEV LDVs: 6.3–11.0 kg/vehicle BEV HDVs: 82.9–146 kg/vehicle PHEV HDVs: 13.1–23.0 kg/vehicle Stationary storage batteries Li-ion: 552.5–647.2 kg/MWh NiMH: 37.5–2500 kg/MWh NaS: 36.9–2458 kg/MWh Cobalt EV batteries BEV LDVs: 3.5–14.8 kg/vehicle PHEV LDVs: 0.6–2.3 kg/vehicle BEV HDVs: 7.3–30.9 kg/vehicle PHEV HDVs: 1.2–4.9 kg/vehicle Stationary storage batteries Li-ion: 49.0–137.5 kg/MWh NiMH: 212.5–762.5 kg/MWh Copper Vehicle (EV + ICE) ICE: 8.16E-03 to 2.18E-02 mton EV: HEV = 3.99E-02 mton PHEV = 5.99E-02 mton BEV = 8.30E-02 mton Hybrid electric bus = 8.89E-02 mton Battery electric bus = 3.69E-01 mton (CDA, 2017)",685190,685192,,,EV,,,EV
2,EV,APPLICATION,,"Aluminum Lightweighting 156.9–373.0 kg/vehicle EV batteries BEV LDVsa: 39.5–69.5 kg/vehicle PHEV LDVs: 6.3–11.0 kg/vehicle BEV HDVs: 82.9–146 kg/vehicle PHEV HDVs: 13.1–23.0 kg/vehicle Stationary storage batteries Li-ion: 552.5–647.2 kg/MWh NiMH: 37.5–2500 kg/MWh NaS: 36.9–2458 kg/MWh Cobalt EV batteries BEV LDVs: 3.5–14.8 kg/vehicle PHEV LDVs: 0.6–2.3 kg/vehicle BEV HDVs: 7.3–30.9 kg/vehicle PHEV HDVs: 1.2–4.9 kg/vehicle Stationary storage batteries Li-ion: 49.0–137.5 kg/MWh NiMH: 212.5–762.5 kg/MWh Copper Vehicle (EV + ICE) ICE: 8.16E-03 to 2.18E-02 mton EV: HEV = 3.99E-02 mton PHEV = 5.99E-02 mton BEV = 8.30E-02 mton Hybrid electric bus = 8.89E-02 mton Battery electric bus = 3.69E-01 mton (CDA, 2017)",685231,685233,,,EV,,,EV
2,HEV,APPLICATION,,"Aluminum Lightweighting 156.9–373.0 kg/vehicle EV batteries BEV LDVsa: 39.5–69.5 kg/vehicle PHEV LDVs: 6.3–11.0 kg/vehicle BEV HDVs: 82.9–146 kg/vehicle PHEV HDVs: 13.1–23.0 kg/vehicle Stationary storage batteries Li-ion: 552.5–647.2 kg/MWh NiMH: 37.5–2500 kg/MWh NaS: 36.9–2458 kg/MWh Cobalt EV batteries BEV LDVs: 3.5–14.8 kg/vehicle PHEV LDVs: 0.6–2.3 kg/vehicle BEV HDVs: 7.3–30.9 kg/vehicle PHEV HDVs: 1.2–4.9 kg/vehicle Stationary storage batteries Li-ion: 49.0–137.5 kg/MWh NiMH: 212.5–762.5 kg/MWh Copper Vehicle (EV + ICE) ICE: 8.16E-03 to 2.18E-02 mton EV: HEV = 3.99E-02 mton PHEV = 5.99E-02 mton BEV = 8.30E-02 mton Hybrid electric bus = 8.89E-02 mton Battery electric bus = 3.69E-01 mton (CDA, 2017)",685235,685238,,,HEV,,,HEV
2,PHEV,APPLICATION,,"Aluminum Lightweighting 156.9–373.0 kg/vehicle EV batteries BEV LDVsa: 39.5–69.5 kg/vehicle PHEV LDVs: 6.3–11.0 kg/vehicle BEV HDVs: 82.9–146 kg/vehicle PHEV HDVs: 13.1–23.0 kg/vehicle Stationary storage batteries Li-ion: 552.5–647.2 kg/MWh NiMH: 37.5–2500 kg/MWh NaS: 36.9–2458 kg/MWh Cobalt EV batteries BEV LDVs: 3.5–14.8 kg/vehicle PHEV LDVs: 0.6–2.3 kg/vehicle BEV HDVs: 7.3–30.9 kg/vehicle PHEV HDVs: 1.2–4.9 kg/vehicle Stationary storage batteries Li-ion: 49.0–137.5 kg/MWh NiMH: 212.5–762.5 kg/MWh Copper Vehicle (EV + ICE) ICE: 8.16E-03 to 2.18E-02 mton EV: HEV = 3.99E-02 mton PHEV = 5.99E-02 mton BEV = 8.30E-02 mton Hybrid electric bus = 8.89E-02 mton Battery electric bus = 3.69E-01 mton (CDA, 2017)",685255,685259,,,PHEV,,,PHEV
2,BEV,APPLICATION,,"Aluminum Lightweighting 156.9–373.0 kg/vehicle EV batteries BEV LDVsa: 39.5–69.5 kg/vehicle PHEV LDVs: 6.3–11.0 kg/vehicle BEV HDVs: 82.9–146 kg/vehicle PHEV HDVs: 13.1–23.0 kg/vehicle Stationary storage batteries Li-ion: 552.5–647.2 kg/MWh NiMH: 37.5–2500 kg/MWh NaS: 36.9–2458 kg/MWh Cobalt EV batteries BEV LDVs: 3.5–14.8 kg/vehicle PHEV LDVs: 0.6–2.3 kg/vehicle BEV HDVs: 7.3–30.9 kg/vehicle PHEV HDVs: 1.2–4.9 kg/vehicle Stationary storage batteries Li-ion: 49.0–137.5 kg/MWh NiMH: 212.5–762.5 kg/MWh Copper Vehicle (EV + ICE) ICE: 8.16E-03 to 2.18E-02 mton EV: HEV = 3.99E-02 mton PHEV = 5.99E-02 mton BEV = 8.30E-02 mton Hybrid electric bus = 8.89E-02 mton Battery electric bus = 3.69E-01 mton (CDA, 2017)",685276,685279,,,BEV,,,BEV
2,EV,APPLICATION,,"Dysprosium EV magnets BEV/PHEV/FCEV cars: 41–136 g/vehicle BEV/PHEV/FCEV vans: 62–204 g/vehicle BEV/PHEV/FCEV buses: 82–272 g/vehicle BEV/PHEV/FCEV trucks: 123–408 g/vehicle Wind turbine magnets Direct Drive: 0.0–7.9 kg/MW Hybrid: 0.0–2.4 kg/MW Kumari et al., 2018 Imholte et al., 2018 U.S. Department of Energy, Critical Materials Assessment 2023 208 Material Application Material Intensity Production Yield(s)",685519,685521,,,EV,,,EV
2,BEV,APPLICATION,,"Dysprosium EV magnets BEV/PHEV/FCEV cars: 41–136 g/vehicle BEV/PHEV/FCEV vans: 62–204 g/vehicle BEV/PHEV/FCEV buses: 82–272 g/vehicle BEV/PHEV/FCEV trucks: 123–408 g/vehicle Wind turbine magnets Direct Drive: 0.0–7.9 kg/MW Hybrid: 0.0–2.4 kg/MW Kumari et al., 2018 Imholte et al., 2018 U.S. Department of Energy, Critical Materials Assessment 2023 208 Material Application Material Intensity Production Yield(s)",685530,685533,,,BEV,,,BEV
2,PHEV,APPLICATION,,"Dysprosium EV magnets BEV/PHEV/FCEV cars: 41–136 g/vehicle BEV/PHEV/FCEV vans: 62–204 g/vehicle BEV/PHEV/FCEV buses: 82–272 g/vehicle BEV/PHEV/FCEV trucks: 123–408 g/vehicle Wind turbine magnets Direct Drive: 0.0–7.9 kg/MW Hybrid: 0.0–2.4 kg/MW Kumari et al., 2018 Imholte et al., 2018 U.S. Department of Energy, Critical Materials Assessment 2023 208 Material Application Material Intensity Production Yield(s)",685534,685538,,,PHEV,,,PHEV
2,BEV,APPLICATION,,"Dysprosium EV magnets BEV/PHEV/FCEV cars: 41–136 g/vehicle BEV/PHEV/FCEV vans: 62–204 g/vehicle BEV/PHEV/FCEV buses: 82–272 g/vehicle BEV/PHEV/FCEV trucks: 123–408 g/vehicle Wind turbine magnets Direct Drive: 0.0–7.9 kg/MW Hybrid: 0.0–2.4 kg/MW Kumari et al., 2018 Imholte et al., 2018 U.S. Department of Energy, Critical Materials Assessment 2023 208 Material Application Material Intensity Production Yield(s)",685567,685570,,,BEV,,,BEV
2,PHEV,APPLICATION,,"Dysprosium EV magnets BEV/PHEV/FCEV cars: 41–136 g/vehicle BEV/PHEV/FCEV vans: 62–204 g/vehicle BEV/PHEV/FCEV buses: 82–272 g/vehicle BEV/PHEV/FCEV trucks: 123–408 g/vehicle Wind turbine magnets Direct Drive: 0.0–7.9 kg/MW Hybrid: 0.0–2.4 kg/MW Kumari et al., 2018 Imholte et al., 2018 U.S. Department of Energy, Critical Materials Assessment 2023 208 Material Application Material Intensity Production Yield(s)",685571,685575,,,PHEV,,,PHEV
2,BEV,APPLICATION,,"Dysprosium EV magnets BEV/PHEV/FCEV cars: 41–136 g/vehicle BEV/PHEV/FCEV vans: 62–204 g/vehicle BEV/PHEV/FCEV buses: 82–272 g/vehicle BEV/PHEV/FCEV trucks: 123–408 g/vehicle Wind turbine magnets Direct Drive: 0.0–7.9 kg/MW Hybrid: 0.0–2.4 kg/MW Kumari et al., 2018 Imholte et al., 2018 U.S. Department of Energy, Critical Materials Assessment 2023 208 Material Application Material Intensity Production Yield(s)",685604,685607,,,BEV,,,BEV
2,PHEV,APPLICATION,,"Dysprosium EV magnets BEV/PHEV/FCEV cars: 41–136 g/vehicle BEV/PHEV/FCEV vans: 62–204 g/vehicle BEV/PHEV/FCEV buses: 82–272 g/vehicle BEV/PHEV/FCEV trucks: 123–408 g/vehicle Wind turbine magnets Direct Drive: 0.0–7.9 kg/MW Hybrid: 0.0–2.4 kg/MW Kumari et al., 2018 Imholte et al., 2018 U.S. Department of Energy, Critical Materials Assessment 2023 208 Material Application Material Intensity Production Yield(s)",685608,685612,,,PHEV,,,PHEV
2,BEV,APPLICATION,,"Dysprosium EV magnets BEV/PHEV/FCEV cars: 41–136 g/vehicle BEV/PHEV/FCEV vans: 62–204 g/vehicle BEV/PHEV/FCEV buses: 82–272 g/vehicle BEV/PHEV/FCEV trucks: 123–408 g/vehicle Wind turbine magnets Direct Drive: 0.0–7.9 kg/MW Hybrid: 0.0–2.4 kg/MW Kumari et al., 2018 Imholte et al., 2018 U.S. Department of Energy, Critical Materials Assessment 2023 208 Material Application Material Intensity Production Yield(s)",685642,685645,,,BEV,,,BEV
2,PHEV,APPLICATION,,"Dysprosium EV magnets BEV/PHEV/FCEV cars: 41–136 g/vehicle BEV/PHEV/FCEV vans: 62–204 g/vehicle BEV/PHEV/FCEV buses: 82–272 g/vehicle BEV/PHEV/FCEV trucks: 123–408 g/vehicle Wind turbine magnets Direct Drive: 0.0–7.9 kg/MW Hybrid: 0.0–2.4 kg/MW Kumari et al., 2018 Imholte et al., 2018 U.S. Department of Energy, Critical Materials Assessment 2023 208 Material Application Material Intensity Production Yield(s)",685646,685650,,,PHEV,,,PHEV
2,power transformer,APPLICATION,,"Transformers 72.57–108.86 mt/unit of large power transformer (Deetman, Boer, Engelenberg, Voet, & Vuuren, 2021; IEA, 2022b)",686109,686126,,,power transformer,,,power transformer
2,EV,APPLICATION,,Fluorine EV batteries BEV LDVs: 4.1–7.8 kg/vehicle PHEV LDVs: 0.6–1.2 kg/vehicle BEV HDVs: 8.5–16.4 kg/vehicle PHEV HDVs: 1.4–2.6 kg/vehicle Stationary storage batteries Li-ion: 56.9–72.8 kg/MWh Gallium Solar (CIGS) 11,686304,686306,,,EV,,,EV
2,BEV,APPLICATION,,Fluorine EV batteries BEV LDVs: 4.1–7.8 kg/vehicle PHEV LDVs: 0.6–1.2 kg/vehicle BEV HDVs: 8.5–16.4 kg/vehicle PHEV HDVs: 1.4–2.6 kg/vehicle Stationary storage batteries Li-ion: 56.9–72.8 kg/MWh Gallium Solar (CIGS) 11,686317,686320,,,BEV,,,BEV
2,PHEV,APPLICATION,,Fluorine EV batteries BEV LDVs: 4.1–7.8 kg/vehicle PHEV LDVs: 0.6–1.2 kg/vehicle BEV HDVs: 8.5–16.4 kg/vehicle PHEV HDVs: 1.4–2.6 kg/vehicle Stationary storage batteries Li-ion: 56.9–72.8 kg/MWh Gallium Solar (CIGS) 11,686346,686350,,,PHEV,,,PHEV
2,BEV,APPLICATION,,Fluorine EV batteries BEV LDVs: 4.1–7.8 kg/vehicle PHEV LDVs: 0.6–1.2 kg/vehicle BEV HDVs: 8.5–16.4 kg/vehicle PHEV HDVs: 1.4–2.6 kg/vehicle Stationary storage batteries Li-ion: 56.9–72.8 kg/MWh Gallium Solar (CIGS) 11,686376,686379,,,BEV,,,BEV
2,PHEV,APPLICATION,,Fluorine EV batteries BEV LDVs: 4.1–7.8 kg/vehicle PHEV LDVs: 0.6–1.2 kg/vehicle BEV HDVs: 8.5–16.4 kg/vehicle PHEV HDVs: 1.4–2.6 kg/vehicle Stationary storage batteries Li-ion: 56.9–72.8 kg/MWh Gallium Solar (CIGS) 11,686406,686410,,,PHEV,,,PHEV
2,EV,APPLICATION,,"EV magnets BEV/PHEV/FCEV cars: 4–15 g/vehicle BEV/PHEV/FCEV vans: 6–23 g/vehicle BEV/PHEV/FCEV buses: 9–30 g/vehicle BEV/PHEV/FCEV trucks: 13–45 g/vehicle Wind turbine magnets Direct Drive: 0.0–0.8 kg/MW Hybrid: 0.0–0.3 kg/MW Kumari et al., 2018 Habib et al., 2014 Hill, 2010 Constantinides, 2011 Lacal-Arantegui, 2015 Germanium HVDC converter 20.4 g–56.0 g per 6-inch wafer unit Microchips Percent of Ge production used in microchips (1%–2%) (IBM, 2022).",686851,686853,,,EV,,,EV
2,BEV,APPLICATION,,"EV magnets BEV/PHEV/FCEV cars: 4–15 g/vehicle BEV/PHEV/FCEV vans: 6–23 g/vehicle BEV/PHEV/FCEV buses: 9–30 g/vehicle BEV/PHEV/FCEV trucks: 13–45 g/vehicle Wind turbine magnets Direct Drive: 0.0–0.8 kg/MW Hybrid: 0.0–0.3 kg/MW Kumari et al., 2018 Habib et al., 2014 Hill, 2010 Constantinides, 2011 Lacal-Arantegui, 2015 Germanium HVDC converter 20.4 g–56.0 g per 6-inch wafer unit Microchips Percent of Ge production used in microchips (1%–2%) (IBM, 2022).",686862,686865,,,BEV,,,BEV
2,PHEV,APPLICATION,,"EV magnets BEV/PHEV/FCEV cars: 4–15 g/vehicle BEV/PHEV/FCEV vans: 6–23 g/vehicle BEV/PHEV/FCEV buses: 9–30 g/vehicle BEV/PHEV/FCEV trucks: 13–45 g/vehicle Wind turbine magnets Direct Drive: 0.0–0.8 kg/MW Hybrid: 0.0–0.3 kg/MW Kumari et al., 2018 Habib et al., 2014 Hill, 2010 Constantinides, 2011 Lacal-Arantegui, 2015 Germanium HVDC converter 20.4 g–56.0 g per 6-inch wafer unit Microchips Percent of Ge production used in microchips (1%–2%) (IBM, 2022).",686866,686870,,,PHEV,,,PHEV
2,BEV,APPLICATION,,"EV magnets BEV/PHEV/FCEV cars: 4–15 g/vehicle BEV/PHEV/FCEV vans: 6–23 g/vehicle BEV/PHEV/FCEV buses: 9–30 g/vehicle BEV/PHEV/FCEV trucks: 13–45 g/vehicle Wind turbine magnets Direct Drive: 0.0–0.8 kg/MW Hybrid: 0.0–0.3 kg/MW Kumari et al., 2018 Habib et al., 2014 Hill, 2010 Constantinides, 2011 Lacal-Arantegui, 2015 Germanium HVDC converter 20.4 g–56.0 g per 6-inch wafer unit Microchips Percent of Ge production used in microchips (1%–2%) (IBM, 2022).",686897,686900,,,BEV,,,BEV
2,PHEV,APPLICATION,,"EV magnets BEV/PHEV/FCEV cars: 4–15 g/vehicle BEV/PHEV/FCEV vans: 6–23 g/vehicle BEV/PHEV/FCEV buses: 9–30 g/vehicle BEV/PHEV/FCEV trucks: 13–45 g/vehicle Wind turbine magnets Direct Drive: 0.0–0.8 kg/MW Hybrid: 0.0–0.3 kg/MW Kumari et al., 2018 Habib et al., 2014 Hill, 2010 Constantinides, 2011 Lacal-Arantegui, 2015 Germanium HVDC converter 20.4 g–56.0 g per 6-inch wafer unit Microchips Percent of Ge production used in microchips (1%–2%) (IBM, 2022).",686901,686905,,,PHEV,,,PHEV
2,BEV,APPLICATION,,"EV magnets BEV/PHEV/FCEV cars: 4–15 g/vehicle BEV/PHEV/FCEV vans: 6–23 g/vehicle BEV/PHEV/FCEV buses: 9–30 g/vehicle BEV/PHEV/FCEV trucks: 13–45 g/vehicle Wind turbine magnets Direct Drive: 0.0–0.8 kg/MW Hybrid: 0.0–0.3 kg/MW Kumari et al., 2018 Habib et al., 2014 Hill, 2010 Constantinides, 2011 Lacal-Arantegui, 2015 Germanium HVDC converter 20.4 g–56.0 g per 6-inch wafer unit Microchips Percent of Ge production used in microchips (1%–2%) (IBM, 2022).",686932,686935,,,BEV,,,BEV
2,PHEV,APPLICATION,,"EV magnets BEV/PHEV/FCEV cars: 4–15 g/vehicle BEV/PHEV/FCEV vans: 6–23 g/vehicle BEV/PHEV/FCEV buses: 9–30 g/vehicle BEV/PHEV/FCEV trucks: 13–45 g/vehicle Wind turbine magnets Direct Drive: 0.0–0.8 kg/MW Hybrid: 0.0–0.3 kg/MW Kumari et al., 2018 Habib et al., 2014 Hill, 2010 Constantinides, 2011 Lacal-Arantegui, 2015 Germanium HVDC converter 20.4 g–56.0 g per 6-inch wafer unit Microchips Percent of Ge production used in microchips (1%–2%) (IBM, 2022).",686936,686940,,,PHEV,,,PHEV
2,BEV,APPLICATION,,"EV magnets BEV/PHEV/FCEV cars: 4–15 g/vehicle BEV/PHEV/FCEV vans: 6–23 g/vehicle BEV/PHEV/FCEV buses: 9–30 g/vehicle BEV/PHEV/FCEV trucks: 13–45 g/vehicle Wind turbine magnets Direct Drive: 0.0–0.8 kg/MW Hybrid: 0.0–0.3 kg/MW Kumari et al., 2018 Habib et al., 2014 Hill, 2010 Constantinides, 2011 Lacal-Arantegui, 2015 Germanium HVDC converter 20.4 g–56.0 g per 6-inch wafer unit Microchips Percent of Ge production used in microchips (1%–2%) (IBM, 2022).",686968,686971,,,BEV,,,BEV
2,PHEV,APPLICATION,,"EV magnets BEV/PHEV/FCEV cars: 4–15 g/vehicle BEV/PHEV/FCEV vans: 6–23 g/vehicle BEV/PHEV/FCEV buses: 9–30 g/vehicle BEV/PHEV/FCEV trucks: 13–45 g/vehicle Wind turbine magnets Direct Drive: 0.0–0.8 kg/MW Hybrid: 0.0–0.3 kg/MW Kumari et al., 2018 Habib et al., 2014 Hill, 2010 Constantinides, 2011 Lacal-Arantegui, 2015 Germanium HVDC converter 20.4 g–56.0 g per 6-inch wafer unit Microchips Percent of Ge production used in microchips (1%–2%) (IBM, 2022).",686972,686976,,,PHEV,,,PHEV
2,EV,APPLICATION,,"Lithium EV batteries BEV LDVs: 6.6–10.8 kg/vehicle PHEV LDVs: 1.1–1.7 kg/vehicle BEV HDVs: 13.9–22.7 kg/vehicle PHEV HDVs: 2.2–3.6 kg/vehicle Stationary storage batteries Li-ion: 56.9–72.8 kg/MWh Magnesium Lightweighting 6.4–24.0 kg/vehicle Manganese Lightweighting 4.0–11.1 kg/vehicle EV batteries BEV LDVs: 2.2–8.7 kg/vehicle PHEV LDVs: 0.4–1.4 kg/vehicle BEV HDVs: 4.7–18.1 kg/vehicle PHEV HDVs: 0.7–2.9 kg/vehicle Stationary storage batteries Li-ion: 31.4–84.7 kg/MWh NiMH: 100.0–500.0 kg/MWh Natural Graphite Nuclear Pebble bed reactors: • 2400–3600 mt/GW for startup • 800–1200 mt/GW for annual consumption (Next Source Materials, 2013; Subramanian, 2017) EV batteries BEV LDVs: 9.1–52.3 kg/vehicle PHEV LDVs: 1.4–8.3 kg/vehicle BEV HDVs: 19.1–109.7 kg/vehicle PHEV HDVs: 3.0–17.4 kg/vehicle FCEV fuel cells FCEV LDVs: 16.6–45.6 kg/vehicle FCEV HDVs: 40.0–91.3 kg/vehicle Stationary storage batteries Li-ion: 127.4–487.6 kg/MWh Neodymium EV magnets BEV/PHEV/FCEV cars: 309–464 g/vehicle BEV/PHEV/FCEV vans: 463–696 g/vehicle BEV/PHEV/FCEV buses: 618–928 g/vehicle BEV/PHEV/FCEV trucks: 927–1392 g/vehicle U.S. Department of Energy, Critical Materials Assessment 2023 210 Material Application Material Intensity Production Yield(s)",688041,688043,,,EV,,,EV
2,BEV,APPLICATION,,"Lithium EV batteries BEV LDVs: 6.6–10.8 kg/vehicle PHEV LDVs: 1.1–1.7 kg/vehicle BEV HDVs: 13.9–22.7 kg/vehicle PHEV HDVs: 2.2–3.6 kg/vehicle Stationary storage batteries Li-ion: 56.9–72.8 kg/MWh Magnesium Lightweighting 6.4–24.0 kg/vehicle Manganese Lightweighting 4.0–11.1 kg/vehicle EV batteries BEV LDVs: 2.2–8.7 kg/vehicle PHEV LDVs: 0.4–1.4 kg/vehicle BEV HDVs: 4.7–18.1 kg/vehicle PHEV HDVs: 0.7–2.9 kg/vehicle Stationary storage batteries Li-ion: 31.4–84.7 kg/MWh NiMH: 100.0–500.0 kg/MWh Natural Graphite Nuclear Pebble bed reactors: • 2400–3600 mt/GW for startup • 800–1200 mt/GW for annual consumption (Next Source Materials, 2013; Subramanian, 2017) EV batteries BEV LDVs: 9.1–52.3 kg/vehicle PHEV LDVs: 1.4–8.3 kg/vehicle BEV HDVs: 19.1–109.7 kg/vehicle PHEV HDVs: 3.0–17.4 kg/vehicle FCEV fuel cells FCEV LDVs: 16.6–45.6 kg/vehicle FCEV HDVs: 40.0–91.3 kg/vehicle Stationary storage batteries Li-ion: 127.4–487.6 kg/MWh Neodymium EV magnets BEV/PHEV/FCEV cars: 309–464 g/vehicle BEV/PHEV/FCEV vans: 463–696 g/vehicle BEV/PHEV/FCEV buses: 618–928 g/vehicle BEV/PHEV/FCEV trucks: 927–1392 g/vehicle U.S. Department of Energy, Critical Materials Assessment 2023 210 Material Application Material Intensity Production Yield(s)",688054,688057,,,BEV,,,BEV
2,PHEV,APPLICATION,,"Lithium EV batteries BEV LDVs: 6.6–10.8 kg/vehicle PHEV LDVs: 1.1–1.7 kg/vehicle BEV HDVs: 13.9–22.7 kg/vehicle PHEV HDVs: 2.2–3.6 kg/vehicle Stationary storage batteries Li-ion: 56.9–72.8 kg/MWh Magnesium Lightweighting 6.4–24.0 kg/vehicle Manganese Lightweighting 4.0–11.1 kg/vehicle EV batteries BEV LDVs: 2.2–8.7 kg/vehicle PHEV LDVs: 0.4–1.4 kg/vehicle BEV HDVs: 4.7–18.1 kg/vehicle PHEV HDVs: 0.7–2.9 kg/vehicle Stationary storage batteries Li-ion: 31.4–84.7 kg/MWh NiMH: 100.0–500.0 kg/MWh Natural Graphite Nuclear Pebble bed reactors: • 2400–3600 mt/GW for startup • 800–1200 mt/GW for annual consumption (Next Source Materials, 2013; Subramanian, 2017) EV batteries BEV LDVs: 9.1–52.3 kg/vehicle PHEV LDVs: 1.4–8.3 kg/vehicle BEV HDVs: 19.1–109.7 kg/vehicle PHEV HDVs: 3.0–17.4 kg/vehicle FCEV fuel cells FCEV LDVs: 16.6–45.6 kg/vehicle FCEV HDVs: 40.0–91.3 kg/vehicle Stationary storage batteries Li-ion: 127.4–487.6 kg/MWh Neodymium EV magnets BEV/PHEV/FCEV cars: 309–464 g/vehicle BEV/PHEV/FCEV vans: 463–696 g/vehicle BEV/PHEV/FCEV buses: 618–928 g/vehicle BEV/PHEV/FCEV trucks: 927–1392 g/vehicle U.S. Department of Energy, Critical Materials Assessment 2023 210 Material Application Material Intensity Production Yield(s)",688084,688088,,,PHEV,,,PHEV
2,BEV,APPLICATION,,"Lithium EV batteries BEV LDVs: 6.6–10.8 kg/vehicle PHEV LDVs: 1.1–1.7 kg/vehicle BEV HDVs: 13.9–22.7 kg/vehicle PHEV HDVs: 2.2–3.6 kg/vehicle Stationary storage batteries Li-ion: 56.9–72.8 kg/MWh Magnesium Lightweighting 6.4–24.0 kg/vehicle Manganese Lightweighting 4.0–11.1 kg/vehicle EV batteries BEV LDVs: 2.2–8.7 kg/vehicle PHEV LDVs: 0.4–1.4 kg/vehicle BEV HDVs: 4.7–18.1 kg/vehicle PHEV HDVs: 0.7–2.9 kg/vehicle Stationary storage batteries Li-ion: 31.4–84.7 kg/MWh NiMH: 100.0–500.0 kg/MWh Natural Graphite Nuclear Pebble bed reactors: • 2400–3600 mt/GW for startup • 800–1200 mt/GW for annual consumption (Next Source Materials, 2013; Subramanian, 2017) EV batteries BEV LDVs: 9.1–52.3 kg/vehicle PHEV LDVs: 1.4–8.3 kg/vehicle BEV HDVs: 19.1–109.7 kg/vehicle PHEV HDVs: 3.0–17.4 kg/vehicle FCEV fuel cells FCEV LDVs: 16.6–45.6 kg/vehicle FCEV HDVs: 40.0–91.3 kg/vehicle Stationary storage batteries Li-ion: 127.4–487.6 kg/MWh Neodymium EV magnets BEV/PHEV/FCEV cars: 309–464 g/vehicle BEV/PHEV/FCEV vans: 463–696 g/vehicle BEV/PHEV/FCEV buses: 618–928 g/vehicle BEV/PHEV/FCEV trucks: 927–1392 g/vehicle U.S. Department of Energy, Critical Materials Assessment 2023 210 Material Application Material Intensity Production Yield(s)",688114,688117,,,BEV,,,BEV
2,PHEV,APPLICATION,,"Lithium EV batteries BEV LDVs: 6.6–10.8 kg/vehicle PHEV LDVs: 1.1–1.7 kg/vehicle BEV HDVs: 13.9–22.7 kg/vehicle PHEV HDVs: 2.2–3.6 kg/vehicle Stationary storage batteries Li-ion: 56.9–72.8 kg/MWh Magnesium Lightweighting 6.4–24.0 kg/vehicle Manganese Lightweighting 4.0–11.1 kg/vehicle EV batteries BEV LDVs: 2.2–8.7 kg/vehicle PHEV LDVs: 0.4–1.4 kg/vehicle BEV HDVs: 4.7–18.1 kg/vehicle PHEV HDVs: 0.7–2.9 kg/vehicle Stationary storage batteries Li-ion: 31.4–84.7 kg/MWh NiMH: 100.0–500.0 kg/MWh Natural Graphite Nuclear Pebble bed reactors: • 2400–3600 mt/GW for startup • 800–1200 mt/GW for annual consumption (Next Source Materials, 2013; Subramanian, 2017) EV batteries BEV LDVs: 9.1–52.3 kg/vehicle PHEV LDVs: 1.4–8.3 kg/vehicle BEV HDVs: 19.1–109.7 kg/vehicle PHEV HDVs: 3.0–17.4 kg/vehicle FCEV fuel cells FCEV LDVs: 16.6–45.6 kg/vehicle FCEV HDVs: 40.0–91.3 kg/vehicle Stationary storage batteries Li-ion: 127.4–487.6 kg/MWh Neodymium EV magnets BEV/PHEV/FCEV cars: 309–464 g/vehicle BEV/PHEV/FCEV vans: 463–696 g/vehicle BEV/PHEV/FCEV buses: 618–928 g/vehicle BEV/PHEV/FCEV trucks: 927–1392 g/vehicle U.S. Department of Energy, Critical Materials Assessment 2023 210 Material Application Material Intensity Production Yield(s)",688145,688149,,,PHEV,,,PHEV
2,EV,APPLICATION,,"Lithium EV batteries BEV LDVs: 6.6–10.8 kg/vehicle PHEV LDVs: 1.1–1.7 kg/vehicle BEV HDVs: 13.9–22.7 kg/vehicle PHEV HDVs: 2.2–3.6 kg/vehicle Stationary storage batteries Li-ion: 56.9–72.8 kg/MWh Magnesium Lightweighting 6.4–24.0 kg/vehicle Manganese Lightweighting 4.0–11.1 kg/vehicle EV batteries BEV LDVs: 2.2–8.7 kg/vehicle PHEV LDVs: 0.4–1.4 kg/vehicle BEV HDVs: 4.7–18.1 kg/vehicle PHEV HDVs: 0.7–2.9 kg/vehicle Stationary storage batteries Li-ion: 31.4–84.7 kg/MWh NiMH: 100.0–500.0 kg/MWh Natural Graphite Nuclear Pebble bed reactors: • 2400–3600 mt/GW for startup • 800–1200 mt/GW for annual consumption (Next Source Materials, 2013; Subramanian, 2017) EV batteries BEV LDVs: 9.1–52.3 kg/vehicle PHEV LDVs: 1.4–8.3 kg/vehicle BEV HDVs: 19.1–109.7 kg/vehicle PHEV HDVs: 3.0–17.4 kg/vehicle FCEV fuel cells FCEV LDVs: 16.6–45.6 kg/vehicle FCEV HDVs: 40.0–91.3 kg/vehicle Stationary storage batteries Li-ion: 127.4–487.6 kg/MWh Neodymium EV magnets BEV/PHEV/FCEV cars: 309–464 g/vehicle BEV/PHEV/FCEV vans: 463–696 g/vehicle BEV/PHEV/FCEV buses: 618–928 g/vehicle BEV/PHEV/FCEV trucks: 927–1392 g/vehicle U.S. Department of Energy, Critical Materials Assessment 2023 210 Material Application Material Intensity Production Yield(s)",688319,688321,,,EV,,,EV
2,BEV,APPLICATION,,"Lithium EV batteries BEV LDVs: 6.6–10.8 kg/vehicle PHEV LDVs: 1.1–1.7 kg/vehicle BEV HDVs: 13.9–22.7 kg/vehicle PHEV HDVs: 2.2–3.6 kg/vehicle Stationary storage batteries Li-ion: 56.9–72.8 kg/MWh Magnesium Lightweighting 6.4–24.0 kg/vehicle Manganese Lightweighting 4.0–11.1 kg/vehicle EV batteries BEV LDVs: 2.2–8.7 kg/vehicle PHEV LDVs: 0.4–1.4 kg/vehicle BEV HDVs: 4.7–18.1 kg/vehicle PHEV HDVs: 0.7–2.9 kg/vehicle Stationary storage batteries Li-ion: 31.4–84.7 kg/MWh NiMH: 100.0–500.0 kg/MWh Natural Graphite Nuclear Pebble bed reactors: • 2400–3600 mt/GW for startup • 800–1200 mt/GW for annual consumption (Next Source Materials, 2013; Subramanian, 2017) EV batteries BEV LDVs: 9.1–52.3 kg/vehicle PHEV LDVs: 1.4–8.3 kg/vehicle BEV HDVs: 19.1–109.7 kg/vehicle PHEV HDVs: 3.0–17.4 kg/vehicle FCEV fuel cells FCEV LDVs: 16.6–45.6 kg/vehicle FCEV HDVs: 40.0–91.3 kg/vehicle Stationary storage batteries Li-ion: 127.4–487.6 kg/MWh Neodymium EV magnets BEV/PHEV/FCEV cars: 309–464 g/vehicle BEV/PHEV/FCEV vans: 463–696 g/vehicle BEV/PHEV/FCEV buses: 618–928 g/vehicle BEV/PHEV/FCEV trucks: 927–1392 g/vehicle U.S. Department of Energy, Critical Materials Assessment 2023 210 Material Application Material Intensity Production Yield(s)",688332,688335,,,BEV,,,BEV
2,PHEV,APPLICATION,,"Lithium EV batteries BEV LDVs: 6.6–10.8 kg/vehicle PHEV LDVs: 1.1–1.7 kg/vehicle BEV HDVs: 13.9–22.7 kg/vehicle PHEV HDVs: 2.2–3.6 kg/vehicle Stationary storage batteries Li-ion: 56.9–72.8 kg/MWh Magnesium Lightweighting 6.4–24.0 kg/vehicle Manganese Lightweighting 4.0–11.1 kg/vehicle EV batteries BEV LDVs: 2.2–8.7 kg/vehicle PHEV LDVs: 0.4–1.4 kg/vehicle BEV HDVs: 4.7–18.1 kg/vehicle PHEV HDVs: 0.7–2.9 kg/vehicle Stationary storage batteries Li-ion: 31.4–84.7 kg/MWh NiMH: 100.0–500.0 kg/MWh Natural Graphite Nuclear Pebble bed reactors: • 2400–3600 mt/GW for startup • 800–1200 mt/GW for annual consumption (Next Source Materials, 2013; Subramanian, 2017) EV batteries BEV LDVs: 9.1–52.3 kg/vehicle PHEV LDVs: 1.4–8.3 kg/vehicle BEV HDVs: 19.1–109.7 kg/vehicle PHEV HDVs: 3.0–17.4 kg/vehicle FCEV fuel cells FCEV LDVs: 16.6–45.6 kg/vehicle FCEV HDVs: 40.0–91.3 kg/vehicle Stationary storage batteries Li-ion: 127.4–487.6 kg/MWh Neodymium EV magnets BEV/PHEV/FCEV cars: 309–464 g/vehicle BEV/PHEV/FCEV vans: 463–696 g/vehicle BEV/PHEV/FCEV buses: 618–928 g/vehicle BEV/PHEV/FCEV trucks: 927–1392 g/vehicle U.S. Department of Energy, Critical Materials Assessment 2023 210 Material Application Material Intensity Production Yield(s)",688361,688365,,,PHEV,,,PHEV
2,BEV,APPLICATION,,"Lithium EV batteries BEV LDVs: 6.6–10.8 kg/vehicle PHEV LDVs: 1.1–1.7 kg/vehicle BEV HDVs: 13.9–22.7 kg/vehicle PHEV HDVs: 2.2–3.6 kg/vehicle Stationary storage batteries Li-ion: 56.9–72.8 kg/MWh Magnesium Lightweighting 6.4–24.0 kg/vehicle Manganese Lightweighting 4.0–11.1 kg/vehicle EV batteries BEV LDVs: 2.2–8.7 kg/vehicle PHEV LDVs: 0.4–1.4 kg/vehicle BEV HDVs: 4.7–18.1 kg/vehicle PHEV HDVs: 0.7–2.9 kg/vehicle Stationary storage batteries Li-ion: 31.4–84.7 kg/MWh NiMH: 100.0–500.0 kg/MWh Natural Graphite Nuclear Pebble bed reactors: • 2400–3600 mt/GW for startup • 800–1200 mt/GW for annual consumption (Next Source Materials, 2013; Subramanian, 2017) EV batteries BEV LDVs: 9.1–52.3 kg/vehicle PHEV LDVs: 1.4–8.3 kg/vehicle BEV HDVs: 19.1–109.7 kg/vehicle PHEV HDVs: 3.0–17.4 kg/vehicle FCEV fuel cells FCEV LDVs: 16.6–45.6 kg/vehicle FCEV HDVs: 40.0–91.3 kg/vehicle Stationary storage batteries Li-ion: 127.4–487.6 kg/MWh Neodymium EV magnets BEV/PHEV/FCEV cars: 309–464 g/vehicle BEV/PHEV/FCEV vans: 463–696 g/vehicle BEV/PHEV/FCEV buses: 618–928 g/vehicle BEV/PHEV/FCEV trucks: 927–1392 g/vehicle U.S. Department of Energy, Critical Materials Assessment 2023 210 Material Application Material Intensity Production Yield(s)",688391,688394,,,BEV,,,BEV
2,PHEV,APPLICATION,,"Lithium EV batteries BEV LDVs: 6.6–10.8 kg/vehicle PHEV LDVs: 1.1–1.7 kg/vehicle BEV HDVs: 13.9–22.7 kg/vehicle PHEV HDVs: 2.2–3.6 kg/vehicle Stationary storage batteries Li-ion: 56.9–72.8 kg/MWh Magnesium Lightweighting 6.4–24.0 kg/vehicle Manganese Lightweighting 4.0–11.1 kg/vehicle EV batteries BEV LDVs: 2.2–8.7 kg/vehicle PHEV LDVs: 0.4–1.4 kg/vehicle BEV HDVs: 4.7–18.1 kg/vehicle PHEV HDVs: 0.7–2.9 kg/vehicle Stationary storage batteries Li-ion: 31.4–84.7 kg/MWh NiMH: 100.0–500.0 kg/MWh Natural Graphite Nuclear Pebble bed reactors: • 2400–3600 mt/GW for startup • 800–1200 mt/GW for annual consumption (Next Source Materials, 2013; Subramanian, 2017) EV batteries BEV LDVs: 9.1–52.3 kg/vehicle PHEV LDVs: 1.4–8.3 kg/vehicle BEV HDVs: 19.1–109.7 kg/vehicle PHEV HDVs: 3.0–17.4 kg/vehicle FCEV fuel cells FCEV LDVs: 16.6–45.6 kg/vehicle FCEV HDVs: 40.0–91.3 kg/vehicle Stationary storage batteries Li-ion: 127.4–487.6 kg/MWh Neodymium EV magnets BEV/PHEV/FCEV cars: 309–464 g/vehicle BEV/PHEV/FCEV vans: 463–696 g/vehicle BEV/PHEV/FCEV buses: 618–928 g/vehicle BEV/PHEV/FCEV trucks: 927–1392 g/vehicle U.S. Department of Energy, Critical Materials Assessment 2023 210 Material Application Material Intensity Production Yield(s)",688421,688425,,,PHEV,,,PHEV
2,EV,APPLICATION,,"Lithium EV batteries BEV LDVs: 6.6–10.8 kg/vehicle PHEV LDVs: 1.1–1.7 kg/vehicle BEV HDVs: 13.9–22.7 kg/vehicle PHEV HDVs: 2.2–3.6 kg/vehicle Stationary storage batteries Li-ion: 56.9–72.8 kg/MWh Magnesium Lightweighting 6.4–24.0 kg/vehicle Manganese Lightweighting 4.0–11.1 kg/vehicle EV batteries BEV LDVs: 2.2–8.7 kg/vehicle PHEV LDVs: 0.4–1.4 kg/vehicle BEV HDVs: 4.7–18.1 kg/vehicle PHEV HDVs: 0.7–2.9 kg/vehicle Stationary storage batteries Li-ion: 31.4–84.7 kg/MWh NiMH: 100.0–500.0 kg/MWh Natural Graphite Nuclear Pebble bed reactors: • 2400–3600 mt/GW for startup • 800–1200 mt/GW for annual consumption (Next Source Materials, 2013; Subramanian, 2017) EV batteries BEV LDVs: 9.1–52.3 kg/vehicle PHEV LDVs: 1.4–8.3 kg/vehicle BEV HDVs: 19.1–109.7 kg/vehicle PHEV HDVs: 3.0–17.4 kg/vehicle FCEV fuel cells FCEV LDVs: 16.6–45.6 kg/vehicle FCEV HDVs: 40.0–91.3 kg/vehicle Stationary storage batteries Li-ion: 127.4–487.6 kg/MWh Neodymium EV magnets BEV/PHEV/FCEV cars: 309–464 g/vehicle BEV/PHEV/FCEV vans: 463–696 g/vehicle BEV/PHEV/FCEV buses: 618–928 g/vehicle BEV/PHEV/FCEV trucks: 927–1392 g/vehicle U.S. Department of Energy, Critical Materials Assessment 2023 210 Material Application Material Intensity Production Yield(s)",688695,688697,,,EV,,,EV
2,BEV,APPLICATION,,"Lithium EV batteries BEV LDVs: 6.6–10.8 kg/vehicle PHEV LDVs: 1.1–1.7 kg/vehicle BEV HDVs: 13.9–22.7 kg/vehicle PHEV HDVs: 2.2–3.6 kg/vehicle Stationary storage batteries Li-ion: 56.9–72.8 kg/MWh Magnesium Lightweighting 6.4–24.0 kg/vehicle Manganese Lightweighting 4.0–11.1 kg/vehicle EV batteries BEV LDVs: 2.2–8.7 kg/vehicle PHEV LDVs: 0.4–1.4 kg/vehicle BEV HDVs: 4.7–18.1 kg/vehicle PHEV HDVs: 0.7–2.9 kg/vehicle Stationary storage batteries Li-ion: 31.4–84.7 kg/MWh NiMH: 100.0–500.0 kg/MWh Natural Graphite Nuclear Pebble bed reactors: • 2400–3600 mt/GW for startup • 800–1200 mt/GW for annual consumption (Next Source Materials, 2013; Subramanian, 2017) EV batteries BEV LDVs: 9.1–52.3 kg/vehicle PHEV LDVs: 1.4–8.3 kg/vehicle BEV HDVs: 19.1–109.7 kg/vehicle PHEV HDVs: 3.0–17.4 kg/vehicle FCEV fuel cells FCEV LDVs: 16.6–45.6 kg/vehicle FCEV HDVs: 40.0–91.3 kg/vehicle Stationary storage batteries Li-ion: 127.4–487.6 kg/MWh Neodymium EV magnets BEV/PHEV/FCEV cars: 309–464 g/vehicle BEV/PHEV/FCEV vans: 463–696 g/vehicle BEV/PHEV/FCEV buses: 618–928 g/vehicle BEV/PHEV/FCEV trucks: 927–1392 g/vehicle U.S. Department of Energy, Critical Materials Assessment 2023 210 Material Application Material Intensity Production Yield(s)",688708,688711,,,BEV,,,BEV
2,PHEV,APPLICATION,,"Lithium EV batteries BEV LDVs: 6.6–10.8 kg/vehicle PHEV LDVs: 1.1–1.7 kg/vehicle BEV HDVs: 13.9–22.7 kg/vehicle PHEV HDVs: 2.2–3.6 kg/vehicle Stationary storage batteries Li-ion: 56.9–72.8 kg/MWh Magnesium Lightweighting 6.4–24.0 kg/vehicle Manganese Lightweighting 4.0–11.1 kg/vehicle EV batteries BEV LDVs: 2.2–8.7 kg/vehicle PHEV LDVs: 0.4–1.4 kg/vehicle BEV HDVs: 4.7–18.1 kg/vehicle PHEV HDVs: 0.7–2.9 kg/vehicle Stationary storage batteries Li-ion: 31.4–84.7 kg/MWh NiMH: 100.0–500.0 kg/MWh Natural Graphite Nuclear Pebble bed reactors: • 2400–3600 mt/GW for startup • 800–1200 mt/GW for annual consumption (Next Source Materials, 2013; Subramanian, 2017) EV batteries BEV LDVs: 9.1–52.3 kg/vehicle PHEV LDVs: 1.4–8.3 kg/vehicle BEV HDVs: 19.1–109.7 kg/vehicle PHEV HDVs: 3.0–17.4 kg/vehicle FCEV fuel cells FCEV LDVs: 16.6–45.6 kg/vehicle FCEV HDVs: 40.0–91.3 kg/vehicle Stationary storage batteries Li-ion: 127.4–487.6 kg/MWh Neodymium EV magnets BEV/PHEV/FCEV cars: 309–464 g/vehicle BEV/PHEV/FCEV vans: 463–696 g/vehicle BEV/PHEV/FCEV buses: 618–928 g/vehicle BEV/PHEV/FCEV trucks: 927–1392 g/vehicle U.S. Department of Energy, Critical Materials Assessment 2023 210 Material Application Material Intensity Production Yield(s)",688738,688742,,,PHEV,,,PHEV
2,BEV,APPLICATION,,"Lithium EV batteries BEV LDVs: 6.6–10.8 kg/vehicle PHEV LDVs: 1.1–1.7 kg/vehicle BEV HDVs: 13.9–22.7 kg/vehicle PHEV HDVs: 2.2–3.6 kg/vehicle Stationary storage batteries Li-ion: 56.9–72.8 kg/MWh Magnesium Lightweighting 6.4–24.0 kg/vehicle Manganese Lightweighting 4.0–11.1 kg/vehicle EV batteries BEV LDVs: 2.2–8.7 kg/vehicle PHEV LDVs: 0.4–1.4 kg/vehicle BEV HDVs: 4.7–18.1 kg/vehicle PHEV HDVs: 0.7–2.9 kg/vehicle Stationary storage batteries Li-ion: 31.4–84.7 kg/MWh NiMH: 100.0–500.0 kg/MWh Natural Graphite Nuclear Pebble bed reactors: • 2400–3600 mt/GW for startup • 800–1200 mt/GW for annual consumption (Next Source Materials, 2013; Subramanian, 2017) EV batteries BEV LDVs: 9.1–52.3 kg/vehicle PHEV LDVs: 1.4–8.3 kg/vehicle BEV HDVs: 19.1–109.7 kg/vehicle PHEV HDVs: 3.0–17.4 kg/vehicle FCEV fuel cells FCEV LDVs: 16.6–45.6 kg/vehicle FCEV HDVs: 40.0–91.3 kg/vehicle Stationary storage batteries Li-ion: 127.4–487.6 kg/MWh Neodymium EV magnets BEV/PHEV/FCEV cars: 309–464 g/vehicle BEV/PHEV/FCEV vans: 463–696 g/vehicle BEV/PHEV/FCEV buses: 618–928 g/vehicle BEV/PHEV/FCEV trucks: 927–1392 g/vehicle U.S. Department of Energy, Critical Materials Assessment 2023 210 Material Application Material Intensity Production Yield(s)",688768,688771,,,BEV,,,BEV
2,PHEV,APPLICATION,,"Lithium EV batteries BEV LDVs: 6.6–10.8 kg/vehicle PHEV LDVs: 1.1–1.7 kg/vehicle BEV HDVs: 13.9–22.7 kg/vehicle PHEV HDVs: 2.2–3.6 kg/vehicle Stationary storage batteries Li-ion: 56.9–72.8 kg/MWh Magnesium Lightweighting 6.4–24.0 kg/vehicle Manganese Lightweighting 4.0–11.1 kg/vehicle EV batteries BEV LDVs: 2.2–8.7 kg/vehicle PHEV LDVs: 0.4–1.4 kg/vehicle BEV HDVs: 4.7–18.1 kg/vehicle PHEV HDVs: 0.7–2.9 kg/vehicle Stationary storage batteries Li-ion: 31.4–84.7 kg/MWh NiMH: 100.0–500.0 kg/MWh Natural Graphite Nuclear Pebble bed reactors: • 2400–3600 mt/GW for startup • 800–1200 mt/GW for annual consumption (Next Source Materials, 2013; Subramanian, 2017) EV batteries BEV LDVs: 9.1–52.3 kg/vehicle PHEV LDVs: 1.4–8.3 kg/vehicle BEV HDVs: 19.1–109.7 kg/vehicle PHEV HDVs: 3.0–17.4 kg/vehicle FCEV fuel cells FCEV LDVs: 16.6–45.6 kg/vehicle FCEV HDVs: 40.0–91.3 kg/vehicle Stationary storage batteries Li-ion: 127.4–487.6 kg/MWh Neodymium EV magnets BEV/PHEV/FCEV cars: 309–464 g/vehicle BEV/PHEV/FCEV vans: 463–696 g/vehicle BEV/PHEV/FCEV buses: 618–928 g/vehicle BEV/PHEV/FCEV trucks: 927–1392 g/vehicle U.S. Department of Energy, Critical Materials Assessment 2023 210 Material Application Material Intensity Production Yield(s)",688800,688804,,,PHEV,,,PHEV
2,EV,APPLICATION,,"Lithium EV batteries BEV LDVs: 6.6–10.8 kg/vehicle PHEV LDVs: 1.1–1.7 kg/vehicle BEV HDVs: 13.9–22.7 kg/vehicle PHEV HDVs: 2.2–3.6 kg/vehicle Stationary storage batteries Li-ion: 56.9–72.8 kg/MWh Magnesium Lightweighting 6.4–24.0 kg/vehicle Manganese Lightweighting 4.0–11.1 kg/vehicle EV batteries BEV LDVs: 2.2–8.7 kg/vehicle PHEV LDVs: 0.4–1.4 kg/vehicle BEV HDVs: 4.7–18.1 kg/vehicle PHEV HDVs: 0.7–2.9 kg/vehicle Stationary storage batteries Li-ion: 31.4–84.7 kg/MWh NiMH: 100.0–500.0 kg/MWh Natural Graphite Nuclear Pebble bed reactors: • 2400–3600 mt/GW for startup • 800–1200 mt/GW for annual consumption (Next Source Materials, 2013; Subramanian, 2017) EV batteries BEV LDVs: 9.1–52.3 kg/vehicle PHEV LDVs: 1.4–8.3 kg/vehicle BEV HDVs: 19.1–109.7 kg/vehicle PHEV HDVs: 3.0–17.4 kg/vehicle FCEV fuel cells FCEV LDVs: 16.6–45.6 kg/vehicle FCEV HDVs: 40.0–91.3 kg/vehicle Stationary storage batteries Li-ion: 127.4–487.6 kg/MWh Neodymium EV magnets BEV/PHEV/FCEV cars: 309–464 g/vehicle BEV/PHEV/FCEV vans: 463–696 g/vehicle BEV/PHEV/FCEV buses: 618–928 g/vehicle BEV/PHEV/FCEV trucks: 927–1392 g/vehicle U.S. Department of Energy, Critical Materials Assessment 2023 210 Material Application Material Intensity Production Yield(s)",688977,688979,,,EV,,,EV
2,BEV,APPLICATION,,"Lithium EV batteries BEV LDVs: 6.6–10.8 kg/vehicle PHEV LDVs: 1.1–1.7 kg/vehicle BEV HDVs: 13.9–22.7 kg/vehicle PHEV HDVs: 2.2–3.6 kg/vehicle Stationary storage batteries Li-ion: 56.9–72.8 kg/MWh Magnesium Lightweighting 6.4–24.0 kg/vehicle Manganese Lightweighting 4.0–11.1 kg/vehicle EV batteries BEV LDVs: 2.2–8.7 kg/vehicle PHEV LDVs: 0.4–1.4 kg/vehicle BEV HDVs: 4.7–18.1 kg/vehicle PHEV HDVs: 0.7–2.9 kg/vehicle Stationary storage batteries Li-ion: 31.4–84.7 kg/MWh NiMH: 100.0–500.0 kg/MWh Natural Graphite Nuclear Pebble bed reactors: • 2400–3600 mt/GW for startup • 800–1200 mt/GW for annual consumption (Next Source Materials, 2013; Subramanian, 2017) EV batteries BEV LDVs: 9.1–52.3 kg/vehicle PHEV LDVs: 1.4–8.3 kg/vehicle BEV HDVs: 19.1–109.7 kg/vehicle PHEV HDVs: 3.0–17.4 kg/vehicle FCEV fuel cells FCEV LDVs: 16.6–45.6 kg/vehicle FCEV HDVs: 40.0–91.3 kg/vehicle Stationary storage batteries Li-ion: 127.4–487.6 kg/MWh Neodymium EV magnets BEV/PHEV/FCEV cars: 309–464 g/vehicle BEV/PHEV/FCEV vans: 463–696 g/vehicle BEV/PHEV/FCEV buses: 618–928 g/vehicle BEV/PHEV/FCEV trucks: 927–1392 g/vehicle U.S. Department of Energy, Critical Materials Assessment 2023 210 Material Application Material Intensity Production Yield(s)",688988,688991,,,BEV,,,BEV
2,PHEV,APPLICATION,,"Lithium EV batteries BEV LDVs: 6.6–10.8 kg/vehicle PHEV LDVs: 1.1–1.7 kg/vehicle BEV HDVs: 13.9–22.7 kg/vehicle PHEV HDVs: 2.2–3.6 kg/vehicle Stationary storage batteries Li-ion: 56.9–72.8 kg/MWh Magnesium Lightweighting 6.4–24.0 kg/vehicle Manganese Lightweighting 4.0–11.1 kg/vehicle EV batteries BEV LDVs: 2.2–8.7 kg/vehicle PHEV LDVs: 0.4–1.4 kg/vehicle BEV HDVs: 4.7–18.1 kg/vehicle PHEV HDVs: 0.7–2.9 kg/vehicle Stationary storage batteries Li-ion: 31.4–84.7 kg/MWh NiMH: 100.0–500.0 kg/MWh Natural Graphite Nuclear Pebble bed reactors: • 2400–3600 mt/GW for startup • 800–1200 mt/GW for annual consumption (Next Source Materials, 2013; Subramanian, 2017) EV batteries BEV LDVs: 9.1–52.3 kg/vehicle PHEV LDVs: 1.4–8.3 kg/vehicle BEV HDVs: 19.1–109.7 kg/vehicle PHEV HDVs: 3.0–17.4 kg/vehicle FCEV fuel cells FCEV LDVs: 16.6–45.6 kg/vehicle FCEV HDVs: 40.0–91.3 kg/vehicle Stationary storage batteries Li-ion: 127.4–487.6 kg/MWh Neodymium EV magnets BEV/PHEV/FCEV cars: 309–464 g/vehicle BEV/PHEV/FCEV vans: 463–696 g/vehicle BEV/PHEV/FCEV buses: 618–928 g/vehicle BEV/PHEV/FCEV trucks: 927–1392 g/vehicle U.S. Department of Energy, Critical Materials Assessment 2023 210 Material Application Material Intensity Production Yield(s)",688992,688996,,,PHEV,,,PHEV
2,BEV,APPLICATION,,"Lithium EV batteries BEV LDVs: 6.6–10.8 kg/vehicle PHEV LDVs: 1.1–1.7 kg/vehicle BEV HDVs: 13.9–22.7 kg/vehicle PHEV HDVs: 2.2–3.6 kg/vehicle Stationary storage batteries Li-ion: 56.9–72.8 kg/MWh Magnesium Lightweighting 6.4–24.0 kg/vehicle Manganese Lightweighting 4.0–11.1 kg/vehicle EV batteries BEV LDVs: 2.2–8.7 kg/vehicle PHEV LDVs: 0.4–1.4 kg/vehicle BEV HDVs: 4.7–18.1 kg/vehicle PHEV HDVs: 0.7–2.9 kg/vehicle Stationary storage batteries Li-ion: 31.4–84.7 kg/MWh NiMH: 100.0–500.0 kg/MWh Natural Graphite Nuclear Pebble bed reactors: • 2400–3600 mt/GW for startup • 800–1200 mt/GW for annual consumption (Next Source Materials, 2013; Subramanian, 2017) EV batteries BEV LDVs: 9.1–52.3 kg/vehicle PHEV LDVs: 1.4–8.3 kg/vehicle BEV HDVs: 19.1–109.7 kg/vehicle PHEV HDVs: 3.0–17.4 kg/vehicle FCEV fuel cells FCEV LDVs: 16.6–45.6 kg/vehicle FCEV HDVs: 40.0–91.3 kg/vehicle Stationary storage batteries Li-ion: 127.4–487.6 kg/MWh Neodymium EV magnets BEV/PHEV/FCEV cars: 309–464 g/vehicle BEV/PHEV/FCEV vans: 463–696 g/vehicle BEV/PHEV/FCEV buses: 618–928 g/vehicle BEV/PHEV/FCEV trucks: 927–1392 g/vehicle U.S. Department of Energy, Critical Materials Assessment 2023 210 Material Application Material Intensity Production Yield(s)",689026,689029,,,BEV,,,BEV
2,PHEV,APPLICATION,,"Lithium EV batteries BEV LDVs: 6.6–10.8 kg/vehicle PHEV LDVs: 1.1–1.7 kg/vehicle BEV HDVs: 13.9–22.7 kg/vehicle PHEV HDVs: 2.2–3.6 kg/vehicle Stationary storage batteries Li-ion: 56.9–72.8 kg/MWh Magnesium Lightweighting 6.4–24.0 kg/vehicle Manganese Lightweighting 4.0–11.1 kg/vehicle EV batteries BEV LDVs: 2.2–8.7 kg/vehicle PHEV LDVs: 0.4–1.4 kg/vehicle BEV HDVs: 4.7–18.1 kg/vehicle PHEV HDVs: 0.7–2.9 kg/vehicle Stationary storage batteries Li-ion: 31.4–84.7 kg/MWh NiMH: 100.0–500.0 kg/MWh Natural Graphite Nuclear Pebble bed reactors: • 2400–3600 mt/GW for startup • 800–1200 mt/GW for annual consumption (Next Source Materials, 2013; Subramanian, 2017) EV batteries BEV LDVs: 9.1–52.3 kg/vehicle PHEV LDVs: 1.4–8.3 kg/vehicle BEV HDVs: 19.1–109.7 kg/vehicle PHEV HDVs: 3.0–17.4 kg/vehicle FCEV fuel cells FCEV LDVs: 16.6–45.6 kg/vehicle FCEV HDVs: 40.0–91.3 kg/vehicle Stationary storage batteries Li-ion: 127.4–487.6 kg/MWh Neodymium EV magnets BEV/PHEV/FCEV cars: 309–464 g/vehicle BEV/PHEV/FCEV vans: 463–696 g/vehicle BEV/PHEV/FCEV buses: 618–928 g/vehicle BEV/PHEV/FCEV trucks: 927–1392 g/vehicle U.S. Department of Energy, Critical Materials Assessment 2023 210 Material Application Material Intensity Production Yield(s)",689030,689034,,,PHEV,,,PHEV
2,BEV,APPLICATION,,"Lithium EV batteries BEV LDVs: 6.6–10.8 kg/vehicle PHEV LDVs: 1.1–1.7 kg/vehicle BEV HDVs: 13.9–22.7 kg/vehicle PHEV HDVs: 2.2–3.6 kg/vehicle Stationary storage batteries Li-ion: 56.9–72.8 kg/MWh Magnesium Lightweighting 6.4–24.0 kg/vehicle Manganese Lightweighting 4.0–11.1 kg/vehicle EV batteries BEV LDVs: 2.2–8.7 kg/vehicle PHEV LDVs: 0.4–1.4 kg/vehicle BEV HDVs: 4.7–18.1 kg/vehicle PHEV HDVs: 0.7–2.9 kg/vehicle Stationary storage batteries Li-ion: 31.4–84.7 kg/MWh NiMH: 100.0–500.0 kg/MWh Natural Graphite Nuclear Pebble bed reactors: • 2400–3600 mt/GW for startup • 800–1200 mt/GW for annual consumption (Next Source Materials, 2013; Subramanian, 2017) EV batteries BEV LDVs: 9.1–52.3 kg/vehicle PHEV LDVs: 1.4–8.3 kg/vehicle BEV HDVs: 19.1–109.7 kg/vehicle PHEV HDVs: 3.0–17.4 kg/vehicle FCEV fuel cells FCEV LDVs: 16.6–45.6 kg/vehicle FCEV HDVs: 40.0–91.3 kg/vehicle Stationary storage batteries Li-ion: 127.4–487.6 kg/MWh Neodymium EV magnets BEV/PHEV/FCEV cars: 309–464 g/vehicle BEV/PHEV/FCEV vans: 463–696 g/vehicle BEV/PHEV/FCEV buses: 618–928 g/vehicle BEV/PHEV/FCEV trucks: 927–1392 g/vehicle U.S. Department of Energy, Critical Materials Assessment 2023 210 Material Application Material Intensity Production Yield(s)",689064,689067,,,BEV,,,BEV
2,PHEV,APPLICATION,,"Lithium EV batteries BEV LDVs: 6.6–10.8 kg/vehicle PHEV LDVs: 1.1–1.7 kg/vehicle BEV HDVs: 13.9–22.7 kg/vehicle PHEV HDVs: 2.2–3.6 kg/vehicle Stationary storage batteries Li-ion: 56.9–72.8 kg/MWh Magnesium Lightweighting 6.4–24.0 kg/vehicle Manganese Lightweighting 4.0–11.1 kg/vehicle EV batteries BEV LDVs: 2.2–8.7 kg/vehicle PHEV LDVs: 0.4–1.4 kg/vehicle BEV HDVs: 4.7–18.1 kg/vehicle PHEV HDVs: 0.7–2.9 kg/vehicle Stationary storage batteries Li-ion: 31.4–84.7 kg/MWh NiMH: 100.0–500.0 kg/MWh Natural Graphite Nuclear Pebble bed reactors: • 2400–3600 mt/GW for startup • 800–1200 mt/GW for annual consumption (Next Source Materials, 2013; Subramanian, 2017) EV batteries BEV LDVs: 9.1–52.3 kg/vehicle PHEV LDVs: 1.4–8.3 kg/vehicle BEV HDVs: 19.1–109.7 kg/vehicle PHEV HDVs: 3.0–17.4 kg/vehicle FCEV fuel cells FCEV LDVs: 16.6–45.6 kg/vehicle FCEV HDVs: 40.0–91.3 kg/vehicle Stationary storage batteries Li-ion: 127.4–487.6 kg/MWh Neodymium EV magnets BEV/PHEV/FCEV cars: 309–464 g/vehicle BEV/PHEV/FCEV vans: 463–696 g/vehicle BEV/PHEV/FCEV buses: 618–928 g/vehicle BEV/PHEV/FCEV trucks: 927–1392 g/vehicle U.S. Department of Energy, Critical Materials Assessment 2023 210 Material Application Material Intensity Production Yield(s)",689068,689072,,,PHEV,,,PHEV
2,BEV,APPLICATION,,"Lithium EV batteries BEV LDVs: 6.6–10.8 kg/vehicle PHEV LDVs: 1.1–1.7 kg/vehicle BEV HDVs: 13.9–22.7 kg/vehicle PHEV HDVs: 2.2–3.6 kg/vehicle Stationary storage batteries Li-ion: 56.9–72.8 kg/MWh Magnesium Lightweighting 6.4–24.0 kg/vehicle Manganese Lightweighting 4.0–11.1 kg/vehicle EV batteries BEV LDVs: 2.2–8.7 kg/vehicle PHEV LDVs: 0.4–1.4 kg/vehicle BEV HDVs: 4.7–18.1 kg/vehicle PHEV HDVs: 0.7–2.9 kg/vehicle Stationary storage batteries Li-ion: 31.4–84.7 kg/MWh NiMH: 100.0–500.0 kg/MWh Natural Graphite Nuclear Pebble bed reactors: • 2400–3600 mt/GW for startup • 800–1200 mt/GW for annual consumption (Next Source Materials, 2013; Subramanian, 2017) EV batteries BEV LDVs: 9.1–52.3 kg/vehicle PHEV LDVs: 1.4–8.3 kg/vehicle BEV HDVs: 19.1–109.7 kg/vehicle PHEV HDVs: 3.0–17.4 kg/vehicle FCEV fuel cells FCEV LDVs: 16.6–45.6 kg/vehicle FCEV HDVs: 40.0–91.3 kg/vehicle Stationary storage batteries Li-ion: 127.4–487.6 kg/MWh Neodymium EV magnets BEV/PHEV/FCEV cars: 309–464 g/vehicle BEV/PHEV/FCEV vans: 463–696 g/vehicle BEV/PHEV/FCEV buses: 618–928 g/vehicle BEV/PHEV/FCEV trucks: 927–1392 g/vehicle U.S. Department of Energy, Critical Materials Assessment 2023 210 Material Application Material Intensity Production Yield(s)",689103,689106,,,BEV,,,BEV
2,PHEV,APPLICATION,,"Lithium EV batteries BEV LDVs: 6.6–10.8 kg/vehicle PHEV LDVs: 1.1–1.7 kg/vehicle BEV HDVs: 13.9–22.7 kg/vehicle PHEV HDVs: 2.2–3.6 kg/vehicle Stationary storage batteries Li-ion: 56.9–72.8 kg/MWh Magnesium Lightweighting 6.4–24.0 kg/vehicle Manganese Lightweighting 4.0–11.1 kg/vehicle EV batteries BEV LDVs: 2.2–8.7 kg/vehicle PHEV LDVs: 0.4–1.4 kg/vehicle BEV HDVs: 4.7–18.1 kg/vehicle PHEV HDVs: 0.7–2.9 kg/vehicle Stationary storage batteries Li-ion: 31.4–84.7 kg/MWh NiMH: 100.0–500.0 kg/MWh Natural Graphite Nuclear Pebble bed reactors: • 2400–3600 mt/GW for startup • 800–1200 mt/GW for annual consumption (Next Source Materials, 2013; Subramanian, 2017) EV batteries BEV LDVs: 9.1–52.3 kg/vehicle PHEV LDVs: 1.4–8.3 kg/vehicle BEV HDVs: 19.1–109.7 kg/vehicle PHEV HDVs: 3.0–17.4 kg/vehicle FCEV fuel cells FCEV LDVs: 16.6–45.6 kg/vehicle FCEV HDVs: 40.0–91.3 kg/vehicle Stationary storage batteries Li-ion: 127.4–487.6 kg/MWh Neodymium EV magnets BEV/PHEV/FCEV cars: 309–464 g/vehicle BEV/PHEV/FCEV vans: 463–696 g/vehicle BEV/PHEV/FCEV buses: 618–928 g/vehicle BEV/PHEV/FCEV trucks: 927–1392 g/vehicle U.S. Department of Energy, Critical Materials Assessment 2023 210 Material Application Material Intensity Production Yield(s)",689107,689111,,,PHEV,,,PHEV
2,EV,APPLICATION,,"Wind turbine magnets Direct Drive: 117.8–176.6 kg/MW Hybrid: 36.2–54.4 kg/MW Kumari et al., 2018 Imholte et al., 2018 Habib et al., 2014 Hill, 2010 Constantinides, 2011 Lacal-Arantegui, 2015 Nickel HVDC 2.8–48 kg/kW for switchgear and stainless- steel electrode EV batteries BEV LDVs: 17.0–62.9 kg/vehicle PHEV LDVs: 2.7–10.0 kg/vehicle BEV HDVs: 35.7–132 kg/vehicle PHEV HDVs: 5.6–20.9 kg/vehicle Stationary storage batteries Li-ion: 238.1–586.3 kg/MWh NiMH: 3125–9188 kg/MWh",689532,689534,,,EV,,,EV
2,BEV,APPLICATION,,"Wind turbine magnets Direct Drive: 117.8–176.6 kg/MW Hybrid: 36.2–54.4 kg/MW Kumari et al., 2018 Imholte et al., 2018 Habib et al., 2014 Hill, 2010 Constantinides, 2011 Lacal-Arantegui, 2015 Nickel HVDC 2.8–48 kg/kW for switchgear and stainless- steel electrode EV batteries BEV LDVs: 17.0–62.9 kg/vehicle PHEV LDVs: 2.7–10.0 kg/vehicle BEV HDVs: 35.7–132 kg/vehicle PHEV HDVs: 5.6–20.9 kg/vehicle Stationary storage batteries Li-ion: 238.1–586.3 kg/MWh NiMH: 3125–9188 kg/MWh",689545,689548,,,BEV,,,BEV
2,PHEV,APPLICATION,,"Wind turbine magnets Direct Drive: 117.8–176.6 kg/MW Hybrid: 36.2–54.4 kg/MW Kumari et al., 2018 Imholte et al., 2018 Habib et al., 2014 Hill, 2010 Constantinides, 2011 Lacal-Arantegui, 2015 Nickel HVDC 2.8–48 kg/kW for switchgear and stainless- steel electrode EV batteries BEV LDVs: 17.0–62.9 kg/vehicle PHEV LDVs: 2.7–10.0 kg/vehicle BEV HDVs: 35.7–132 kg/vehicle PHEV HDVs: 5.6–20.9 kg/vehicle Stationary storage batteries Li-ion: 238.1–586.3 kg/MWh NiMH: 3125–9188 kg/MWh",689576,689580,,,PHEV,,,PHEV
2,BEV,APPLICATION,,"Wind turbine magnets Direct Drive: 117.8–176.6 kg/MW Hybrid: 36.2–54.4 kg/MW Kumari et al., 2018 Imholte et al., 2018 Habib et al., 2014 Hill, 2010 Constantinides, 2011 Lacal-Arantegui, 2015 Nickel HVDC 2.8–48 kg/kW for switchgear and stainless- steel electrode EV batteries BEV LDVs: 17.0–62.9 kg/vehicle PHEV LDVs: 2.7–10.0 kg/vehicle BEV HDVs: 35.7–132 kg/vehicle PHEV HDVs: 5.6–20.9 kg/vehicle Stationary storage batteries Li-ion: 238.1–586.3 kg/MWh NiMH: 3125–9188 kg/MWh",689607,689610,,,BEV,,,BEV
2,PHEV,APPLICATION,,"Wind turbine magnets Direct Drive: 117.8–176.6 kg/MW Hybrid: 36.2–54.4 kg/MW Kumari et al., 2018 Imholte et al., 2018 Habib et al., 2014 Hill, 2010 Constantinides, 2011 Lacal-Arantegui, 2015 Nickel HVDC 2.8–48 kg/kW for switchgear and stainless- steel electrode EV batteries BEV LDVs: 17.0–62.9 kg/vehicle PHEV LDVs: 2.7–10.0 kg/vehicle BEV HDVs: 35.7–132 kg/vehicle PHEV HDVs: 5.6–20.9 kg/vehicle Stationary storage batteries Li-ion: 238.1–586.3 kg/MWh NiMH: 3125–9188 kg/MWh",689637,689641,,,PHEV,,,PHEV
2,EV,APPLICATION,,"Phosphorous EV batteries BEV LDVs: 1.3–26.0 kg/vehicle PHEV LDVs: 0.2–4.1 kg/vehicle BEV HDVs: 2.7–54.4 kg/vehicle PHEV HDVs: 0.4–8.6 kg/vehicle Platinum FCEV fuel cells FCEV cars: 0.010–0.018 kg/vehicle FCEV vans: 0.015–0.027 kg/vehicle FCEV buses: 0.019–0.034 kg/vehicle FCEV trucks: 0.030–0.055 kg/vehicle Praseodymium EV magnets BEV/PHEV/FCEV cars: 45–67 g/vehicle BEV/PHEV/FCEV vans: 68–100 g/vehicle BEV/PHEV/FCEV buses: 91–134 g/vehicle BEV/PHEV/FCEV trucks: 136–201 g/vehicle Wind turbine magnets Direct Drive: 21.3–31.9 kg/MW Hybrid: 6.6–9.8 kg/MW Kumari et al., 2018 Imholte et al., 2018 Habib et al., 2014 Hill, 2010 Constantinides, 2011 Lacal-Arantegui, 2015 Silicon Solar 2.9–3.4 kg/kW (Frischknecht, Stolz, Krebs, de Wild-Scholten, and Sinha, 2020) Yield – 60%; most waste is kerf from cutting the ingots (Li, Lin, Wang, Shi, Sun, Ban, Liu, and Chen, 2021) 67% yield according to Frischknecht et al. (2020)",689759,689761,,,EV,,,EV
2,BEV,APPLICATION,,"Phosphorous EV batteries BEV LDVs: 1.3–26.0 kg/vehicle PHEV LDVs: 0.2–4.1 kg/vehicle BEV HDVs: 2.7–54.4 kg/vehicle PHEV HDVs: 0.4–8.6 kg/vehicle Platinum FCEV fuel cells FCEV cars: 0.010–0.018 kg/vehicle FCEV vans: 0.015–0.027 kg/vehicle FCEV buses: 0.019–0.034 kg/vehicle FCEV trucks: 0.030–0.055 kg/vehicle Praseodymium EV magnets BEV/PHEV/FCEV cars: 45–67 g/vehicle BEV/PHEV/FCEV vans: 68–100 g/vehicle BEV/PHEV/FCEV buses: 91–134 g/vehicle BEV/PHEV/FCEV trucks: 136–201 g/vehicle Wind turbine magnets Direct Drive: 21.3–31.9 kg/MW Hybrid: 6.6–9.8 kg/MW Kumari et al., 2018 Imholte et al., 2018 Habib et al., 2014 Hill, 2010 Constantinides, 2011 Lacal-Arantegui, 2015 Silicon Solar 2.9–3.4 kg/kW (Frischknecht, Stolz, Krebs, de Wild-Scholten, and Sinha, 2020) Yield – 60%; most waste is kerf from cutting the ingots (Li, Lin, Wang, Shi, Sun, Ban, Liu, and Chen, 2021) 67% yield according to Frischknecht et al. (2020)",689772,689775,,,BEV,,,BEV
2,PHEV,APPLICATION,,"Phosphorous EV batteries BEV LDVs: 1.3–26.0 kg/vehicle PHEV LDVs: 0.2–4.1 kg/vehicle BEV HDVs: 2.7–54.4 kg/vehicle PHEV HDVs: 0.4–8.6 kg/vehicle Platinum FCEV fuel cells FCEV cars: 0.010–0.018 kg/vehicle FCEV vans: 0.015–0.027 kg/vehicle FCEV buses: 0.019–0.034 kg/vehicle FCEV trucks: 0.030–0.055 kg/vehicle Praseodymium EV magnets BEV/PHEV/FCEV cars: 45–67 g/vehicle BEV/PHEV/FCEV vans: 68–100 g/vehicle BEV/PHEV/FCEV buses: 91–134 g/vehicle BEV/PHEV/FCEV trucks: 136–201 g/vehicle Wind turbine magnets Direct Drive: 21.3–31.9 kg/MW Hybrid: 6.6–9.8 kg/MW Kumari et al., 2018 Imholte et al., 2018 Habib et al., 2014 Hill, 2010 Constantinides, 2011 Lacal-Arantegui, 2015 Silicon Solar 2.9–3.4 kg/kW (Frischknecht, Stolz, Krebs, de Wild-Scholten, and Sinha, 2020) Yield – 60%; most waste is kerf from cutting the ingots (Li, Lin, Wang, Shi, Sun, Ban, Liu, and Chen, 2021) 67% yield according to Frischknecht et al. (2020)",689802,689806,,,PHEV,,,PHEV
2,BEV,APPLICATION,,"Phosphorous EV batteries BEV LDVs: 1.3–26.0 kg/vehicle PHEV LDVs: 0.2–4.1 kg/vehicle BEV HDVs: 2.7–54.4 kg/vehicle PHEV HDVs: 0.4–8.6 kg/vehicle Platinum FCEV fuel cells FCEV cars: 0.010–0.018 kg/vehicle FCEV vans: 0.015–0.027 kg/vehicle FCEV buses: 0.019–0.034 kg/vehicle FCEV trucks: 0.030–0.055 kg/vehicle Praseodymium EV magnets BEV/PHEV/FCEV cars: 45–67 g/vehicle BEV/PHEV/FCEV vans: 68–100 g/vehicle BEV/PHEV/FCEV buses: 91–134 g/vehicle BEV/PHEV/FCEV trucks: 136–201 g/vehicle Wind turbine magnets Direct Drive: 21.3–31.9 kg/MW Hybrid: 6.6–9.8 kg/MW Kumari et al., 2018 Imholte et al., 2018 Habib et al., 2014 Hill, 2010 Constantinides, 2011 Lacal-Arantegui, 2015 Silicon Solar 2.9–3.4 kg/kW (Frischknecht, Stolz, Krebs, de Wild-Scholten, and Sinha, 2020) Yield – 60%; most waste is kerf from cutting the ingots (Li, Lin, Wang, Shi, Sun, Ban, Liu, and Chen, 2021) 67% yield according to Frischknecht et al. (2020)",689832,689835,,,BEV,,,BEV
2,PHEV,APPLICATION,,"Phosphorous EV batteries BEV LDVs: 1.3–26.0 kg/vehicle PHEV LDVs: 0.2–4.1 kg/vehicle BEV HDVs: 2.7–54.4 kg/vehicle PHEV HDVs: 0.4–8.6 kg/vehicle Platinum FCEV fuel cells FCEV cars: 0.010–0.018 kg/vehicle FCEV vans: 0.015–0.027 kg/vehicle FCEV buses: 0.019–0.034 kg/vehicle FCEV trucks: 0.030–0.055 kg/vehicle Praseodymium EV magnets BEV/PHEV/FCEV cars: 45–67 g/vehicle BEV/PHEV/FCEV vans: 68–100 g/vehicle BEV/PHEV/FCEV buses: 91–134 g/vehicle BEV/PHEV/FCEV trucks: 136–201 g/vehicle Wind turbine magnets Direct Drive: 21.3–31.9 kg/MW Hybrid: 6.6–9.8 kg/MW Kumari et al., 2018 Imholte et al., 2018 Habib et al., 2014 Hill, 2010 Constantinides, 2011 Lacal-Arantegui, 2015 Silicon Solar 2.9–3.4 kg/kW (Frischknecht, Stolz, Krebs, de Wild-Scholten, and Sinha, 2020) Yield – 60%; most waste is kerf from cutting the ingots (Li, Lin, Wang, Shi, Sun, Ban, Liu, and Chen, 2021) 67% yield according to Frischknecht et al. (2020)",689862,689866,,,PHEV,,,PHEV
2,EV,APPLICATION,,"Phosphorous EV batteries BEV LDVs: 1.3–26.0 kg/vehicle PHEV LDVs: 0.2–4.1 kg/vehicle BEV HDVs: 2.7–54.4 kg/vehicle PHEV HDVs: 0.4–8.6 kg/vehicle Platinum FCEV fuel cells FCEV cars: 0.010–0.018 kg/vehicle FCEV vans: 0.015–0.027 kg/vehicle FCEV buses: 0.019–0.034 kg/vehicle FCEV trucks: 0.030–0.055 kg/vehicle Praseodymium EV magnets BEV/PHEV/FCEV cars: 45–67 g/vehicle BEV/PHEV/FCEV vans: 68–100 g/vehicle BEV/PHEV/FCEV buses: 91–134 g/vehicle BEV/PHEV/FCEV trucks: 136–201 g/vehicle Wind turbine magnets Direct Drive: 21.3–31.9 kg/MW Hybrid: 6.6–9.8 kg/MW Kumari et al., 2018 Imholte et al., 2018 Habib et al., 2014 Hill, 2010 Constantinides, 2011 Lacal-Arantegui, 2015 Silicon Solar 2.9–3.4 kg/kW (Frischknecht, Stolz, Krebs, de Wild-Scholten, and Sinha, 2020) Yield – 60%; most waste is kerf from cutting the ingots (Li, Lin, Wang, Shi, Sun, Ban, Liu, and Chen, 2021) 67% yield according to Frischknecht et al. (2020)",690069,690071,,,EV,,,EV
2,BEV,APPLICATION,,"Phosphorous EV batteries BEV LDVs: 1.3–26.0 kg/vehicle PHEV LDVs: 0.2–4.1 kg/vehicle BEV HDVs: 2.7–54.4 kg/vehicle PHEV HDVs: 0.4–8.6 kg/vehicle Platinum FCEV fuel cells FCEV cars: 0.010–0.018 kg/vehicle FCEV vans: 0.015–0.027 kg/vehicle FCEV buses: 0.019–0.034 kg/vehicle FCEV trucks: 0.030–0.055 kg/vehicle Praseodymium EV magnets BEV/PHEV/FCEV cars: 45–67 g/vehicle BEV/PHEV/FCEV vans: 68–100 g/vehicle BEV/PHEV/FCEV buses: 91–134 g/vehicle BEV/PHEV/FCEV trucks: 136–201 g/vehicle Wind turbine magnets Direct Drive: 21.3–31.9 kg/MW Hybrid: 6.6–9.8 kg/MW Kumari et al., 2018 Imholte et al., 2018 Habib et al., 2014 Hill, 2010 Constantinides, 2011 Lacal-Arantegui, 2015 Silicon Solar 2.9–3.4 kg/kW (Frischknecht, Stolz, Krebs, de Wild-Scholten, and Sinha, 2020) Yield – 60%; most waste is kerf from cutting the ingots (Li, Lin, Wang, Shi, Sun, Ban, Liu, and Chen, 2021) 67% yield according to Frischknecht et al. (2020)",690080,690083,,,BEV,,,BEV
2,PHEV,APPLICATION,,"Phosphorous EV batteries BEV LDVs: 1.3–26.0 kg/vehicle PHEV LDVs: 0.2–4.1 kg/vehicle BEV HDVs: 2.7–54.4 kg/vehicle PHEV HDVs: 0.4–8.6 kg/vehicle Platinum FCEV fuel cells FCEV cars: 0.010–0.018 kg/vehicle FCEV vans: 0.015–0.027 kg/vehicle FCEV buses: 0.019–0.034 kg/vehicle FCEV trucks: 0.030–0.055 kg/vehicle Praseodymium EV magnets BEV/PHEV/FCEV cars: 45–67 g/vehicle BEV/PHEV/FCEV vans: 68–100 g/vehicle BEV/PHEV/FCEV buses: 91–134 g/vehicle BEV/PHEV/FCEV trucks: 136–201 g/vehicle Wind turbine magnets Direct Drive: 21.3–31.9 kg/MW Hybrid: 6.6–9.8 kg/MW Kumari et al., 2018 Imholte et al., 2018 Habib et al., 2014 Hill, 2010 Constantinides, 2011 Lacal-Arantegui, 2015 Silicon Solar 2.9–3.4 kg/kW (Frischknecht, Stolz, Krebs, de Wild-Scholten, and Sinha, 2020) Yield – 60%; most waste is kerf from cutting the ingots (Li, Lin, Wang, Shi, Sun, Ban, Liu, and Chen, 2021) 67% yield according to Frischknecht et al. (2020)",690084,690088,,,PHEV,,,PHEV
2,BEV,APPLICATION,,"Phosphorous EV batteries BEV LDVs: 1.3–26.0 kg/vehicle PHEV LDVs: 0.2–4.1 kg/vehicle BEV HDVs: 2.7–54.4 kg/vehicle PHEV HDVs: 0.4–8.6 kg/vehicle Platinum FCEV fuel cells FCEV cars: 0.010–0.018 kg/vehicle FCEV vans: 0.015–0.027 kg/vehicle FCEV buses: 0.019–0.034 kg/vehicle FCEV trucks: 0.030–0.055 kg/vehicle Praseodymium EV magnets BEV/PHEV/FCEV cars: 45–67 g/vehicle BEV/PHEV/FCEV vans: 68–100 g/vehicle BEV/PHEV/FCEV buses: 91–134 g/vehicle BEV/PHEV/FCEV trucks: 136–201 g/vehicle Wind turbine magnets Direct Drive: 21.3–31.9 kg/MW Hybrid: 6.6–9.8 kg/MW Kumari et al., 2018 Imholte et al., 2018 Habib et al., 2014 Hill, 2010 Constantinides, 2011 Lacal-Arantegui, 2015 Silicon Solar 2.9–3.4 kg/kW (Frischknecht, Stolz, Krebs, de Wild-Scholten, and Sinha, 2020) Yield – 60%; most waste is kerf from cutting the ingots (Li, Lin, Wang, Shi, Sun, Ban, Liu, and Chen, 2021) 67% yield according to Frischknecht et al. (2020)",690116,690119,,,BEV,,,BEV
2,PHEV,APPLICATION,,"Phosphorous EV batteries BEV LDVs: 1.3–26.0 kg/vehicle PHEV LDVs: 0.2–4.1 kg/vehicle BEV HDVs: 2.7–54.4 kg/vehicle PHEV HDVs: 0.4–8.6 kg/vehicle Platinum FCEV fuel cells FCEV cars: 0.010–0.018 kg/vehicle FCEV vans: 0.015–0.027 kg/vehicle FCEV buses: 0.019–0.034 kg/vehicle FCEV trucks: 0.030–0.055 kg/vehicle Praseodymium EV magnets BEV/PHEV/FCEV cars: 45–67 g/vehicle BEV/PHEV/FCEV vans: 68–100 g/vehicle BEV/PHEV/FCEV buses: 91–134 g/vehicle BEV/PHEV/FCEV trucks: 136–201 g/vehicle Wind turbine magnets Direct Drive: 21.3–31.9 kg/MW Hybrid: 6.6–9.8 kg/MW Kumari et al., 2018 Imholte et al., 2018 Habib et al., 2014 Hill, 2010 Constantinides, 2011 Lacal-Arantegui, 2015 Silicon Solar 2.9–3.4 kg/kW (Frischknecht, Stolz, Krebs, de Wild-Scholten, and Sinha, 2020) Yield – 60%; most waste is kerf from cutting the ingots (Li, Lin, Wang, Shi, Sun, Ban, Liu, and Chen, 2021) 67% yield according to Frischknecht et al. (2020)",690120,690124,,,PHEV,,,PHEV
2,BEV,APPLICATION,,"Phosphorous EV batteries BEV LDVs: 1.3–26.0 kg/vehicle PHEV LDVs: 0.2–4.1 kg/vehicle BEV HDVs: 2.7–54.4 kg/vehicle PHEV HDVs: 0.4–8.6 kg/vehicle Platinum FCEV fuel cells FCEV cars: 0.010–0.018 kg/vehicle FCEV vans: 0.015–0.027 kg/vehicle FCEV buses: 0.019–0.034 kg/vehicle FCEV trucks: 0.030–0.055 kg/vehicle Praseodymium EV magnets BEV/PHEV/FCEV cars: 45–67 g/vehicle BEV/PHEV/FCEV vans: 68–100 g/vehicle BEV/PHEV/FCEV buses: 91–134 g/vehicle BEV/PHEV/FCEV trucks: 136–201 g/vehicle Wind turbine magnets Direct Drive: 21.3–31.9 kg/MW Hybrid: 6.6–9.8 kg/MW Kumari et al., 2018 Imholte et al., 2018 Habib et al., 2014 Hill, 2010 Constantinides, 2011 Lacal-Arantegui, 2015 Silicon Solar 2.9–3.4 kg/kW (Frischknecht, Stolz, Krebs, de Wild-Scholten, and Sinha, 2020) Yield – 60%; most waste is kerf from cutting the ingots (Li, Lin, Wang, Shi, Sun, Ban, Liu, and Chen, 2021) 67% yield according to Frischknecht et al. (2020)",690153,690156,,,BEV,,,BEV
2,PHEV,APPLICATION,,"Phosphorous EV batteries BEV LDVs: 1.3–26.0 kg/vehicle PHEV LDVs: 0.2–4.1 kg/vehicle BEV HDVs: 2.7–54.4 kg/vehicle PHEV HDVs: 0.4–8.6 kg/vehicle Platinum FCEV fuel cells FCEV cars: 0.010–0.018 kg/vehicle FCEV vans: 0.015–0.027 kg/vehicle FCEV buses: 0.019–0.034 kg/vehicle FCEV trucks: 0.030–0.055 kg/vehicle Praseodymium EV magnets BEV/PHEV/FCEV cars: 45–67 g/vehicle BEV/PHEV/FCEV vans: 68–100 g/vehicle BEV/PHEV/FCEV buses: 91–134 g/vehicle BEV/PHEV/FCEV trucks: 136–201 g/vehicle Wind turbine magnets Direct Drive: 21.3–31.9 kg/MW Hybrid: 6.6–9.8 kg/MW Kumari et al., 2018 Imholte et al., 2018 Habib et al., 2014 Hill, 2010 Constantinides, 2011 Lacal-Arantegui, 2015 Silicon Solar 2.9–3.4 kg/kW (Frischknecht, Stolz, Krebs, de Wild-Scholten, and Sinha, 2020) Yield – 60%; most waste is kerf from cutting the ingots (Li, Lin, Wang, Shi, Sun, Ban, Liu, and Chen, 2021) 67% yield according to Frischknecht et al. (2020)",690157,690161,,,PHEV,,,PHEV
2,BEV,APPLICATION,,"Phosphorous EV batteries BEV LDVs: 1.3–26.0 kg/vehicle PHEV LDVs: 0.2–4.1 kg/vehicle BEV HDVs: 2.7–54.4 kg/vehicle PHEV HDVs: 0.4–8.6 kg/vehicle Platinum FCEV fuel cells FCEV cars: 0.010–0.018 kg/vehicle FCEV vans: 0.015–0.027 kg/vehicle FCEV buses: 0.019–0.034 kg/vehicle FCEV trucks: 0.030–0.055 kg/vehicle Praseodymium EV magnets BEV/PHEV/FCEV cars: 45–67 g/vehicle BEV/PHEV/FCEV vans: 68–100 g/vehicle BEV/PHEV/FCEV buses: 91–134 g/vehicle BEV/PHEV/FCEV trucks: 136–201 g/vehicle Wind turbine magnets Direct Drive: 21.3–31.9 kg/MW Hybrid: 6.6–9.8 kg/MW Kumari et al., 2018 Imholte et al., 2018 Habib et al., 2014 Hill, 2010 Constantinides, 2011 Lacal-Arantegui, 2015 Silicon Solar 2.9–3.4 kg/kW (Frischknecht, Stolz, Krebs, de Wild-Scholten, and Sinha, 2020) Yield – 60%; most waste is kerf from cutting the ingots (Li, Lin, Wang, Shi, Sun, Ban, Liu, and Chen, 2021) 67% yield according to Frischknecht et al. (2020)",690191,690194,,,BEV,,,BEV
2,PHEV,APPLICATION,,"Phosphorous EV batteries BEV LDVs: 1.3–26.0 kg/vehicle PHEV LDVs: 0.2–4.1 kg/vehicle BEV HDVs: 2.7–54.4 kg/vehicle PHEV HDVs: 0.4–8.6 kg/vehicle Platinum FCEV fuel cells FCEV cars: 0.010–0.018 kg/vehicle FCEV vans: 0.015–0.027 kg/vehicle FCEV buses: 0.019–0.034 kg/vehicle FCEV trucks: 0.030–0.055 kg/vehicle Praseodymium EV magnets BEV/PHEV/FCEV cars: 45–67 g/vehicle BEV/PHEV/FCEV vans: 68–100 g/vehicle BEV/PHEV/FCEV buses: 91–134 g/vehicle BEV/PHEV/FCEV trucks: 136–201 g/vehicle Wind turbine magnets Direct Drive: 21.3–31.9 kg/MW Hybrid: 6.6–9.8 kg/MW Kumari et al., 2018 Imholte et al., 2018 Habib et al., 2014 Hill, 2010 Constantinides, 2011 Lacal-Arantegui, 2015 Silicon Solar 2.9–3.4 kg/kW (Frischknecht, Stolz, Krebs, de Wild-Scholten, and Sinha, 2020) Yield – 60%; most waste is kerf from cutting the ingots (Li, Lin, Wang, Shi, Sun, Ban, Liu, and Chen, 2021) 67% yield according to Frischknecht et al. (2020)",690195,690199,,,PHEV,,,PHEV
2,EV,APPLICATION,,Terbium EV magnets BEV/PHEV/FCEV cars:,691091,691093,,,EV,,,EV
2,BEV,APPLICATION,,Terbium EV magnets BEV/PHEV/FCEV cars:,691102,691105,,,BEV,,,BEV
2,PHEV,APPLICATION,,Terbium EV magnets BEV/PHEV/FCEV cars:,691106,691110,,,PHEV,,,PHEV
2,BEV,APPLICATION,,"4–17 g/vehicle BEV/PHEV/FCEV vans: 6–26 g/vehicle BEV/PHEV/FCEV buses: 9–35 g/vehicle BEV/PHEV/FCEV trucks: 13–52 g/vehicle Wind turbine magnets Direct Drive: 0.0–1.0 kg/MW Hybrid: 0.0–0.3 kg/MW Kumari et al., 2018 Imholte et al., 2018 Habib et al., 2014 Hill, 2010 Constantinides, 2011 Lacal-Arantegui, 2015 Adamas, 2023 Uranium Nuclear 159–187 mt U/GW (World Nuclear Association, 2022)",691137,691140,,,BEV,,,BEV
2,PHEV,APPLICATION,,"4–17 g/vehicle BEV/PHEV/FCEV vans: 6–26 g/vehicle BEV/PHEV/FCEV buses: 9–35 g/vehicle BEV/PHEV/FCEV trucks: 13–52 g/vehicle Wind turbine magnets Direct Drive: 0.0–1.0 kg/MW Hybrid: 0.0–0.3 kg/MW Kumari et al., 2018 Imholte et al., 2018 Habib et al., 2014 Hill, 2010 Constantinides, 2011 Lacal-Arantegui, 2015 Adamas, 2023 Uranium Nuclear 159–187 mt U/GW (World Nuclear Association, 2022)",691141,691145,,,PHEV,,,PHEV
2,BEV,APPLICATION,,"4–17 g/vehicle BEV/PHEV/FCEV vans: 6–26 g/vehicle BEV/PHEV/FCEV buses: 9–35 g/vehicle BEV/PHEV/FCEV trucks: 13–52 g/vehicle Wind turbine magnets Direct Drive: 0.0–1.0 kg/MW Hybrid: 0.0–0.3 kg/MW Kumari et al., 2018 Imholte et al., 2018 Habib et al., 2014 Hill, 2010 Constantinides, 2011 Lacal-Arantegui, 2015 Adamas, 2023 Uranium Nuclear 159–187 mt U/GW (World Nuclear Association, 2022)",691172,691175,,,BEV,,,BEV
2,PHEV,APPLICATION,,"4–17 g/vehicle BEV/PHEV/FCEV vans: 6–26 g/vehicle BEV/PHEV/FCEV buses: 9–35 g/vehicle BEV/PHEV/FCEV trucks: 13–52 g/vehicle Wind turbine magnets Direct Drive: 0.0–1.0 kg/MW Hybrid: 0.0–0.3 kg/MW Kumari et al., 2018 Imholte et al., 2018 Habib et al., 2014 Hill, 2010 Constantinides, 2011 Lacal-Arantegui, 2015 Adamas, 2023 Uranium Nuclear 159–187 mt U/GW (World Nuclear Association, 2022)",691176,691180,,,PHEV,,,PHEV
2,BEV,APPLICATION,,"4–17 g/vehicle BEV/PHEV/FCEV vans: 6–26 g/vehicle BEV/PHEV/FCEV buses: 9–35 g/vehicle BEV/PHEV/FCEV trucks: 13–52 g/vehicle Wind turbine magnets Direct Drive: 0.0–1.0 kg/MW Hybrid: 0.0–0.3 kg/MW Kumari et al., 2018 Imholte et al., 2018 Habib et al., 2014 Hill, 2010 Constantinides, 2011 Lacal-Arantegui, 2015 Adamas, 2023 Uranium Nuclear 159–187 mt U/GW (World Nuclear Association, 2022)",691208,691211,,,BEV,,,BEV
2,PHEV,APPLICATION,,"4–17 g/vehicle BEV/PHEV/FCEV vans: 6–26 g/vehicle BEV/PHEV/FCEV buses: 9–35 g/vehicle BEV/PHEV/FCEV trucks: 13–52 g/vehicle Wind turbine magnets Direct Drive: 0.0–1.0 kg/MW Hybrid: 0.0–0.3 kg/MW Kumari et al., 2018 Imholte et al., 2018 Habib et al., 2014 Hill, 2010 Constantinides, 2011 Lacal-Arantegui, 2015 Adamas, 2023 Uranium Nuclear 159–187 mt U/GW (World Nuclear Association, 2022)",691212,691216,,,PHEV,,,PHEV
2,BEV,APPLICATION,,a BEV = battery electric vehicle; CIGS = cadmium-indium-gallium-selenide; FCEV = fuel cell electric vehicle; HDV = heavy-duty vehicle; HVDC = high-voltage direct current; ICE = internal combustion engine; LDV = light-duty vehicle; LED = light-emitting diode; Li-ion = lithium-ion battery; NaS = sodium sulfur; NiMH = nickel metal hydride; PHEV = plug-in hybrid electric vehicle.,691578,691581,,,BEV,,,BEV
2,battery electric vehicle,APPLICATION,,a BEV = battery electric vehicle; CIGS = cadmium-indium-gallium-selenide; FCEV = fuel cell electric vehicle; HDV = heavy-duty vehicle; HVDC = high-voltage direct current; ICE = internal combustion engine; LDV = light-duty vehicle; LED = light-emitting diode; Li-ion = lithium-ion battery; NaS = sodium sulfur; NiMH = nickel metal hydride; PHEV = plug-in hybrid electric vehicle.,691584,691608,,,battery electric vehicle,,,battery electric vehicle
2,electric vehicle,APPLICATION,,a BEV = battery electric vehicle; CIGS = cadmium-indium-gallium-selenide; FCEV = fuel cell electric vehicle; HDV = heavy-duty vehicle; HVDC = high-voltage direct current; ICE = internal combustion engine; LDV = light-duty vehicle; LED = light-emitting diode; Li-ion = lithium-ion battery; NaS = sodium sulfur; NiMH = nickel metal hydride; PHEV = plug-in hybrid electric vehicle.,691667,691683,,,electric vehicle,,,electric vehicle
2,PHEV,APPLICATION,,a BEV = battery electric vehicle; CIGS = cadmium-indium-gallium-selenide; FCEV = fuel cell electric vehicle; HDV = heavy-duty vehicle; HVDC = high-voltage direct current; ICE = internal combustion engine; LDV = light-duty vehicle; LED = light-emitting diode; Li-ion = lithium-ion battery; NaS = sodium sulfur; NiMH = nickel metal hydride; PHEV = plug-in hybrid electric vehicle.,691915,691919,,,PHEV,,,PHEV
2,plug-in hybrid electric vehicle,APPLICATION,,a BEV = battery electric vehicle; CIGS = cadmium-indium-gallium-selenide; FCEV = fuel cell electric vehicle; HDV = heavy-duty vehicle; HVDC = high-voltage direct current; ICE = internal combustion engine; LDV = light-duty vehicle; LED = light-emitting diode; Li-ion = lithium-ion battery; NaS = sodium sulfur; NiMH = nickel metal hydride; PHEV = plug-in hybrid electric vehicle.,691922,691953,,,plug-in hybrid electric vehicle,,,plug-in hybrid electric vehicle
2,grain oriented electrical steel,COMPETING_MATERIAL,,Vehicles B1.1 Electrical Steel in Vehicle Motors Non-grain oriented electrical steel (NOES) is the type of electrical steel (ES) used most often in the construction of motors for electric vehicles.,692012,692043,,,grain oriented electrical steel,,,grain-oriented electric steel
2,EV,APPLICATION,,"Information for ES content per EV type was not available, so the total number was used.",692520,692522,,,EV,,,EV
2,EV,APPLICATION,,"However, because the range used for high and low cases covers all EV types, it is safe to assume that the most accurate numbers would be somewhere in between.",692643,692645,,,EV,,,EV
2,electric vehicle,APPLICATION,,"Battery electric vehicle (BEVs), hybrid electric buses, and battery electric buses contain 83.18 kg/vehicle, 89.1 kg/vehicle, and 370 kg/vehicle, respectively (Copper Development Association, 2022).",692983,692999,,,electric vehicle,,,electric vehicle
2,PHEV,APPLICATION,,"B1.3.2 Material Intensity Low and high platinum material intensities for catalytic converters were derived from Johnson Matthey’s (2022) automotive global demand data and this study’s ICE, PHEV, and diesel vehicle sales for 2020 to 2022, following an approach adopted for a European platinum material flow analysis study (Saidani et al., 2019).",694391,694395,,,PHEV,,,PHEV
2,BEV,APPLICATION,,"For the vehicle’s total mass, each lightweighting package utilized a weighted average vehicle mass for ICE, BEV, HEV, PHEV, and FCV light-duty vehicles (LDVs)",696655,696658,,,BEV,,,BEV
2,HEV,APPLICATION,,"For the vehicle’s total mass, each lightweighting package utilized a weighted average vehicle mass for ICE, BEV, HEV, PHEV, and FCV light-duty vehicles (LDVs)",696660,696663,,,HEV,,,HEV
2,PHEV,APPLICATION,,"For the vehicle’s total mass, each lightweighting package utilized a weighted average vehicle mass for ICE, BEV, HEV, PHEV, and FCV light-duty vehicles (LDVs)",696665,696669,,,PHEV,,,PHEV
2,PHEV,APPLICATION,,PHEV vehicle mass is assumed to be the average weight of vehicles with 20-mile and 50-mile ranges.,696805,696809,,,PHEV,,,PHEV
2,BEV,APPLICATION,,"BEV vehicle mass is assumed to be the average of 200-, 300-, 400-, and 500-mile range BEV vehicles.",696904,696907,,,BEV,,,BEV
2,BEV,APPLICATION,,"BEV vehicle mass is assumed to be the average of 200-, 300-, 400-, and 500-mile range BEV vehicles.",696990,696993,,,BEV,,,BEV
2,2.00% Silicon,SI_CONTENT,UNSPECIFIED,Lightweighting Material Material Material Percentage Low Intensity Material Percentage High Intensity Advanced High-Strength Steel Aluminum (AL) 0.50% 1.00% Carbon (C) 0.10% 0.30% Manganese (Mn) 1.00% 2.00% Silicon (Si) 0.50% 1.00% Aluminum cast Aluminum 90.10% 92.33% Magnesium (Mg) 0.20% 0.45% Manganese 0.18% 0.35% Silicon 6.50% 7.50% Titanium (Ti) 0.13% 0.25% Aluminum wrought Aluminum 95.00% 96.70% Magnesium 2.50% 3.40% Manganese 0.13% 0.31% Silicon 0.25% 0.46% High-Strength Steel,700900,700913,2.0,%,2.0 %,,,2.00% Silicon
2,0.35% Silicon,SI_CONTENT,UNSPECIFIED,Lightweighting Material Material Material Percentage Low Intensity Material Percentage High Intensity Advanced High-Strength Steel Aluminum (AL) 0.50% 1.00% Carbon (C) 0.10% 0.30% Manganese (Mn) 1.00% 2.00% Silicon (Si) 0.50% 1.00% Aluminum cast Aluminum 90.10% 92.33% Magnesium (Mg) 0.20% 0.45% Manganese 0.18% 0.35% Silicon 6.50% 7.50% Titanium (Ti) 0.13% 0.25% Aluminum wrought Aluminum 95.00% 96.70% Magnesium 2.50% 3.40% Manganese 0.13% 0.31% Silicon 0.25% 0.46% High-Strength Steel,701011,701024,0.35,%,0.35 %,,,0.35% Silicon
2,0.31% Silicon,SI_CONTENT,UNSPECIFIED,Lightweighting Material Material Material Percentage Low Intensity Material Percentage High Intensity Advanced High-Strength Steel Aluminum (AL) 0.50% 1.00% Carbon (C) 0.10% 0.30% Manganese (Mn) 1.00% 2.00% Silicon (Si) 0.50% 1.00% Aluminum cast Aluminum 90.10% 92.33% Magnesium (Mg) 0.20% 0.45% Manganese 0.18% 0.35% Silicon 6.50% 7.50% Titanium (Ti) 0.13% 0.25% Aluminum wrought Aluminum 95.00% 96.70% Magnesium 2.50% 3.40% Manganese 0.13% 0.31% Silicon 0.25% 0.46% High-Strength Steel,701141,701154,0.31,%,0.31 %,,,0.31% Silicon
2,1.65% Silicon,SI_CONTENT,UNSPECIFIED,"Manganese 1.35% 1.65% Silicon 0.15% 0.40% Magnesium alloy Aluminum 8.30% 9.70% Magnesium 88.60% 91.10% U.S. Department of Energy, Critical Materials Assessment 2023 215 Lightweighting Material Material Material Percentage Low Intensity Material Percentage High Intensity Manganese 0.15% 0.50% Silicon 0.05% 0.10% B1.5 Batteries in Electric Vehicles B1.5.1 Market Share Lithium-ion batteries are assumed to make up 100% of new EV and PHEV batteries over this period.",701203,701216,1.65,%,1.65 %,,,1.65% Silicon
2,0.50% Silicon,SI_CONTENT,UNSPECIFIED,"Manganese 1.35% 1.65% Silicon 0.15% 0.40% Magnesium alloy Aluminum 8.30% 9.70% Magnesium 88.60% 91.10% U.S. Department of Energy, Critical Materials Assessment 2023 215 Lightweighting Material Material Material Percentage Low Intensity Material Percentage High Intensity Manganese 0.15% 0.50% Silicon 0.05% 0.10% B1.5 Batteries in Electric Vehicles B1.5.1 Market Share Lithium-ion batteries are assumed to make up 100% of new EV and PHEV batteries over this period.",701474,701487,0.5,%,0.5 %,,,0.50% Silicon
2,EV,APPLICATION,,"Manganese 1.35% 1.65% Silicon 0.15% 0.40% Magnesium alloy Aluminum 8.30% 9.70% Magnesium 88.60% 91.10% U.S. Department of Energy, Critical Materials Assessment 2023 215 Lightweighting Material Material Material Percentage Low Intensity Material Percentage High Intensity Manganese 0.15% 0.50% Silicon 0.05% 0.10% B1.5 Batteries in Electric Vehicles B1.5.1 Market Share Lithium-ion batteries are assumed to make up 100% of new EV and PHEV batteries over this period.",701613,701615,,,EV,,,EV
2,PHEV,APPLICATION,,"Manganese 1.35% 1.65% Silicon 0.15% 0.40% Magnesium alloy Aluminum 8.30% 9.70% Magnesium 88.60% 91.10% U.S. Department of Energy, Critical Materials Assessment 2023 215 Lightweighting Material Material Material Percentage Low Intensity Material Percentage High Intensity Manganese 0.15% 0.50% Silicon 0.05% 0.10% B1.5 Batteries in Electric Vehicles B1.5.1 Market Share Lithium-ion batteries are assumed to make up 100% of new EV and PHEV batteries over this period.",701620,701624,,,PHEV,,,PHEV
2,BEV,APPLICATION,,"Vehicle Types BEV PHEV Low High Low High LDV 72 107 11 17 HDV 150 225 24 36 The share of different types of lithium-ion (li-ion) battery are based on scenarios from Xu et al (2020) and include a high lithium-ion phosphate (LFP) adoption scenario with 60% of electric vehicles batteries being LFP, and a high nickel-manganese-cobalt (NMC) adoption scenario with 97% of vehicle batteries being NMC or nickel-cobalt-aluminum (NCA).",702609,702612,,,BEV,,,BEV
2,PHEV,APPLICATION,,"Vehicle Types BEV PHEV Low High Low High LDV 72 107 11 17 HDV 150 225 24 36 The share of different types of lithium-ion (li-ion) battery are based on scenarios from Xu et al (2020) and include a high lithium-ion phosphate (LFP) adoption scenario with 60% of electric vehicles batteries being LFP, and a high nickel-manganese-cobalt (NMC) adoption scenario with 97% of vehicle batteries being NMC or nickel-cobalt-aluminum (NCA).",702613,702617,,,PHEV,,,PHEV
2,NdFeB,COMPETING_MATERIAL,,The share of electric vehicles that use neodymium-iron-boron (NdFeB) magnets is estimated to be between 50% in the low case and 100% in the high case.,704822,704827,,,NdFeB,,,NdFeB
2,NdFeB,COMPETING_MATERIAL,,"The current share of electric vehicles using NdFeB magnet motors is estimated to be 98%; however, Tesla has announced a plan to switch away from rare earth magnets in future models (Adamas, 2023).",704956,704961,,,NdFeB,,,NdFeB
2,BEV,APPLICATION,,"Tesla’s 2022 share of global BEV and PHEV sales is about 13.6%, but its U.S. Department of Energy, Critical Materials Assessment 2023 217 share of the EV magnet market is likely 25%–30% given that its motors have more than twice the power of average vehicles modeled (Kane, 2022; Lambert, 2020).",705137,705140,,,BEV,,,BEV
2,PHEV,APPLICATION,,"Tesla’s 2022 share of global BEV and PHEV sales is about 13.6%, but its U.S. Department of Energy, Critical Materials Assessment 2023 217 share of the EV magnet market is likely 25%–30% given that its motors have more than twice the power of average vehicles modeled (Kane, 2022; Lambert, 2020).",705145,705149,,,PHEV,,,PHEV
2,EV,APPLICATION,,"Tesla’s 2022 share of global BEV and PHEV sales is about 13.6%, but its U.S. Department of Energy, Critical Materials Assessment 2023 217 share of the EV magnet market is likely 25%–30% given that its motors have more than twice the power of average vehicles modeled (Kane, 2022; Lambert, 2020).",705259,705261,,,EV,,,EV
2,electric vehicle,APPLICATION,,"High values for Nd, Pr, and Dy material intensities per magnet in Table B.8 are estimated using median values taken from analyses of electric vehicle magnets (Yano et al., 2016; Rasheed et al., 2021).",706463,706479,,,electric vehicle,,,electric vehicle
2,BEV,APPLICATION,,"However, while the IEA reports the forecasts for BEV and PHEV global vehicle sales for the STEPS and NZE scenarios, FCEV sales forecasts are not reported for the STEPS scenario.",707807,707810,,,BEV,,,BEV
2,PHEV,APPLICATION,,"However, while the IEA reports the forecasts for BEV and PHEV global vehicle sales for the STEPS and NZE scenarios, FCEV sales forecasts are not reported for the STEPS scenario.",707815,707819,,,PHEV,,,PHEV
2,generator,APPLICATION,,"Using the wind projections mentioned in the previous section, we consider the two most used gearbox wind turbine types, that is, the double-fed induction generators (DFIG) and permanent-magnet synchronous generator (PMSG).",723669,723678,,,generator,,,generator
2,reactor,APPLICATION,,"A moderator in a nuclear reactor is a material like water, heavy water, or graphite that is used to slow down the neutrons in the reactor core from their high velocities (NRC, 2021).",727205,727212,,,reactor,,,reactor
2,reactor,APPLICATION,,"A moderator in a nuclear reactor is a material like water, heavy water, or graphite that is used to slow down the neutrons in the reactor core from their high velocities (NRC, 2021).",727310,727317,,,reactor,,,reactor
2,reactor,APPLICATION,,Moderator material selection varies by reactor design and technology.,727402,727409,,,reactor,,,reactor
2,reactor,APPLICATION,,"The 2021 market share, by reactor count, of moderators for operational reactors for graphite, water, and heavy water were 5.3%, 83.3%, and 10.8%, respectively (IAEA, 2021; World Nuclear Association, 2022b).",727459,727466,,,reactor,,,reactor
2,reactor,APPLICATION,,Calculation of natural graphite demand in nuclear reactors relied on computing the quantity of natural graphite required for moderators in different reactor designs.,727941,727948,,,reactor,,,reactor
2,reactor,APPLICATION,,"With only one currently operating high-temperature gas cooled reactor (HTGR), natural graphite demand is relatively low.",728020,728027,,,reactor,,,reactor
2,reactor,APPLICATION,,The utilization of only HTGR reactors was a simplification performed due to uncertainty in reactor technology and deployment dates that are all likely too far in the future to accurately assess.,728312,728319,,,reactor,,,reactor
2,reactor,APPLICATION,,"Due to the high degree of uncertainty surrounding Generation IV (Gen-IV) reactor designs (HTGRs included), a maximum nuclear capacity of 2.5% by 2035 was assumed.",728489,728496,,,reactor,,,reactor
2,reactor,APPLICATION,,A variety of different grades of enrichment of uranium nuclear fuel can be used in reactors depending on the reactor type.,728974,728981,,,reactor,,,reactor
2,reactor,APPLICATION,,"Advanced reactor designs, Gen-IV technologies, typically require high-assay low-enriched uranium (HALEU) fuel, which is defined as U-235 concentrations between 5%–20%.",729180,729187,,,reactor,,,reactor
2,reactor,APPLICATION,,"B6.2 Material Intensity B6.2.1 Moderators In a 1-GWe HTGR reactor in a pebble bed configuration, a range of 2400–3600 mt of graphite is required upon startup of the reactor (BCC Research, 2017; Next Source Materials, 2013).",729945,729952,,,reactor,,,reactor
2,reactor,APPLICATION,,"B6.2 Material Intensity B6.2.1 Moderators In a 1-GWe HTGR reactor in a pebble bed configuration, a range of 2400–3600 mt of graphite is required upon startup of the reactor (BCC Research, 2017; Next Source Materials, 2013).",730052,730059,,,reactor,,,reactor
2,reactor,APPLICATION,,"A range of 800–1200 mt of graphite is required for annual fuel loads to run the same 1-GWe reactor (BCC Research, 2017; Next Source Materials, 2013).",730202,730209,,,reactor,,,reactor
2,B8,FLUX_DENSITY,UNSPECIFIED,B8.,732582,732584,,notation,B8,,,B8
2,EV,APPLICATION,,"GaN market share will grow but at a much slower rate compared to SiC. Within the SiC market, 70% of the demand driver is the fast-growing EV market and is projected to reach 80% in 2027 (Chiu & Dogmus, 2022).",735710,735712,,,EV,,,EV
2,EV,APPLICATION,,EV application for GaN accounts for only less than 3% market share currently but it is expected to grow to 11% in 2027.,735991,735993,,,EV,,,EV
2,NdFeB,COMPETING_MATERIAL,,Conserving HREE in NdFeB Magnets.,740839,740844,,,NdFeB,,,NdFeB
2,generator,APPLICATION,,Wind turbines-the era of the permanent magnet generator.,745893,745902,,,generator,,,generator
2,EV,APPLICATION,,"Global EV sales share in Stated Policies, Sustainable Development and Net Zero scenarios, 2015-2040.",747496,747498,,,EV,,,EV
2,EV,APPLICATION,,Global EV Data Explorer.,747786,747788,,,EV,,,EV
2,hybrid electric vehicle,APPLICATION,,"A systematic analysis of the costs and environmental impacts of critical materials recovery from hybrid electric vehicle batteries in the U.S. iScience, 25(9), 104830.",748247,748270,,,hybrid electric vehicle,,,hybrid electric vehicle
2,EV,APPLICATION,,World’s Top 5 EV Automotive Groups Ranked By Sales: H1 2022.,749189,749191,,,EV,,,EV
2,NdFeB,COMPETING_MATERIAL,,Recovery of rare earths from spent NdFeB magnets of wind turbine:,749717,749722,,,NdFeB,,,NdFeB
2,hybrid electric vehicle,APPLICATION,,Rare earth element recovery potentials from end-of-life hybrid electric vehicle components in 2010–2030,757206,757229,,,hybrid electric vehicle,,,hybrid electric vehicle
2,dysprosium,COMPETING_MATERIAL,,"This assessment considers 38 materials used by eight major technologies, including: aluminum, boron , cobalt, copper , dysprosium , electrical steel, fluorine, gallium, gallium nitride, germanium, indium, iridium, iron, lanthanum, lithium, magnesium, manganese, mixed rare earth oxide, natural graphite, neodymium, nickel, palladium, phosphorous, praseodymium, platinum, rhodium, silicon, silicon carbide, sodium , strontium, sulfur, tellurium, terbium, titanium, uranium, vanadium, yttrium, zinc, and zirconium.",761352,761362,,,dysprosium,,,dysprosium
6,distribution transformer,APPLICATION,,The European distribution transformer fleet and market is still largely dominated by mineral oil-filled transformers technology ( Lebot et al. 2003),6564,6588,,,distribution transformer,,,distribution transformer
6,distribution transformer,APPLICATION,,"– The distribution transformer market has been characterized by an emphasis on first cost and reduced concerns with operating cost, largely because of the split incentives between pur- chasers of equipment (e.g., the building contrac- tor) on the one hand, and owners/operators and users on the other.",8167,8191,,,distribution transformer,,,distribution transformer
6,oil-immersed transformer,APPLICATION,,Transformer efficiency and different losses for 75-kVA oil-immersed transformer (Eide et al. 2010) Energy Efficiency (2016) 9:401–424 403 International Copper Association Southeast Asia Ltd 2011),10551,10575,,,oil-immersed transformer,,,oil-immersed transformer
6,EN 50464-1,STANDARD,,"The two main documents which describe losses in transformers are the European Standard EN 50464-1 (oil-immersed) and EN 50541-1 (dry-type), which soon both will be substituted with a new European standards EN 50588-1 (Colla 2014).",11829,11839,,,EN 50464-1,,,EN 50464-1
6,amorphous metal,COMPETING_MATERIAL,,Table 1 Key barriers and obstacles toward increasing energy performance of distribution transformers in the European Union Market actor Most important market barriers and obstacles Larger electricity distribution companies Disincentives or no incentives from regulation of distribution tariffs; no incentives from emissions trading scheme Insufficient competition among amorphous metal manufacturers; no producer of amorphous transformers in Europe.,13160,13175,,,amorphous metal,,,amorphous alloy
6,distribution transformer,APPLICATION,,Energy consumption and CO2 emissions—BAU The European distribution transformer fleet and market is still largely dominated by traditional technology.,24080,24104,,,distribution transformer,,,distribution transformer
6,DER transformer,APPLICATION,,Distribution transformer 400 2.250 4.275 1.4 88.580 168.300 Industry transformer: oil-immersed 1.000 504 958 1.4 27.405 52.000 Industry transformer: dry-type 1.250 108 203 1.4 5.150 9.600 DER transformer: oil-immersed 2.000 4 12.5 2.5 262 812 DER transformer: dry-type 2.000 16 50 2.5 1.048 3.250 Adapted from VITO and BIOIS (2011) Fig.,27455,27470,,,DER transformer,,,DER transformer
6,DER transformer,APPLICATION,,Distribution transformer 400 2.250 4.275 1.4 88.580 168.300 Industry transformer: oil-immersed 1.000 504 958 1.4 27.405 52.000 Industry transformer: dry-type 1.250 108 203 1.4 5.150 9.600 DER transformer: oil-immersed 2.000 4 12.5 2.5 262 812 DER transformer: dry-type 2.000 16 50 2.5 1.048 3.250 Adapted from VITO and BIOIS (2011) Fig.,27510,27525,,,DER transformer,,,DER transformer
6,amorphous steel,COMPETING_MATERIAL,,"Then, to ensure the same electrical resistance, the following condi- tions are required for the aluminum conductor (Table 4): Grain-oriented steel versus amorphous steel Grain-oriented steels are used in most transformer cores and have experience significant improvements over the last decades.",33948,33963,,,amorphous steel,,,amorphous steel
6,Hitachi Metals,PRODUCER,,Hitachi Metals is the only global supplier of the material.,36104,36118,,,Hitachi Metals,,,Hitachi Metals
6,Hitachi Metals,PRODUCER,,"While Hitachi Metals is based in Japan, it also has a facility in the USA where amor- phous metal is produced.",36170,36184,,,Hitachi Metals,,,Hitachi Metals
6,amorphous steel,COMPETING_MATERIAL,,The US facility currently has three production lines and can produce approximately 41.000 t of amorphous steel per year.,36370,36385,,,amorphous steel,,,amorphous steel
6,Hitachi Metals,PRODUCER,,"In addition to Hitachi Metals, one other supplier is known to be producing amorphous metal com- mercially.",36648,36662,,,Hitachi Metals,,,Hitachi Metals
6,amorphous metal,COMPETING_MATERIAL,,"In addition to Hitachi Metals, one other supplier is known to be producing amorphous metal com- mercially.",36708,36723,,,amorphous metal,,,amorphous alloy
6,AT&M,PRODUCER,,A company based in China called Advanced Technology & Materials (AT&M) has production capacity of 40.000 t per year.,36805,36809,,,AT&M,,,AT&M
6,amorphous metal,COMPETING_MATERIAL,,"However, this company is not considered a global supplier, because it is not known to supply amorphous metal outside the Chinese market.",36950,36965,,,amorphous metal,,,amorphous alloy
6,amorphous metal,COMPETING_MATERIAL,,Several other companies have attempted to produce amorphous metal in re- cent years.,37044,37059,,,amorphous metal,,,amorphous alloy
6,amorphous metals,COMPETING_MATERIAL,,"In Korea, Posco has recently started the manufacturing of amorphous metals.",37137,37153,,,amorphous metals,,,amorphous alloy
6,amorphous metal,COMPETING_MATERIAL,,"Compared to the 2.5 million of grain-oriented elec- trical steel produced in 2009, amorphous metal consti- tutes is less than 6 % of the global supply for electrical steel (Energy Efficiency and Renewable Energy Office (EERE) 2011).",37467,37482,,,amorphous metal,,,amorphous alloy
6,amorphous metals,COMPETING_MATERIAL,,"The noise level of amorphous metals is similar to conventional steels up to 1.3 T, growing very substan- tially above that value, as shown in Fig.",38040,38056,,,amorphous metals,,,amorphous alloy
6,1.3 T,FLUX_DENSITY,COMPETITOR,"The noise level of amorphous metals is similar to conventional steels up to 1.3 T, growing very substan- tially above that value, as shown in Fig.",38097,38102,1.3,T,1.3 T,,,1.3 T
6,EN 50464-1,STANDARD,,"For distri- bution transformers used by industry (dry-type), as well as in distributed generation, the MEPS in 2015 are derived from the top values in EN 50464-1, and the proposed MEPS for 2021 are at A0-10 %Ak based on the LLCC values.",46901,46911,,,EN 50464-1,,,EN 50464-1
6,DER transformer,APPLICATION,,Industry transformer: oil-immersed (1 MVA) Industry transformer: dry-type (1.25 MVA) DER transformer: oil-immersed (2 MVA) DER transformer: dry-type (2 MVA) Lifetime (years) 40 25 30 25 25 Electricity rate (€/kWh),47534,47549,,,DER transformer,,,DER transformer
6,DER transformer,APPLICATION,,Industry transformer: oil-immersed (1 MVA) Industry transformer: dry-type (1.25 MVA) DER transformer: oil-immersed (2 MVA) DER transformer: dry-type (2 MVA) Lifetime (years) 40 25 30 25 25 Electricity rate (€/kWh),47572,47587,,,DER transformer,,,DER transformer
6,DER transformer,APPLICATION,,"Table 7 Losses levels corresponding to the two different scenar- ios (BAU, intermediate/MEPS 2015 and MEPS 2021) P0Pk BAU Intermediate MEPS 2015 MEPS 2021 Distribution transformer (400 kVA) D0Ck A0Ck A0-10 %Ak Industry transformer: oil-immersed (1 MVA) E0Ck A0Ck A0-10 %Ak Industry transformer: dry-type (1.25 MVA) C0Bk A0Ak A0-10 %Ak DER transformer: oil-immersed (2 MVA) E0Ck A0Bk A0-10 %Ak DER transformer: dry-type (2 MVA) C0Bk A0Ak A0-10 %Ak Source: De Almeida et al. (2013) Energy Efficiency (2016) 9:401–424 417 intermediate level for distribution transformers used by distribution utilities for MEPS in 2015 is proposed to be at A0Ck.",49002,49017,,,DER transformer,,,DER transformer
6,DER transformer,APPLICATION,,"Table 7 Losses levels corresponding to the two different scenar- ios (BAU, intermediate/MEPS 2015 and MEPS 2021) P0Pk BAU Intermediate MEPS 2015 MEPS 2021 Distribution transformer (400 kVA) D0Ck A0Ck A0-10 %Ak Industry transformer: oil-immersed (1 MVA) E0Ck A0Ck A0-10 %Ak Industry transformer: dry-type (1.25 MVA) C0Bk A0Ak A0-10 %Ak DER transformer: oil-immersed (2 MVA) E0Ck A0Bk A0-10 %Ak DER transformer: dry-type (2 MVA) C0Bk A0Ak A0-10 %Ak Source: De Almeida et al. (2013) Energy Efficiency (2016) 9:401–424 417 intermediate level for distribution transformers used by distribution utilities for MEPS in 2015 is proposed to be at A0Ck.",49060,49075,,,DER transformer,,,DER transformer
6,DER transformer,APPLICATION,,BAU Intermediate MEPS 2015 MEPS 2021 PK (W) P0 (W) PK (W) P0 (W) PK (W) P0 (W) Distribution transformer (400 kVA) 4.600 750 4.600 430 3.250 387 Industry transformer: oil-immersed (1 MVA) 13.000 1.700 10.500 770 7.600 693 Industry transformer: dry-type (1.25 MVA) 13.000 2.800 11.000 1.800 11.000 1.620 DER transformer: oil-immersed (2 MVA) 21.000 3.100 18.000 1.450 15.000 1.305 DER transformer: dry-type (2 MVA) 18.000 4.000 16.000 2.600 16.000 2.340 Source: De Almeida et al. (2013) Fig.,51224,51239,,,DER transformer,,,DER transformer
6,DER transformer,APPLICATION,,BAU Intermediate MEPS 2015 MEPS 2021 PK (W) P0 (W) PK (W) P0 (W) PK (W) P0 (W) Distribution transformer (400 kVA) 4.600 750 4.600 430 3.250 387 Industry transformer: oil-immersed (1 MVA) 13.000 1.700 10.500 770 7.600 693 Industry transformer: dry-type (1.25 MVA) 13.000 2.800 11.000 1.800 11.000 1.620 DER transformer: oil-immersed (2 MVA) 21.000 3.100 18.000 1.450 15.000 1.305 DER transformer: dry-type (2 MVA) 18.000 4.000 16.000 2.600 16.000 2.340 Source: De Almeida et al. (2013) Fig.,51301,51316,,,DER transformer,,,DER transformer
6,DER transformer,APPLICATION,,Distribution transformer (400 kVA) 154 99 253 22 % 4 16 Industry transformer: oil-immersed (1 MVA) 142 91 233 26 % 4 14 Industry transformer: dry-type (1.25 MVA) 27 23 51 18 % 1 3 DER transformer: oil-immersed (2 MVA) 3 3 6 28 % 0 0 DER transformer: dry-type (2 MVA) 10 6 17 19 % 0 1 Total 337 222 559 23 % 9 35 Source: De Almeida et al. (2013) a Percentage of savings in 2050 relatively to the BAU scenario Fig.,53500,53515,,,DER transformer,,,DER transformer
6,DER transformer,APPLICATION,,Distribution transformer (400 kVA) 154 99 253 22 % 4 16 Industry transformer: oil-immersed (1 MVA) 142 91 233 26 % 4 14 Industry transformer: dry-type (1.25 MVA) 27 23 51 18 % 1 3 DER transformer: oil-immersed (2 MVA) 3 3 6 28 % 0 0 DER transformer: dry-type (2 MVA) 10 6 17 19 % 0 1 Total 337 222 559 23 % 9 35 Source: De Almeida et al. (2013) a Percentage of savings in 2050 relatively to the BAU scenario Fig.,53553,53568,,,DER transformer,,,DER transformer
6,0.1 T,FLUX_DENSITY,UNSPECIFIED,"(2013) Energy Efficiency (2016) 9:401–424 419 0.1 T, a 2-dB noise level reduction can be obtained (Kulkarni and Khaparde 2012).",53850,53855,0.1,T,0.1 T,,,0.1 T
6,amorphous metal,COMPETING_MATERIAL,,"Using amorphous metal core, the no-load losses can be reduced by an additional 70 % compared to the best silicon steel.",54697,54712,,,amorphous metal,,,amorphous alloy
6,amorphous metal,COMPETING_MATERIAL,,"The initial purchase price of the amorphous metal based transform- er is still higher than the initial price of conventional magnetic materials transformer, but the prices are com- ing down (see Fig. 13).",54845,54860,,,amorphous metal,,,amorphous alloy
6,amorphous metal,COMPETING_MATERIAL,,"Comparing the use of conven- tional silicon steel core transformers to the use of amor- phous metal-based transformers, an overall financial savings during the life span of the transformer may be achieved if amorphous metal supply becomes readily available (e.g., multiple suppliers) with cost-competitive prices (Opetuk et al. 2010).",55224,55239,,,amorphous metal,,,amorphous alloy
6,distribution transformer,APPLICATION,,Potential energy savings in the world The installed power capacity of the world’s distribution transformer stock is estimated to have reached 420 Energy Efficiency (2016) 9:401–424 13.800 GVA in 2014 and is projected to rise to 22.400 GVA by 2030.,58044,58068,,,distribution transformer,,,distribution transformer
6,DER transformer,APPLICATION,,A0-10 %Ak 6.8 DER transformer: oil-immersed (2 MVA) 25 A0-10 %Ak 3.6 DER transformer: dry-type (2 MVA) 25 A0-10 %Ak 4.08 Table 11 Energy saving potential with energy-efficient distribution transformers worldwide 1990 2011 2025 2030 2035 2040 2050 Savings 2050 OECD Europe 2.408 3.378 3.817 4.005 4.187 4.560 5.074 35 OECD NAM 3.478 4.943 5.614 5.874 6.109 6.696 7.461 75 OECD Asia Pacific 1.031 1.741 2.048 2.125 2.194 2.498 2.835 28 Russia 990 988 1.194 1.285 1.394 1.427 1.576 16 Rest of Eastern Europe/Eurasia 770,60493,60508,,,DER transformer,,,DER transformer
6,DER transformer,APPLICATION,,A0-10 %Ak 6.8 DER transformer: oil-immersed (2 MVA) 25 A0-10 %Ak 3.6 DER transformer: dry-type (2 MVA) 25 A0-10 %Ak 4.08 Table 11 Energy saving potential with energy-efficient distribution transformers worldwide 1990 2011 2025 2030 2035 2040 2050 Savings 2050 OECD Europe 2.408 3.378 3.817 4.005 4.187 4.560 5.074 35 OECD NAM 3.478 4.943 5.614 5.874 6.109 6.696 7.461 75 OECD Asia Pacific 1.031 1.741 2.048 2.125 2.194 2.498 2.835 28 Russia 990 988 1.194 1.285 1.394 1.427 1.576 16 Rest of Eastern Europe/Eurasia 770,60548,60563,,,DER transformer,,,DER transformer
6,DER transformer,APPLICATION,,Distribution transformer (400 kVA) D0Ck 1141 A0Ck 154 A0-10 %Ak 99 253 16 Industry transformer: oil-immersed (1 MVA) E0Ck 884 A0Ck 142 A0-10 %Ak 91 233 14 Industry transformer: dry-type (1.25 MVA) C0Bk 277 A0Ak 27 A0-10 %Ak 23 51 3 DER transformer: oil-immersed (2 MVA) E0Ck 20 A0Bk 3 A0-10 %Ak 3 63 0 DER transformer: oil-immersed (2 MVA) C0Bk 85 A0Ak 10 A0-10 %Ak 6 181 1 TOTAL 2408 TOTAL 337 222 780 35 Source: De Almeida et al. (2013) 422 Energy Efficiency (2016) 9:401–424 & Correction of market failures and proper functioning of the internal market.,64356,64371,,,DER transformer,,,DER transformer
6,DER transformer,APPLICATION,,Distribution transformer (400 kVA) D0Ck 1141 A0Ck 154 A0-10 %Ak 99 253 16 Industry transformer: oil-immersed (1 MVA) E0Ck 884 A0Ck 142 A0-10 %Ak 91 233 14 Industry transformer: dry-type (1.25 MVA) C0Bk 277 A0Ak 27 A0-10 %Ak 23 51 3 DER transformer: oil-immersed (2 MVA) E0Ck 20 A0Bk 3 A0-10 %Ak 3 63 0 DER transformer: oil-immersed (2 MVA) C0Bk 85 A0Ak 10 A0-10 %Ak 6 181 1 TOTAL 2408 TOTAL 337 222 780 35 Source: De Almeida et al. (2013) 422 Energy Efficiency (2016) 9:401–424 & Correction of market failures and proper functioning of the internal market.,64426,64441,,,DER transformer,,,DER transformer
6,Hitachi Metals,PRODUCER,,"The findings in this paper results from the study BImpact Assessment study for Power, Distribution and Small Transformers B, for the European Commission in which we had contributions of European Commission, CLASP, T&D Europe, N14 Energy, CENELEC, Hitachi Metals Europe, LEONARDO ENERGY, Eureletric and Ricardo-AEA (UK).",65710,65724,,,Hitachi Metals,,,Hitachi Metals
6,amorphous metal,COMPETING_MATERIAL,,Audible noise from amorphous metal and silicon steel-based transformer core.,65847,65862,,,amorphous metal,,,amorphous alloy
6,amorphous metal,COMPETING_MATERIAL,,Impacts of amorphous metal based transformers on energy efficiency and environment.,67888,67903,,,amorphous metal,,,amorphous alloy
8,cold rolling,PROCESSING,,"Future efforts will be focused on controlling the residual elements in the steel, optimizing the hot and cold rolling, and optimizing the crystallographic texture development, with the aim to enhance the performance of the finished product.",738,750,,,cold rolling,,,cold rolling
8,texture,PROCESSING,,"Future efforts will be focused on controlling the residual elements in the steel, optimizing the hot and cold rolling, and optimizing the crystallographic texture development, with the aim to enhance the performance of the finished product.",788,795,,,texture,,,texture
8,texture,PROCESSING,,"The ideal texture of non-oriented silicon steel sheets would be a cubic texture with grains with their (001) or (110) planes parallel to the plane of the sheet and a uniform distribution of the [100] direction, whereas the Goss texture with a (110)[100] crystallographic orientation of the grains is the typical grain structure of grain-oriented silicon steel.",2624,2631,,,texture,,,texture
8,texture,PROCESSING,,"The ideal texture of non-oriented silicon steel sheets would be a cubic texture with grains with their (001) or (110) planes parallel to the plane of the sheet and a uniform distribution of the [100] direction, whereas the Goss texture with a (110)[100] crystallographic orientation of the grains is the typical grain structure of grain-oriented silicon steel.",2686,2693,,,texture,,,texture
8,Goss texture,PROCESSING,,"The ideal texture of non-oriented silicon steel sheets would be a cubic texture with grains with their (001) or (110) planes parallel to the plane of the sheet and a uniform distribution of the [100] direction, whereas the Goss texture with a (110)[100] crystallographic orientation of the grains is the typical grain structure of grain-oriented silicon steel.",2837,2849,,,Goss texture,,,Goss texture
8,grain-oriented silicon steel,COMPETING_MATERIAL,,"The ideal texture of non-oriented silicon steel sheets would be a cubic texture with grains with their (001) or (110) planes parallel to the plane of the sheet and a uniform distribution of the [100] direction, whereas the Goss texture with a (110)[100] crystallographic orientation of the grains is the typical grain structure of grain-oriented silicon steel.",2945,2973,,,grain-oriented silicon steel,,,grain-oriented electric steel
8,final annealing,PROCESSING,,"– semi-processed grades, that are given the final annealing treatment to develop their magnetic properties by the user.",5591,5606,,,final annealing,,,final annealing
8,Acroni,PRODUCER,,"The main types of non-oriented electrical steels pro- duced in Slovenia, by Acroni d.o.o., Jesenice, are: – Cold-rolled, fully-processed electrical steels – DINAMO, – Cold-rolled, semi-processed electrical steels – ELMAG, – Cold-rolled, fully-processed, high-permeability elec- trical steels – PERMAG FP – Semi-processed, high-permeability, electrical steels – PERMAG SP. 5",6108,6114,,,Acroni,,,Acroni
8,DINAMO,GRADE_BRAND,,"The main types of non-oriented electrical steels pro- duced in Slovenia, by Acroni d.o.o., Jesenice, are: – Cold-rolled, fully-processed electrical steels – DINAMO, – Cold-rolled, semi-processed electrical steels – ELMAG, – Cold-rolled, fully-processed, high-permeability elec- trical steels – PERMAG FP – Semi-processed, high-permeability, electrical steels – PERMAG SP. 5",6189,6195,,,DINAMO,,,DINAMO
8,ELMAG,GRADE_BRAND,,"The main types of non-oriented electrical steels pro- duced in Slovenia, by Acroni d.o.o., Jesenice, are: – Cold-rolled, fully-processed electrical steels – DINAMO, – Cold-rolled, semi-processed electrical steels – ELMAG, – Cold-rolled, fully-processed, high-permeability elec- trical steels – PERMAG FP – Semi-processed, high-permeability, electrical steels – PERMAG SP. 5",6247,6252,,,ELMAG,,,ELMAG
8,PERMAG FP,GRADE_BRAND,,"The main types of non-oriented electrical steels pro- duced in Slovenia, by Acroni d.o.o., Jesenice, are: – Cold-rolled, fully-processed electrical steels – DINAMO, – Cold-rolled, semi-processed electrical steels – ELMAG, – Cold-rolled, fully-processed, high-permeability elec- trical steels – PERMAG FP – Semi-processed, high-permeability, electrical steels – PERMAG SP. 5",6326,6335,,,PERMAG FP,,,PERMAG FP
8,PERMAG SP,GRADE_BRAND,,"The main types of non-oriented electrical steels pro- duced in Slovenia, by Acroni d.o.o., Jesenice, are: – Cold-rolled, fully-processed electrical steels – DINAMO, – Cold-rolled, semi-processed electrical steels – ELMAG, – Cold-rolled, fully-processed, high-permeability elec- trical steels – PERMAG FP – Semi-processed, high-permeability, electrical steels – PERMAG SP. 5",6393,6402,,,PERMAG SP,,,PERMAG SP
8,Acroni,PRODUCER,,"The precise technologies and metallurgical processes, combined with technical development and investments in new equipment and plants, place Acroni, d. o. o., Jeseni- ce",6547,6553,,,Acroni,,,Acroni
8,hot rolling,PROCESSING,,"A lower slab-re-heating temperature, the better defined process of hot rolling and the higher final annealing temperature are processing parameters that have been used to improve the properties 6. 3 CHARACTERISTICS AND MAGNETIC PROPERTIES",6956,6967,,,hot rolling,,,hot rolling
8,final annealing,PROCESSING,,"A lower slab-re-heating temperature, the better defined process of hot rolling and the higher final annealing temperature are processing parameters that have been used to improve the properties 6. 3 CHARACTERISTICS AND MAGNETIC PROPERTIES",6983,6998,,,final annealing,,,final annealing
8,anisotropy,PROCESSING,,"The electrical steel must satisfy several requirements, with priorities that depend on the specific application, such as high magnetic permeability, low hysteresis losses, the anisotropy of the losses as well the ease of cutting the laminations to shape.",7640,7650,,,anisotropy,,,anisotropy
8,laser cutting,PROCESSING,,"Various cutting processes are applied, such as mechanical and laser cutting.",7781,7794,,,laser cutting,,,laser cutting
8,laser cutting,PROCESSING,,"During laser cutting, rapid heating and cooling cause thermal stresses, which are also considered harmful for the magnetic properties.",7954,7967,,,laser cutting,,,laser cutting
8,laser cutting,PROCESSING,,"On the other hand, by laser cutting, the high temperatures may cause a grain growth near the cut edge, which is beneficial for the magnetic properties7.",8104,8117,,,laser cutting,,,laser cutting
8,grain growth,PROCESSING,,"On the other hand, by laser cutting, the high temperatures may cause a grain growth near the cut edge, which is beneficial for the magnetic properties7.",8153,8165,,,grain growth,,,grain growth
8,Acroni,PRODUCER,,"The domain walls were observed to move in D. STEINER PETROVI^: NON-ORIENTED ELECTRICAL STEEL SHEETS 318 Materiali in tehnologije / Materials and technology 44 (2010) 6, 317–325 Figure 1: Coils of cold-rolled, non-oriented electrical steel5 (Acroni, d. o. o., Jesenice) Slika 1: Kolobarji hladno valjane neorientirane elektroplo~evine5 (Acroni, d. o. o., Jesenice) curved lines around the precipitates in non-oriented steel sheet.9,10 The domain width increases with the increase of the grain size, resulting in an increase of the eddy-current loss.",10392,10398,,,Acroni,,,Acroni
8,Acroni,PRODUCER,,"The domain walls were observed to move in D. STEINER PETROVI^: NON-ORIENTED ELECTRICAL STEEL SHEETS 318 Materiali in tehnologije / Materials and technology 44 (2010) 6, 317–325 Figure 1: Coils of cold-rolled, non-oriented electrical steel5 (Acroni, d. o. o., Jesenice) Slika 1: Kolobarji hladno valjane neorientirane elektroplo~evine5 (Acroni, d. o. o., Jesenice) curved lines around the precipitates in non-oriented steel sheet.9,10 The domain width increases with the increase of the grain size, resulting in an increase of the eddy-current loss.",10487,10493,,,Acroni,,,Acroni
8,anisotropy,PROCESSING,,The relationship between the grain size and the domain-wall width is given as follows:11 d3/4 = lg (/K1)(/1.32) d … the grain size  … the domain-wall energy in a unit domain area K1 … the magnetocrystalline anisotropy constant d … the domain width.,10979,10989,,,anisotropy,,,anisotropy
8,stator,APPLICATION,,4 APPLICATIONS The laminations form the laminated cores of trans- formers or the stator and rotor parts of electric motors.,11977,11983,,,stator,,,stator
8,rotor,APPLICATION,,4 APPLICATIONS The laminations form the laminated cores of trans- formers or the stator and rotor parts of electric motors.,11988,11993,,,rotor,,,rotor
8,hybrid electric vehicle,APPLICATION,,"Modern technologies were developed for the hybrid electric vehicle, which is driven by an internal combustion engine and an electric motor to lower the fuel consumption and decrease the emission of exhaust gases.",12230,12253,,,hybrid electric vehicle,,,hybrid electric vehicle
8,HEV,APPLICATION,,Electrical steel sheets used for the core of the traction motors of hybrid electric vehicles (HEV) and electric vehicles (EV) affect the performance of HEV/EV.,12494,12497,,,HEV,,,HEV
8,EV,APPLICATION,,Electrical steel sheets used for the core of the traction motors of hybrid electric vehicles (HEV) and electric vehicles (EV) affect the performance of HEV/EV.,12522,12524,,,EV,,,EV
8,HEV,APPLICATION,,Electrical steel sheets used for the core of the traction motors of hybrid electric vehicles (HEV) and electric vehicles (EV) affect the performance of HEV/EV.,12552,12555,,,HEV,,,HEV
8,EV,APPLICATION,,Electrical steel sheets used for the core of the traction motors of hybrid electric vehicles (HEV) and electric vehicles (EV) affect the performance of HEV/EV.,12556,12558,,,EV,,,EV
8,2.5 % Si,SI_CONTENT,UNSPECIFIED,"The a   transformation temperature is increased and that of the   transformation is lowered until the two meet at about 2.5 % Si, forming a closed ""gamma loop"".",13127,13135,2.5,%,2.5 %,,,2.5 % Si
8,2.5 % Si,SI_CONTENT,UNSPECIFIED,"As a result, an alloy containing more than about 2.5 % Si is body-centered cubic at all temperatures up to the melting point.",13217,13225,2.5,%,2.5 %,,,2.5 % Si
8,anisotropy,PROCESSING,,"The magnetocrystalline anisotropy decreases, causing an increase in the permeability.",13905,13915,,,anisotropy,,,anisotropy
8,ferrite,COMPETING_MATERIAL,,"Binarni fazni diagram Fe-Si13 Figure 3: Polygonal grains of ferrite in the microstructure of the fully processed, non-oriented, electrical steel sheet (LM, mag. 100-times; etchant: Nital)15 Slika 3: Poligonalna feritna zrna v mikrostrukturi izdelane neorienti- rane elektroplo~evine (SM, 100-kratna pove~ava; jedkalo: Nital)15 3.",14214,14221,,,ferrite,,,ferrite
8,texture,PROCESSING,,"Al and Mn form the non-metallic inclusions AlN and MnS in the steel; however, impurity elements like Cu, Ti, Se, Cr, Zr etc. can also form inclusions and thus influence both the texture development and the magnetic properties.",15350,15357,,,texture,,,texture
8,hot rolling,PROCESSING,,"The fabrication route for non-oriented electrical steels includes: – for fully processed, non-grain-oriented electrical steels the process route is: steel making, casting, hot rolling, pickling with or without annealing, cold rolling in one or two steps with an intermediate annealing, final annealing and coating.",15571,15582,,,hot rolling,,,hot rolling
8,cold rolling,PROCESSING,,"The fabrication route for non-oriented electrical steels includes: – for fully processed, non-grain-oriented electrical steels the process route is: steel making, casting, hot rolling, pickling with or without annealing, cold rolling in one or two steps with an intermediate annealing, final annealing and coating.",15620,15632,,,cold rolling,,,cold rolling
8,final annealing,PROCESSING,,"The fabrication route for non-oriented electrical steels includes: – for fully processed, non-grain-oriented electrical steels the process route is: steel making, casting, hot rolling, pickling with or without annealing, cold rolling in one or two steps with an intermediate annealing, final annealing and coating.",15685,15700,,,final annealing,,,final annealing
8,temper rolling,PROCESSING,,"– for semi-processed material grades, a temper rolling follows the annealing.",15754,15768,,,temper rolling,,,temper rolling
8,final annealing,PROCESSING,,The final annealing of the stamped parts takes place at the customer’s site.,15796,15811,,,final annealing,,,final annealing
8,final annealing,PROCESSING,,"With the final annealing of the semi-processed materials decarburization, surface oxidation and/or grain growth are achieved and the required magnetic properties are obtained1.",15878,15893,,,final annealing,,,final annealing
8,decarburization,PROCESSING,,"With the final annealing of the semi-processed materials decarburization, surface oxidation and/or grain growth are achieved and the required magnetic properties are obtained1.",15926,15941,,,decarburization,,,decarburization
8,grain growth,PROCESSING,,"With the final annealing of the semi-processed materials decarburization, surface oxidation and/or grain growth are achieved and the required magnetic properties are obtained1.",15968,15980,,,grain growth,,,grain growth
8,hot rolling,PROCESSING,,"Depending on the alloy type (e.g., silicon content) and the fabrication process, the hot rolling is carried out as austenitic, two-phase, mixed or ferritic rolling.",16131,16142,,,hot rolling,,,hot rolling
8,cold rolling,PROCESSING,,"With respect to the steel’s final thickness of 0.35 mm, the total cold-rolling deformation is fixed to values smaller than 85 % 1.The hot and cold rolling in combination with the thermal treatment (annealings) and the variation of the composition of the alloy are the processing variables for achieving the required magnetic and other physical properties of the silicon steel sheets.",16466,16478,,,cold rolling,,,cold rolling
8,decarburization,PROCESSING,,The decarburization of the cold-rolled steel sheets is a very important processing step because the texture development and the magnetic properties are strongly dependent on the carbon content.,16712,16727,,,decarburization,,,decarburization
8,texture,PROCESSING,,The decarburization of the cold-rolled steel sheets is a very important processing step because the texture development and the magnetic properties are strongly dependent on the carbon content.,16808,16815,,,texture,,,texture
8,anisotropy,PROCESSING,,This magnetic aging anisotropy can be associated with the crystallographic and morphological characteristics of cementite (Fe3C) and -carbide (Fe2.4C),17181,17191,,,anisotropy,,,anisotropy
8,texture,PROCESSING,,"precipitates formed during the aging treatment, taking into account the texture developed in the steel.",17385,17392,,,texture,,,texture
8,decarburization,PROCESSING,,The decarburization is performed by annealing in a gas mixture of hydrogen and water vapor H2-H2O with a controlled partial pressure ratio of water vapor and hydrogen p(H2O)/p(H2) in the temperature range from 700 °C to 900 °C.,17421,17436,,,decarburization,,,decarburization
8,decarburization,PROCESSING,,The decarburization process of steel consists of:16 1.,17649,17664,,,decarburization,,,decarburization
8,decarburization,PROCESSING,,Oxidation of iron and alloying elements The decarburization proceeds predominantly accord-,18020,18035,,,decarburization,,,decarburization
8,decarburisation,PROCESSING,,"The thermodynamical calculations of equilibrium of complex reactions for various furnace temperatures and gas compositions have shown the conditions (gas-com- position, temperature) for the formation of an oxide- scale on the surface of non-oriented electrical sheet steel during the decarburisation and thermal processing in industrial continuous furnaces18.",18500,18515,,,decarburisation,,,decarburisation
8,decarburization,PROCESSING,,The decarburization annealing of electrical steels has a significant effect on the final magnetic properties.,18879,18894,,,decarburization,,,decarburization
8,decarburization,PROCESSING,,"317–325 Figure 4: Oxide layer on the steel surface of an Fe-Si-Al alloy for non-oriented electrical steel after decarburization annealing (LM, non-etched)15 Slika 4: Oksidna plast na povr{ini zlitine Fe-Si-Al za neorientirano elektroplo~evino po `arjenju za razoglji~enje (SM, nejedkano)15 effect of carbon, but it can produce a strong texture in the sheet.",19281,19296,,,decarburization,,,decarburization
8,texture,PROCESSING,,"317–325 Figure 4: Oxide layer on the steel surface of an Fe-Si-Al alloy for non-oriented electrical steel after decarburization annealing (LM, non-etched)15 Slika 4: Oksidna plast na povr{ini zlitine Fe-Si-Al za neorientirano elektroplo~evino po `arjenju za razoglji~enje (SM, nejedkano)15 effect of carbon, but it can produce a strong texture in the sheet.",19505,19512,,,texture,,,texture
8,decarburization,PROCESSING,,"Namely, during the decarburization annealing of cold-rolled sheets also the recrystallization processes take place that may lead to the generation of texture components unfavorable to the magnetization and thereby adversely affect the magnetic properties of the material.",19546,19561,,,decarburization,,,decarburization
8,recrystallization,PROCESSING,,"Namely, during the decarburization annealing of cold-rolled sheets also the recrystallization processes take place that may lead to the generation of texture components unfavorable to the magnetization and thereby adversely affect the magnetic properties of the material.",19603,19620,,,recrystallization,,,recrystallization
8,texture,PROCESSING,,"Namely, during the decarburization annealing of cold-rolled sheets also the recrystallization processes take place that may lead to the generation of texture components unfavorable to the magnetization and thereby adversely affect the magnetic properties of the material.",19677,19684,,,texture,,,texture
8,ferrite,COMPETING_MATERIAL,,"Some elements, e.g., antimony, decrease the solubility of the carbon in ferrite, promote the precipitation of carbides and decrease the decarbu- rization kinetics20,21.",20046,20053,,,ferrite,,,ferrite
8,recrystallization,PROCESSING,,"For these reasons the decarburi- zation process requires a judicious optimization, with the aim to achieve a favorable recrystallization and grain-growth process.",20262,20279,,,recrystallization,,,recrystallization
8,texture,PROCESSING,,"6 TEXTURE Non-oriented electrical steels have been among the steel products that benefit most from texture optimi- zation for the improvement of magnetic properties; however, the focus of processing technology has largely been on the control of grain size.",20405,20412,,,texture,,,texture
8,texture,PROCESSING,,"In contrast, the control of texture has received little attention; hence, there is an unexplored possibility of improving the magnetic properties of non-oriented steels through texture control.",20745,20752,,,texture,,,texture
8,texture,PROCESSING,,"In contrast, the control of texture has received little attention; hence, there is an unexplored possibility of improving the magnetic properties of non-oriented steels through texture control.",20894,20901,,,texture,,,texture
8,texture,PROCESSING,,A combination of metallo- graphic and texture analyses with the measurement of magnetic properties on annealed specimens allows the most important microstructure and texture evolution stages to be distinguished.22,20949,20956,,,texture,,,texture
8,texture evolution,PROCESSING,,A combination of metallo- graphic and texture analyses with the measurement of magnetic properties on annealed specimens allows the most important microstructure and texture evolution stages to be distinguished.22,21077,21094,,,texture evolution,,,texture evolution
8,texture,PROCESSING,,The texture is a population of crystallographic orientations whose individual components are linked to their location within the microstructure23.,21129,21136,,,texture,,,texture
8,texture,PROCESSING,,"The ideal texture for a non-oriented silicon steel is a random cube texture (001)[uv0], where each grain has the <100> plane in the sheet plane, and the properties are nearly isotropic.",21282,21289,,,texture,,,texture
8,cube texture,PROCESSING,,"The ideal texture for a non-oriented silicon steel is a random cube texture (001)[uv0], where each grain has the <100> plane in the sheet plane, and the properties are nearly isotropic.",21335,21347,,,cube texture,,,cube texture
8,texture,PROCESSING,,"However, no industrial process has so far been developed to produce this ideal texture commercially.",21537,21544,,,texture,,,texture
8,recrystallization,PROCESSING,,"Texture improvement has been achieved mainly by reducing the volume fraction of the [111]IIND fiber, which is the main recrystallization texture component of a-iron, and increasing the volume fraction of texture components belonging to [001]IIRD and [001]IIND fibers24.",21678,21695,,,recrystallization,,,recrystallization
8,texture,PROCESSING,,"Texture improvement has been achieved mainly by reducing the volume fraction of the [111]IIND fiber, which is the main recrystallization texture component of a-iron, and increasing the volume fraction of texture components belonging to [001]IIRD and [001]IIND fibers24.",21696,21703,,,texture,,,texture
8,texture,PROCESSING,,"Texture improvement has been achieved mainly by reducing the volume fraction of the [111]IIND fiber, which is the main recrystallization texture component of a-iron, and increasing the volume fraction of texture components belonging to [001]IIRD and [001]IIND fibers24.",21763,21770,,,texture,,,texture
8,EBSD,TEST_METHOD,,The experimental technique used nowadays to determine crystallographic information in non-oriented electrical steel sheets and other materials as well is EBSD (Electron Backscatter Diffraction) in a scanning electron microscope (SEM).,21983,21987,,,EBSD,,,EBSD
8,EBSD,TEST_METHOD,,The forerunner of EBSD was first reported in the 1930s as observations of high-angle Kikuchi patterns.,22082,22086,,,EBSD,,,EBSD
8,EBSD,TEST_METHOD,,"The biggest step forward, which was to result in the emergence of EBSD as a sophisticated experimental tool, occurred when diffraction patterns could be viewed live by video detection and indexed on-line.",22233,22237,,,EBSD,,,EBSD
8,EBSD,TEST_METHOD,,"A very exciting EBSD output is an ""orientation map"", which is a quantitative depiction of the microstructure in terms of its orientation consti- tuents23.",22476,22480,,,EBSD,,,EBSD
8,EBSD,TEST_METHOD,,In EBSD a stationary electron beam strikes a tilted crystalline sample and the diffracted electrons form a pattern on a fluorescent screen.,22618,22622,,,EBSD,,,EBSD
8,EBSD,TEST_METHOD,,In Figure 5 an EBSD orientation map of the micro- structure of a non-oriented electrical steel sheet is shown.,23237,23241,,,EBSD,,,EBSD
8,recrystallization,PROCESSING,,The recrystallization texture is determined by both the orientation of nuclei in the deformed matrices and the growth rate of these nuclei into the deformed matrix.,23337,23354,,,recrystallization,,,recrystallization
8,texture,PROCESSING,,The recrystallization texture is determined by both the orientation of nuclei in the deformed matrices and the growth rate of these nuclei into the deformed matrix.,23355,23362,,,texture,,,texture
8,recrystallization,PROCESSING,,Two main theories of recrystallization texture have been currently accepted after a controversy lasting for over 50 years.,23519,23536,,,recrystallization,,,recrystallization
8,texture,PROCESSING,,Two main theories of recrystallization texture have been currently accepted after a controversy lasting for over 50 years.,23537,23544,,,texture,,,texture
8,recrystallization,PROCESSING,,"The first one, oriented nucleation theory, assumes that nuclei of specific orientations are faster in forming than those of other orientations, and consequently determine the recrystallization texture.",23796,23813,,,recrystallization,,,recrystallization
8,texture,PROCESSING,,"The first one, oriented nucleation theory, assumes that nuclei of specific orientations are faster in forming than those of other orientations, and consequently determine the recrystallization texture.",23814,23821,,,texture,,,texture
8,2 % Si,SI_CONTENT,NGO,"It was shown26 for a steel with 2 % Si that the formation of recrystallization texture is explained by D. STEINER PETROVI^: NON-ORIENTED ELECTRICAL STEEL SHEETS Materiali in tehnologije / Materials and technology 44 (2010) 6, 317–325",23988,23994,2.0,%,2.0 %,,,2 % Si
8,recrystallization,PROCESSING,,"It was shown26 for a steel with 2 % Si that the formation of recrystallization texture is explained by D. STEINER PETROVI^: NON-ORIENTED ELECTRICAL STEEL SHEETS Materiali in tehnologije / Materials and technology 44 (2010) 6, 317–325",24017,24034,,,recrystallization,,,recrystallization
8,texture,PROCESSING,,"It was shown26 for a steel with 2 % Si that the formation of recrystallization texture is explained by D. STEINER PETROVI^: NON-ORIENTED ELECTRICAL STEEL SHEETS Materiali in tehnologije / Materials and technology 44 (2010) 6, 317–325",24035,24042,,,texture,,,texture
8,EBSD,TEST_METHOD,,321 Figure 5: EBSD Orientation map of the microstructure of non-oriented electrical steel sheet (using coloring)15 Slika 5: EBSD-prikaz orientacije feritnih zrn mikrostrukture neorientirane elektroplo~evine (z uporabo barvne lestvice)15 oriented nucleation.,24204,24208,,,EBSD,,,EBSD
8,EBSD,TEST_METHOD,,321 Figure 5: EBSD Orientation map of the microstructure of non-oriented electrical steel sheet (using coloring)15 Slika 5: EBSD-prikaz orientacije feritnih zrn mikrostrukture neorientirane elektroplo~evine (z uporabo barvne lestvice)15 oriented nucleation.,24314,24318,,,EBSD,,,EBSD
8,temper rolling,PROCESSING,,A columnar microstructure can be obtained after combining the temper rolling and appropriate annealing conditions.,25109,25123,,,temper rolling,,,temper rolling
8,texture,PROCESSING,,It was confirmed that the obtained columnar microstructure possesses pro- nounced cube-texture components.27,25249,25256,,,texture,,,texture
8,texture,PROCESSING,,The evolution of the texture during the processing of silicon steels for non-oriented electrical steel sheets and the influence of small additions of the surface-active element antimony on the recrystallization and texture formation of silicon steels have been studied28-31.,25292,25299,,,texture,,,texture
8,recrystallization,PROCESSING,,The evolution of the texture during the processing of silicon steels for non-oriented electrical steel sheets and the influence of small additions of the surface-active element antimony on the recrystallization and texture formation of silicon steels have been studied28-31.,25464,25481,,,recrystallization,,,recrystallization
8,texture,PROCESSING,,The evolution of the texture during the processing of silicon steels for non-oriented electrical steel sheets and the influence of small additions of the surface-active element antimony on the recrystallization and texture formation of silicon steels have been studied28-31.,25486,25493,,,texture,,,texture
8,texture,PROCESSING,,It was confirmed that the positive effect of antimony on the recry- stallization behavior and on the texture of the silicon steel is related to the surface segregation of antimony34.,26122,26129,,,texture,,,texture
8,recrystallization,PROCESSING,,During the recrystallization annealing tin segregated to the surface and decreased the surface energy selectively and also selectively increased the mobility of some of the grain boundaries.,26270,26287,,,recrystallization,,,recrystallization
8,texture,PROCESSING,,"By alloying the silicon steel with 0.05 % Sn, a positive effect on the texture development was achieved35,36.",26521,26528,,,texture,,,texture
8,EBSD,TEST_METHOD,,"Using EBSD it was possible to determine that the mictrotextures of silicon steel sheets containing copper D. STEINER PETROVI^: NON-ORIENTED ELECTRICAL STEEL SHEETS 322 Materiali in tehnologije / Materials and technology 44 (2010) 6, 317–325 Figure 8: The surface segregation of Cu in Fe-Si-Al alloys38,39 Slika 8: Povr{inska segregacija Cu v zlitini Fe-Si-Al38,39 Figure 6: SE image of the surface reconstruction during the heating of a selenium-doped FeSi alloy37 Slika 6: SE-posnetek rekonstruirane povr{ine med `arjenjem zlitine FeSi, legirane s selenom37 Figure 7: Resistive heating of a steel sample in the ultra-high vacuum of an Auger spectrometer for in-situ studies of surface-segregation phenomena; Institute of Metals and Technology, Ljubljana.38 Slika 7: Elektrouporovno gretje vzorca v ultravisokem vakuumu Augerjevega spektrometra, kar omogo~a in-situ analizo procesov segregacije; In{titut za kovinske materiale in tehnologije, Ljubljana.38 had fewer crystal grains oriented with the easy axis of magnetization and that grains with hard orientations were more numerous (Figure 9)40.",27426,27430,,,EBSD,,,EBSD
8,texture,PROCESSING,,"The required texture of non-oriented electrical steel sheets can only be obtained by controlling the content of alloying and the trace elements40–44, and the dispersion of precipitates and inclusions45,46, which all influence the the recrystallization and grain growth processes.",28531,28538,,,texture,,,texture
8,recrystallization,PROCESSING,,"The required texture of non-oriented electrical steel sheets can only be obtained by controlling the content of alloying and the trace elements40–44, and the dispersion of precipitates and inclusions45,46, which all influence the the recrystallization and grain growth processes.",28752,28769,,,recrystallization,,,recrystallization
8,grain growth,PROCESSING,,"The required texture of non-oriented electrical steel sheets can only be obtained by controlling the content of alloying and the trace elements40–44, and the dispersion of precipitates and inclusions45,46, which all influence the the recrystallization and grain growth processes.",28774,28786,,,grain growth,,,grain growth
8,texture,PROCESSING,,The stability of precipitates in silicon steels depends on the temperature (Figure 10) and it is the greatest for AlN.57 The precipitation of AlN and MnS is used to control the texture development in electrical steel sheets.,30716,30723,,,texture,,,texture
8,Goss texture,PROCESSING,,The presence of these particles plays an important role in the formation of the Goss texture.,30844,30856,,,Goss texture,,,Goss texture
8,grain growth,PROCESSING,,"A classical method used by metallurgists is to add to the alloy a solute element with a low solubility, which precipitates as second-phase particles that are able to pin the grain boundaries at low temperature and allow grain growth at high temperature.",31078,31090,,,grain growth,,,grain growth
8,Goss texture,PROCESSING,,"A prerequisite for the formation of a high density of grains with the Goss texture in NO electrical steels sheets is the inhibition of recrystallized grain growth up D. STEINER PETROVI^: NON-ORIENTED ELECTRICAL STEEL SHEETS Materiali in tehnologije / Materials and technology 44 (2010) 6, 317–325 323 Figure 11: SE image of AlN in a non-oriented electrical steel sheet15 Slika 11: SE-posnetek AlN v neorientirani elektroplo~evini15 Figure 10: Precipitates in silicon steel57 Slika 10: Precipitati v silicijevem jeklu57 Figure 9: Inverse pole figure of an industrial, non-oriented, electrical steel containing 0.60 % Cu38 Slika 9: Inverzna polova figura industrijske neorientirane elektroplo- ~evine z 0,60 % Cu38 to a temperature above 1050 °C, when the conditions for the texture formation are achieved by annealing in dry hydrogen.",31273,31285,,,Goss texture,,,Goss texture
8,grain growth,PROCESSING,,"A prerequisite for the formation of a high density of grains with the Goss texture in NO electrical steels sheets is the inhibition of recrystallized grain growth up D. STEINER PETROVI^: NON-ORIENTED ELECTRICAL STEEL SHEETS Materiali in tehnologije / Materials and technology 44 (2010) 6, 317–325 323 Figure 11: SE image of AlN in a non-oriented electrical steel sheet15 Slika 11: SE-posnetek AlN v neorientirani elektroplo~evini15 Figure 10: Precipitates in silicon steel57 Slika 10: Precipitati v silicijevem jeklu57 Figure 9: Inverse pole figure of an industrial, non-oriented, electrical steel containing 0.60 % Cu38 Slika 9: Inverzna polova figura industrijske neorientirane elektroplo- ~evine z 0,60 % Cu38 to a temperature above 1050 °C, when the conditions for the texture formation are achieved by annealing in dry hydrogen.",31353,31365,,,grain growth,,,grain growth
8,texture,PROCESSING,,"A prerequisite for the formation of a high density of grains with the Goss texture in NO electrical steels sheets is the inhibition of recrystallized grain growth up D. STEINER PETROVI^: NON-ORIENTED ELECTRICAL STEEL SHEETS Materiali in tehnologije / Materials and technology 44 (2010) 6, 317–325 323 Figure 11: SE image of AlN in a non-oriented electrical steel sheet15 Slika 11: SE-posnetek AlN v neorientirani elektroplo~evini15 Figure 10: Precipitates in silicon steel57 Slika 10: Precipitati v silicijevem jeklu57 Figure 9: Inverse pole figure of an industrial, non-oriented, electrical steel containing 0.60 % Cu38 Slika 9: Inverzna polova figura industrijske neorientirane elektroplo- ~evine z 0,60 % Cu38 to a temperature above 1050 °C, when the conditions for the texture formation are achieved by annealing in dry hydrogen.",31976,31983,,,texture,,,texture
8,grain growth,PROCESSING,,AlN and MnS inclusions inhibit the grain growth.,32072,32084,,,grain growth,,,grain growth
8,texture,PROCESSING,,The solubility products are therefore very important for the texture formation.,32147,32154,,,texture,,,texture
8,3 % Si,SI_CONTENT,UNSPECIFIED,The solubility of the complex sulfide (MnxFe1–x)S in a 3 % Si steel in the temperature range from 1100 °C to 1300 °C was calcu- lated53.,32221,32227,3.0,%,3.0 %,,,3 % Si
8,hot rolling,PROCESSING,,The temperature range from 1000 °C to 1200 °C is appropriate for reheating before hot rolling for the majority of steels.60,32619,32630,,,hot rolling,,,hot rolling
8,hot rolling,PROCESSING,,It is reported that the effect of particles AlN and MnS precipitated during and after the hot rolling is much stronger.,32751,32762,,,hot rolling,,,hot rolling
8,grain growth,PROCESSING,,"Namely, the process of grain growth in the primary recrystallized matrix mainly depends on the number and the dispersion of second- phase particles46.",33952,33964,,,grain growth,,,grain growth
8,recrystallization,PROCESSING,,"Particles that are precipitated from a supersaturated solid solution can have a negative effect on the secondary recrystallization and also on the texture formation58,59.",34193,34210,,,recrystallization,,,recrystallization
8,texture,PROCESSING,,"Particles that are precipitated from a supersaturated solid solution can have a negative effect on the secondary recrystallization and also on the texture formation58,59.",34227,34234,,,texture,,,texture
8,texture,PROCESSING,,"Recently, a new generation of high-permeability, non-oriented grades was developed, based on an improved crystallographic texture and purity.",34707,34714,,,texture,,,texture
8,texture,PROCESSING,,"Due to the beneficial effects of texture and purity on the core losses, the new grades could be produced with a lower alloy content (Si+Al), with positive effects on the mechanical properties, the thermal conductivity, the saturation polarization and the magnetic permeability24.",34760,34767,,,texture,,,texture
8,cold rolling,PROCESSING,,"Future efforts must be focused on controlling the residual elements in the steel melts, optimizing the hot and cold rolling and optimizing the crystallographic texture development in order to enhance the performance of the finished product, since being environmentally friendly is one of the essential requirements for the future.",35433,35445,,,cold rolling,,,cold rolling
8,texture,PROCESSING,,"Future efforts must be focused on controlling the residual elements in the steel melts, optimizing the hot and cold rolling and optimizing the crystallographic texture development in order to enhance the performance of the finished product, since being environmentally friendly is one of the essential requirements for the future.",35482,35489,,,texture,,,texture
8,Nippon Steel,PRODUCER,,"China, 17 (2007), 74–78 12 Yabumoto M. et al., Electrical Steel Sheet for Traction Motors of Hybrid/Electric Vehicles, Nippon Steel Technical Report No.88, (2003) 7, 57–61 13 T. B. Massalski: Binary Alloy Phase Diagrams, ASM, Materials Park, Ohio, 1991, pp.",37607,37619,,,Nippon Steel,,,Nippon Steel
8,Acroni,PRODUCER,,"439–476 15 D. Steiner Petrovi~ et al., Pojasnitev mehanizmov za ob~asno poslab- {anje elektromagnetnih lastnosti elektroplo~evine EV-21 (Expla- nation of the mechanisms for the periodical decreases of electro- magnetic properties of the electrical sheet EV-21), 1st, 2nd, and Final report on the joint project of Acroni, Jesenice and IMT, Ljubljana, 2009 16 L. L. Schreir et al., Corrosion, Vol. 1, Metal/Environment Reactions, Third Edition, Butterworth-Heinemann, Oxford, 1995 17 H. J. Grabke, G. Tauber, Arch.",38182,38188,,,Acroni,,,Acroni
8,grain growth,PROCESSING,,"Intergranular and Interphase Boundaries in Materials, Materials Science Forum, 207 (1996), 401–404 35 M. Godec, Recrystallization and grain growth of non-oriented electrical steel sheet microalloyed with tin, PhD Dissertation, University of Ljubljana, 1997 36 M. Godec, M. Jenko, H.J. Grabke et al., ISIJ Int., 39 (1999) 7, 742–746 37 M. Jenko, J. Fine, Dj.",39937,39949,,,grain growth,,,grain growth
8,Acroni,PRODUCER,,"Mater., 234 (2001), 55–61 60 M. Torkar, V. Ur{i~, F. Vode, M. Lamut, Metalurgija, 46 (2007), 161–164 61 A. Jakli~, J. @abkar, D. Steiner Petrovi~, Multivariate analysis of the production parameters for the fabrication of non-oriented electrical steel, Report, Steelwork S@ Acroni, Slovenia, 2006 62 D. Steiner Petrovi~, M. Godec, B. Markoli, M. ^eh, J. Magn.",42367,42373,,,Acroni,,,Acroni
9,grain-oriented electrical steel,COMPETING_MATERIAL,,"These steel materials ﬁnd diverse applications in transformer cores, generators, and motors, falling into two primary categories: grain-oriented electrical steel (GOES) and non-oriented electrical steel (NOES).",3025,3056,,,grain-oriented electrical steel,,,grain-oriented electric steel
9,GOES,COMPETING_MATERIAL,,"These steel materials ﬁnd diverse applications in transformer cores, generators, and motors, falling into two primary categories: grain-oriented electrical steel (GOES) and non-oriented electrical steel (NOES).",3058,3062,,,GOES,,,grain-oriented electric steel
9,GOES,COMPETING_MATERIAL,,"GOES is cold-rolled steel containing 3% silicon, ex- hibiting grain orientations aligned in the rolling direction, and imparting excellent magnetic properties in that orientation.",3106,3110,,,GOES,,,grain-oriented electric steel
9,3% silicon,SI_CONTENT,COMPETITOR,"GOES is cold-rolled steel containing 3% silicon, ex- hibiting grain orientations aligned in the rolling direction, and imparting excellent magnetic properties in that orientation.",3143,3153,3.0,%,3.0 %,,,3% silicon
9,texture,PROCESSING,,"On the other hand, NOES is more common in drives and generators, featuring a cubic texture with speciﬁc planes aligned parallel to the layer and a uniformly scattered direction",3418,3425,,,texture,,,texture
9,texture,PROCESSING,,"When examining how texture inﬂuences the magnetic characteristics of electrical steel, it becomes essential to have reliable quantitative parameters that can effectively deﬁne both the mag- netic properties, which are the dependent variables, and the texture, which serves as the independent variable.",3538,3545,,,texture,,,texture
9,texture,PROCESSING,,"When examining how texture inﬂuences the magnetic characteristics of electrical steel, it becomes essential to have reliable quantitative parameters that can effectively deﬁne both the mag- netic properties, which are the dependent variables, and the texture, which serves as the independent variable.",3770,3777,,,texture,,,texture
9,texture,PROCESSING,,"As for texture, it is important to consider the physical fact that the preferred magnetization directions within a Fe-single Appl.",4046,4053,,,texture,,,texture
9,texture,PROCESSING,,"Consequently, the most desirable texture for a soft iron core is one that maximizes the density of [100] crystal directions aligning with the magnetic induc- tion’s ﬂux lines.",4543,4550,,,texture,,,texture
9,texture,PROCESSING,,"Since, in rotating applications, the ﬂux lines are nearly evenly distributed across the laminated sheets, the optimal texture is that which enhances the prevalence of [100] directions within the sheet’s plane.",4804,4811,,,texture,,,texture
9,texture,PROCESSING,,The latter texture components feature two coplanar,5133,5140,,,texture,,,texture
9,stator,APPLICATION,,These strips are subsequently cut and stacked to create laminated cores for transformers as well as the stator and rotor components of electric motors.,7083,7089,,,stator,,,stator
9,rotor,APPLICATION,,These strips are subsequently cut and stacked to create laminated cores for transformers as well as the stator and rotor components of electric motors.,7094,7099,,,rotor,,,rotor
9,laser cutting,PROCESSING,,"Various techniques such as punch and die cutting, laser cutting, or electrical- discharge-machining (EDM) wire cutting are employed to shape these strips into their ﬁnal forms.",7181,7194,,,laser cutting,,,laser cutting
9,GOES,COMPETING_MATERIAL,,"One application of GOES involves using an effective coating that provides both insulation and tension, effectively reducing power loss in addition to magnetostriction.",7477,7481,,,GOES,,,grain-oriented electric steel
9,3.2% silicon,SI_CONTENT,UNSPECIFIED,"Nevertheless, common commercial alloys usually contain up to 3.2% silicon to prevent brittleness during cold rolling.",8853,8865,3.2,%,3.2 %,,,3.2% silicon
9,cold rolling,PROCESSING,,"Nevertheless, common commercial alloys usually contain up to 3.2% silicon to prevent brittleness during cold rolling.",8896,8908,,,cold rolling,,,cold rolling
9,cold rolling,PROCESSING,,"Additionally, the manufacturing of thin sheets through cold rolling, particularly with a Si content surpassing 3.5 wt%, becomes notably challenging.",9514,9526,,,cold rolling,,,cold rolling
9,3% silicon,SI_CONTENT,NGO,"These steels collectively boast an annual amount of production surpassing 12 million tons, with roughly 80% constituting non-oriented (NO) grades and the remaining 20% being grain-oriented (GO) steels containing 3% silicon.",10891,10901,3.0,%,3.0 %,,,3% silicon
9,texture,PROCESSING,,"Microstructure of Electrical Steel The magnetic characteristics of soft magnetic materials, as electrical steel categories, are intricately linked to the microscopic structure and texture of the subsequent steel.",11841,11848,,,texture,,,texture
9,texture,PROCESSING,,"For rotary machines, the optimal texture of electrical steel is a cubic ﬁbre texture, where most grains have a normal [100] orientation in the sheet-planning machine.",12912,12919,,,texture,,,texture
9,texture,PROCESSING,,"For rotary machines, the optimal texture of electrical steel is a cubic ﬁbre texture, where most grains have a normal [100] orientation in the sheet-planning machine.",12956,12963,,,texture,,,texture
9,texture,PROCESSING,,"To enhance magnetic permeability and minimize overall power loss, the preferred microstructure is a coarse-grained conﬁguration exhibiting a [100]//ND texture (known as the θ-ﬁbre).",13197,13204,,,texture,,,texture
9,texture,PROCESSING,,"This texture encompasses the cube, rotated cube, and all orientations where the [001] planes align with the sheet plane.",13233,13240,,,texture,,,texture
9,rotated cube,PROCESSING,,"This texture encompasses the cube, rotated cube, and all orientations where the [001] planes align with the sheet plane.",13263,13275,,,rotated cube,,,rotated cube
9,texture,PROCESSING,,"Conversely, the [111]//ND (referred to as the γ-ﬁbre) texture features hard magnetization axes [111] within the sheet plane, making it necessary to mitigate its presence in the ﬁnal steel sheets [18,19].",13514,13521,,,texture,,,texture
9,Goss texture,PROCESSING,,"Further, in applications involving static electrical machines like transformers, it may be preferable to use a distinct Goss texture [110] and [001] orientation since the magnetic ﬁeld can align with the [001] direction",13974,13986,,,Goss texture,,,Goss texture
9,texture,PROCESSING,,"However, evaluating the effect of texture on magnetic properties presents challenges, as it is highly challenging to isolate its inﬂuence from factors like grain size or the presence of second-phase impurities in a material.",14161,14168,,,texture,,,texture
9,texture,PROCESSING,,"The strong [111] surface texture in the ﬁnal product of the electrical steel stems from intensive cold-rolling deformation, and even with continuous annealing, the dominance of the [111] texture persists.",14840,14847,,,texture,,,texture
9,continuous annealing,PROCESSING,,"The strong [111] surface texture in the ﬁnal product of the electrical steel stems from intensive cold-rolling deformation, and even with continuous annealing, the dominance of the [111] texture persists.",14953,14973,,,continuous annealing,,,continuous annealing
9,texture,PROCESSING,,"The strong [111] surface texture in the ﬁnal product of the electrical steel stems from intensive cold-rolling deformation, and even with continuous annealing, the dominance of the [111] texture persists.",15002,15009,,,texture,,,texture
9,continuous annealing,PROCESSING,,The continuous annealing process transforms the silicon steel structure into equiaxed ferrite overall but does not eliminate the genetic traits of microstructure and texture.,15024,15044,,,continuous annealing,,,continuous annealing
9,ferrite,COMPETING_MATERIAL,,The continuous annealing process transforms the silicon steel structure into equiaxed ferrite overall but does not eliminate the genetic traits of microstructure and texture.,15106,15113,,,ferrite,,,ferrite
9,texture,PROCESSING,,The continuous annealing process transforms the silicon steel structure into equiaxed ferrite overall but does not eliminate the genetic traits of microstructure and texture.,15186,15193,,,texture,,,texture
9,texture,PROCESSING,,"Similarly, in non-oriented electrical steel, strategic process adjust- Appl. Sci. 2023, 13, 10283 5 of 28 ments increase [100] and [Goss] texture content, thereby decreasing iron loss and enhancing magnetic induction.",15497,15504,,,texture,,,texture
9,continuous annealing,PROCESSING,,"During normalization, Mn, Al, S, and N do not associate with Ti, whereas continuous annealing prompts the separation of secondary phases like AlN and MnS.",15650,15670,,,continuous annealing,,,continuous annealing
9,Epstein square,TEST_METHOD,,"These steels are primarily used in AC magnetic environments, and their magnetic properties are evaluated through testing under time-varying magnetic ﬂux densities and sinusoidal waveforms, with maximum values of 1.5 or 1.7 tesla at 50 or 60 Hz, using methods such as the IEC Epstein square or the (SST)",16739,16753,,,Epstein square,,,Epstein square
9,SST,TEST_METHOD,,"These steels are primarily used in AC magnetic environments, and their magnetic properties are evaluated through testing under time-varying magnetic ﬂux densities and sinusoidal waveforms, with maximum values of 1.5 or 1.7 tesla at 50 or 60 Hz, using methods such as the IEC Epstein square or the (SST)",16762,16765,,,SST,,,SST
9,Epstein square,TEST_METHOD,,A critical limitation arises from the necessity to assume a constant value for the length of the magnetic path in the Epstein square despite knowing that it varies with the material’s composition and magnetic conditions,17149,17163,,,Epstein square,,,Epstein square
9,Epstein square,TEST_METHOD,,"In the worst-case scenario, although highly reproducible, the loss indicated by the Epstein square may deviate by 5–10% from the absolute value.",17488,17502,,,Epstein square,,,Epstein square
9,Epstein test,TEST_METHOD,,"Consequently, it is vital to ensure that these additional losses do not undermine the improvements achieved in the fundamental physical characteristics assessed using the Epstein test.",17905,17917,,,Epstein test,,,Epstein test
9,1.5 T,FLUX_DENSITY,UNSPECIFIED,"An illustration of the changes in loss, permeability, and magnetostriction of a typical Grain-Oriented (GO) steel Epstein strip when magnetized along its longitudinal direction (RD) at 1.5 T and 50 Hz while simultaneously applying external stress along the same direction [27].",18970,18975,1.5,T,1.5 T,,,1.5 T
9,1.5 T,FLUX_DENSITY,NGO,"In the case of non-oriented electrical steels, the total losses, at 1.5 T and 60 Hz, vary from 10 W/kg to 3 W/kg in the annealed condition, as indicated in steel manufacturers’ catalogs [29].",19524,19529,1.5,T,1.5 T,,,1.5 T
9,10 W/kg,CORE_LOSS,NGO,"In the case of non-oriented electrical steels, the total losses, at 1.5 T and 60 Hz, vary from 10 W/kg to 3 W/kg in the annealed condition, as indicated in steel manufacturers’ catalogs [29].",19551,19558,10.0,W/kg,10.0 W/kg,,,10 W/kg
9,3 W/kg,CORE_LOSS,NGO,"In the case of non-oriented electrical steels, the total losses, at 1.5 T and 60 Hz, vary from 10 W/kg to 3 W/kg in the annealed condition, as indicated in steel manufacturers’ catalogs [29].",19562,19568,3.0,W/kg,3.0 W/kg,,,3 W/kg
9,1.5 T,FLUX_DENSITY,COMPETITOR,"Total loss and its components for steels with different silicon content and processing conditions, keeping constant maximum induction (1.5 T), frequency (60 Hz), and thickness (0.5 mm), except for the grain-oriented material (0.35 mm)",21658,21663,1.5,T,1.5 T,,,1.5 T
9,grain-oriented material,COMPETING_MATERIAL,,"Total loss and its components for steels with different silicon content and processing conditions, keeping constant maximum induction (1.5 T), frequency (60 Hz), and thickness (0.5 mm), except for the grain-oriented material (0.35 mm)",21724,21747,,,grain-oriented material,,,grain-oriented electric steel
9,insulating coating,PROCESSING,,This insulating coating also contributes to reducing hysteresis and anomalous loss by beneﬁcially applying tensile strength to the material [37].,22135,22153,,,insulating coating,,,insulating coating
9,3% silicon,SI_CONTENT,UNSPECIFIED,"An illustration depicting the changes in traditional hysteresis, eddy current, and excess loss components with the magnetizing frequency in a typical commercial Grain-Oriented (GO) 3% silicon steel, measured at 1.32 T and 50 Hz [39].",24233,24243,3.0,%,3.0 %,,,3% silicon
9,1.32 T,FLUX_DENSITY,UNSPECIFIED,"An illustration depicting the changes in traditional hysteresis, eddy current, and excess loss components with the magnetizing frequency in a typical commercial Grain-Oriented (GO) 3% silicon steel, measured at 1.32 T and 50 Hz [39].",24263,24269,1.32,T,1.32 T,,,1.32 T
9,HiB,OOS_GRADE,,Oriented steels can be further subdivided into grain-oriented (GO) and high-permeability (HiB) steels,27451,27454,,,HiB,,,HiB
9,texture,PROCESSING,,"Given limitations arise in the extensive shaping of silicon-rich steels due to certain constraints, this study concentrated on understanding how variations in the warm-rolling temperature inﬂuence the development of microstructure and texture within the hot-rolled sheet.",30588,30595,,,texture,,,texture
9,anisotropy,PROCESSING,,▪ Decreased magnetic anisotropy reduces magnetic hysteresis losses and ensures more isotropic magnetic properties.,31291,31301,,,anisotropy,,,anisotropy
9,punching,PROCESSING,,"Sci. 2023, 13, 10283 11 of 28 Electrical steel can be delivered in a semi-processed state, allowing for ﬁnal shaping through punching.",32435,32443,,,punching,,,punching
9,insulating coating,PROCESSING,,"Fully processed electrical steel is deliv- ered with an insulating coating, full heat treatment, and well-deﬁned magnetic properties.",32620,32638,,,insulating coating,,,insulating coating
9,punching,PROCESSING,,It is utilized in applications where punching does not signiﬁcantly degrade the electrical steel’s properties.,32735,32743,,,punching,,,punching
9,Epstein frame,TEST_METHOD,,The internationally standardized Epstein frame method is employed to test the magnetic properties of electrical steel.,33038,33051,,,Epstein frame,,,Epstein frame
9,15 W/kg,CORE_LOSS,UNSPECIFIED,"Starting from an initial value of 15 W/kg at 1.5 T under 50 Hz of AC magnetization, core loss has been signiﬁcantly reduced and is now very close to the theoretical value of 0.4 W/kg [56].",34275,34282,15.0,W/kg,15.0 W/kg,,,15 W/kg
9,1.5 T,FLUX_DENSITY,UNSPECIFIED,"Starting from an initial value of 15 W/kg at 1.5 T under 50 Hz of AC magnetization, core loss has been signiﬁcantly reduced and is now very close to the theoretical value of 0.4 W/kg [56].",34286,34291,1.5,T,1.5 T,,,1.5 T
9,0.4 W/kg,CORE_LOSS,UNSPECIFIED,"Starting from an initial value of 15 W/kg at 1.5 T under 50 Hz of AC magnetization, core loss has been signiﬁcantly reduced and is now very close to the theoretical value of 0.4 W/kg [56].",34415,34423,0.4,W/kg,0.4 W/kg,,,0.4 W/kg
9,Goss texture,PROCESSING,,"In the timeline of advancements, the addition of Goss texture in 1934, followed by the introduction of HGO steel in 1970 and the incorporation of amorphous materials in 1980, marked signiﬁcant milestones These advancements have contributed to the remarkable reduction in core losses in electrical steel over time [56].",34554,34566,,,Goss texture,,,Goss texture
9,HGO,COMPETING_MATERIAL,,"In the timeline of advancements, the addition of Goss texture in 1934, followed by the introduction of HGO steel in 1970 and the incorporation of amorphous materials in 1980, marked signiﬁcant milestones These advancements have contributed to the remarkable reduction in core losses in electrical steel over time [56].",34608,34611,,,HGO,,,HGO
9,GOES,COMPETING_MATERIAL,,"Power loss, which refers to the disparity between input power and output power, has been a focus of improvement since the discovery of (GOES) and advancements Appl.",35326,35330,,,GOES,,,grain-oriented electric steel
9,recrystallization,PROCESSING,,"Thinner sheets can lead to instability in secondary-recrystallization behaviour, and the decrease in sheet thickness can also contribute to higher hysteresis loss due to increased surface roughness, resulting in more overall loss [58].",38990,39007,,,recrystallization,,,recrystallization
9,cold rolling,PROCESSING,,"Grain Size Grain size plays a pivotal role in magnetic materials and can be inﬂuenced by factors like cold rolling, strengthening temperature, and time.",41402,41414,,,cold rolling,,,cold rolling
9,grain growth,PROCESSING,,"Notably, aluminium nitride (AlN) and manganese sulphide (MnS) precipitates act as beneﬁcial inhibitors, facilitating preferential grain growth in the direction of easy magnetization.",43162,43174,,,grain growth,,,grain growth
9,anisotropy,PROCESSING,,"The method of diffusion also had a slight inﬂuence on the anisotropy constants, potentially introducing the right amount of internal stress [72].",49958,49968,,,anisotropy,,,anisotropy
9,3.5 W/kg,CORE_LOSS,UNSPECIFIED,"Alloys with aluminium concentrations higher than 1% showed the best magnetic properties, with a core loss of about 3.5 W/kg (at 1.5 Tesla and 60 Hz) and permeability close to 4000 g/Oe (at 1.5 Tesla and 60 Hz)",51117,51125,3.5,W/kg,3.5 W/kg,,,3.5 W/kg
9,B50,FLUX_DENSITY,UNSPECIFIED,"It was observed that a higher aluminium content in the steel led to lower magnetic ﬂux density (B50), while the B50/Bs ratio remained constant at about 0.84 for all aluminium fractions.",51314,51317,,notation,B50,,,B50
9,B50,FLUX_DENSITY,UNSPECIFIED,"It was observed that a higher aluminium content in the steel led to lower magnetic ﬂux density (B50), while the B50/Bs ratio remained constant at about 0.84 for all aluminium fractions.",51330,51333,,notation,B50,,,B50
9,B50,FLUX_DENSITY,UNSPECIFIED,"The decrease in B50 was attributed in samples with high aluminium content, there was a reduction in the saturation magnetization density (Bs).",51420,51423,,notation,B50,,,B50
9,texture,PROCESSING,,"The average grain size decreased with increasing aluminium content, while the texture was not signiﬁcantly affected [74].",51828,51835,,,texture,,,texture
9,1.5 T,FLUX_DENSITY,NGO,The addition of manganese resulted in a remarkable reduction of up to 8% in power loss at 1.5 T in non-oriented 2.4 wt% silicon iron.,59283,59288,1.5,T,1.5 T,,,1.5 T
9,2.4 wt% silicon,SI_CONTENT,NGO,The addition of manganese resulted in a remarkable reduction of up to 8% in power loss at 1.5 T in non-oriented 2.4 wt% silicon iron.,59305,59320,2.4,%,2.4 %,,,2.4 wt% silicon
9,texture,PROCESSING,,Top of Form Effect of Phosphorus Tanaka and Yashiki [85] conducted a study to examine the impact of phosphorus on magnetic properties and the texture of crystallization.,59729,59736,,,texture,,,texture
9,cold rolling,PROCESSING,,"The results showed that the addition of phosphorus led to an increase in magnetic induction, and high-phosphorus steel exhibited a slight decrease in magnetic induction with an increasing deﬁciency in cold rolling.",59958,59970,,,cold rolling,,,cold rolling
9,recrystallization,PROCESSING,,"In materials undergoing recrystallization, the strength of high-phosphorus steel with a (111) (112) texture is lower compared to that of low-phosphorus steel.",59996,60013,,,recrystallization,,,recrystallization
9,texture,PROCESSING,,"In materials undergoing recrystallization, the strength of high-phosphorus steel with a (111) (112) texture is lower compared to that of low-phosphorus steel.",60072,60079,,,texture,,,texture
9,texture,PROCESSING,,These texture variations correspond to the changes in magnetic induction resulting from the addition of phosphorus.,60137,60144,,,texture,,,texture
9,recrystallization,PROCESSING,,The recrystallization of high-phosphorus steel without separation treatment closely resembles that of low-phosphorus steel.,60251,60268,,,recrystallization,,,recrystallization
9,texture,PROCESSING,,"Thus, it was inferred that the separation of phosphorus within the primary grains plays a crucial role in controlling the crystallization texture [92].",60509,60516,,,texture,,,texture
9,6.5% Si steel,OOS_GRADE,,"[94], an innovative magnetic material was developed for high-frequency appliances and compared with straight electrical steel and 6.5% Si steel.",61264,61277,,,6.5% Si steel,,,6.5% Si steel
9,6.5% Si steel,OOS_GRADE,,This new material exhibited remarkably low iron loss at high frequencies above 5 kHz similar to that of 6.5% Si steel.,61383,61396,,,6.5% Si steel,,,6.5% Si steel
9,texture,PROCESSING,,The impact of adding Sn on the core loss and texture of non-oriented electrical steel (NOES) was thoroughly investigated in [95].,61963,61970,,,texture,,,texture
9,texture,PROCESSING,,Efforts were made to improve material crystalline texture with the aim of reducing hysteresis loss and increasing magnetic ﬂux density and permeability [76].,62237,62244,,,texture,,,texture
9,texture,PROCESSING,,The study revealed that Sn plays a signiﬁcant role in improving a material’s crystalline texture.,62434,62441,,,texture,,,texture
9,grain growth,PROCESSING,,"According to the study conducted in [96], grain size is inﬂuenced by the presence of Sn, which hinders grain growth.",62546,62558,,,grain growth,,,grain growth
9,texture,PROCESSING,,The enhancement of magnetic properties due to the addition of Sn correlates with the improvement in crystalline texture facilitated by the addition of Sn,62960,62967,,,texture,,,texture
9,texture,PROCESSING,,"Enhanced or reduced induction, texture change.",63966,63973,,,texture,,,texture
9,texture,PROCESSING,,"Inﬂuence on texture, induction variation.",63994,64001,,,texture,,,texture
9,texture,PROCESSING,,Tin Improved crystalline texture.,64161,64168,,,texture,,,texture
9,3% silicon,SI_CONTENT,UNSPECIFIED,"The journey of electrical steel began with Hadﬁeld’s production of 3% silicon steel in 1903, which had a notable impact on reducing losses [51].",64681,64691,3.0,%,3.0 %,,,3% silicon
9,grain-oriented silicon steel,COMPETING_MATERIAL,,Historical development of core loss reduction in grain-oriented silicon steel and progress of relevant science and technology,65148,65176,,,grain-oriented silicon steel,,,grain-oriented electric steel
9,decarburization,PROCESSING,,"The production process for this steel involved several stages, including cold reduction, intermediate annealing, decarburization, batch annealing, and ﬂattening.",65800,65815,,,decarburization,,,decarburization
9,GO steel,COMPETING_MATERIAL,,"The resulting steel, known as Goss- textured steel or GO steel, presented a remarkable texture known as the “Goss texture”.",65903,65911,,,GO steel,,,grain-oriented electric steel
9,texture,PROCESSING,,"The resulting steel, known as Goss- textured steel or GO steel, presented a remarkable texture known as the “Goss texture”.",65936,65943,,,texture,,,texture
9,Goss texture,PROCESSING,,"The resulting steel, known as Goss- textured steel or GO steel, presented a remarkable texture known as the “Goss texture”.",65958,65970,,,Goss texture,,,Goss texture
9,texture,PROCESSING,,"This particular texture, along with the favourable magnetic properties it conferred, proved to be highly advantageous for modern-day electrical steel production.",65989,65996,,,texture,,,texture
9,GO steel,COMPETING_MATERIAL,,"As a result, GO steel has become widely used in various applications within the electrical industry.",66148,66156,,,GO steel,,,grain-oriented electric steel
9,Nippon Steel,PRODUCER,,"In 1994, Nippon Steel introduced a novel high-permeability steel called HiB [54].",66245,66257,,,Nippon Steel,,,Nippon Steel
9,HiB,OOS_GRADE,,"In 1994, Nippon Steel introduced a novel high-permeability steel called HiB [54].",66308,66311,,,HiB,,,HiB
9,HiB,OOS_GRADE,,"In contrast with Goss steel, the manufacturing process for HiB steel involved just one cold- rolling reduction.",66377,66380,,,HiB,,,HiB
9,HiB,OOS_GRADE,,The grain size of the HiB steel increased signiﬁcantly from 0.3 mm to 1 cm [100].,66804,66807,,,HiB,,,HiB
9,HiB,OOS_GRADE,,"Despite the larger grain size, the HiB steel exhibited high permeability, making it a promising choice for various applications where magnetic efﬁciency is essential.",66899,66902,,,HiB,,,HiB
9,Nippon Steel,PRODUCER,,"Driven by the increasing demand for improved efﬁciency, new domain reﬁning tech- niques were developed, such as laser scribing introduced by Nippon Steel",67172,67184,,,Nippon Steel,,,Nippon Steel
9,0.85 W/kg,CORE_LOSS,UNSPECIFIED,"The losses achieved using this method were 0.85 W/kg when exposed to a magnetic ﬂux density of 1.7 T, with a sheet thickness of 0.23 mm.",67234,67243,0.85,W/kg,0.85 W/kg,,,0.85 W/kg
9,1.7 T,FLUX_DENSITY,UNSPECIFIED,"The losses achieved using this method were 0.85 W/kg when exposed to a magnetic ﬂux density of 1.7 T, with a sheet thickness of 0.23 mm.",67286,67291,1.7,T,1.7 T,,,1.7 T
9,HiB,OOS_GRADE,,These losses were found to be 5–8% lower compared to the losses obtained for unscratched HiB steel [101].,67417,67420,,,HiB,,,HiB
9,GOES,COMPETING_MATERIAL,,"Other methods, like creating grooves on the steel and depositing a ceramic coating, have also been employed to reﬁne domains and apply tension on the GOES substrate [73].",67834,67838,,,GOES,,,grain-oriented electric steel
9,recrystallization,PROCESSING,,"These include advancements in secondary recrystallization techniques [72], the precise control of grain orientation",68048,68065,,,recrystallization,,,recrystallization
9,weldability,PROCESSING,,"These properties include insulation resistance, which prevents the ﬂow of an electric current; heat resistance; chemical resistance to withstand harsh environments; it possessed the capability to be easily punched, simplifying the processing of the material; weldability for joining; corrosion resistance to prevent degradation; burn-out characteristics; and resistance to compression.",71184,71195,,,weldability,,,weldability
9,GOES,COMPETING_MATERIAL,,"For example, a 1 µm thick titanium carbide (TiC) coating deposited via chemical vapor deposition on 0.23 mm thick GOES effectively reduced losses to 0.586 W/kg [105].",71594,71598,,,GOES,,,grain-oriented electric steel
9,0.586 W/kg,CORE_LOSS,COMPETITOR,"For example, a 1 µm thick titanium carbide (TiC) coating deposited via chemical vapor deposition on 0.23 mm thick GOES effectively reduced losses to 0.586 W/kg [105].",71629,71639,0.586,W/kg,0.586 W/kg,,,0.586 W/kg
9,0.6 W/kg,CORE_LOSS,UNSPECIFIED,[106] achieved a loss of 0.6 W/kg.,71842,71850,0.6,W/kg,0.6 W/kg,,,0.6 W/kg
9,GOES,COMPETING_MATERIAL,,"By chemically polishing GOES to a surface roughness of 0.05 µm and applying a tensile stress of 45 MPa, the authors observed an increase in the number of mobile domain walls, thereby reducing eddy current loss.",71876,71880,,,GOES,,,grain-oriented electric steel
9,45 MPa,MPA_VALUE,COMPETITOR,"By chemically polishing GOES to a surface roughness of 0.05 µm and applying a tensile stress of 45 MPa, the authors observed an increase in the number of mobile domain walls, thereby reducing eddy current loss.",71948,71954,45.0,MPa,45.0 MPa,applied_stress,,45 MPa
9,10 MPa,MPA_VALUE,UNSPECIFIED,"The application of tensile stress had different effects at different levels: below 10 MPa, it reduced domain size, while above 10 MPa, it improved the electrical steel’s performance through magnetization rotation in the rolling direction",72146,72152,10.0,MPa,10.0 MPa,applied_stress,,10 MPa
9,10 MPa,MPA_VALUE,UNSPECIFIED,"The application of tensile stress had different effects at different levels: below 10 MPa, it reduced domain size, while above 10 MPa, it improved the electrical steel’s performance through magnetization rotation in the rolling direction",72190,72196,10.0,MPa,10.0 MPa,applied_stress,,10 MPa
9,bridge,APPLICATION,,"Multi-Scale Modelling and Simulation: The integration of advanced modelling tech- niques, such as multi-scale simulations, can bridge the gap between microstructural features and macroscopic properties.",75908,75914,,,bridge,,,bridge
9,high silicon steel,OOS_GRADE,,"[CrossRef] 12. Ouyang, G.; Chen, X.; Liang, Y.; Macziewski, C.; Cui, J. Review of Fe-6.5 wt%Si high silicon steel—A promising soft magnetic material for sub-kHz application.",80697,80715,,,high silicon steel,,,high silicon steel
9,recrystallization,PROCESSING,,"[CrossRef] [PubMed] 15. Petryshynets, I.; Kováˇc, F.; Petrov, B.; Falat, L.; Puchý, V. Improving the magnetic properties of non-oriented electrical steels by secondary recrystallization using dynamic heating conditions.",81500,81517,,,recrystallization,,,recrystallization
9,texture,PROCESSING,,"[CrossRef] 18. Leuning, N.; Steentjes, S.; Hameyer, K. Effect of grain size and magnetic texture on iron-loss components in NO electrical steel at different frequencies.",81969,81976,,,texture,,,texture
9,recrystallization,PROCESSING,,"Lee, H.H.; Jung, J.; Yoon, J.I.; Kim, J.K.; Kim, H.S. Modelling the evolution of recrystallization texture for a non-grain oriented electrical steel.",82188,82205,,,recrystallization,,,recrystallization
9,texture,PROCESSING,,"Lee, H.H.; Jung, J.; Yoon, J.I.; Kim, J.K.; Kim, H.S. Modelling the evolution of recrystallization texture for a non-grain oriented electrical steel.",82206,82213,,,texture,,,texture
9,grain oriented electrical steel,COMPETING_MATERIAL,,"Lee, H.H.; Jung, J.; Yoon, J.I.; Kim, J.K.; Kim, H.S. Modelling the evolution of recrystallization texture for a non-grain oriented electrical steel.",82224,82255,,,grain oriented electrical steel,,,grain-oriented electric steel
9,IEC 60404-2,STANDARD,,IEC 60404-2; Magnetic Materials—Part 2: Methods of Measurement of the Magnetic Properties of Electrical Steel Strip and Sheet by Means of an Epstein Frame.,82883,82894,,,IEC 60404-2,,,IEC 60404-2
9,Epstein frame,TEST_METHOD,,"[CrossRef] 25. Marketos, P.; Zurek, S.; Moses, A.J. Calculation of the mean path length of the Epstein frame under non-sinusoidal excitations using the double Epstein method.",83355,83368,,,Epstein frame,,,Epstein frame
9,3% silicon,SI_CONTENT,UNSPECIFIED,"Yamamoto, T.; Nozawa, T. Effects of tensile stress on total loss of single crystals of 3% silicon-iron.",85744,85754,3.0,%,3.0 %,,,3% silicon
9,3% Si,SI_CONTENT,UNSPECIFIED,"Transactions, I. Magnetic properties and dynamic domain behavior in grain-oriented 3% Si-Fe(Article).",86902,86907,3.0,%,3.0 %,,,3% Si
9,JFE,PRODUCER,,"Oda, Y.; Okubo, T.; Takata, M. Recent development of non-oriented electrical steel in JFE steel.",88176,88179,,,JFE,,,JFE
9,JFE,PRODUCER,,JFE Tech.,88187,88190,,,JFE,,,JFE
9,recrystallization,PROCESSING,,"Zu, G.; Xu, Y.; Luo, L.; Han, Y.; Sun, S.; Miao, R.; Zhu, W.; Gao, L.; Ran, X. Effect of rolling temperature on the recrystallization behavior of 4.5 wt.% Si non-oriented electrical steel.",88496,88513,,,recrystallization,,,recrystallization
9,ASTM A976,STANDARD,,"ASTM A976-18; Standard Classiﬁcation of Insulating Coatings for Electrical Steels by Composition, Relative Insulating Ability and Application.",89033,89042,,,ASTM A976,,,ASTM A976
9,Nippon Steel,PRODUCER,,Nippon Steel Tech.,93748,93760,,,Nippon Steel,,,Nippon Steel
9,texture,PROCESSING,,"Rastogi, P.K. Effect of manganese and sulfur on the texture and magnetic properties of non-oriented steel.",95123,95130,,,texture,,,texture
9,0.5% Si,SI_CONTENT,UNSPECIFIED,"Yashiki, H.; Kaneko, T. Effects of Mn and S on the Grain Growth and Texture in Cold Rolled 0.5% Si Steel.",95492,95499,0.5,%,0.5 %,,,0.5% Si
9,recrystallization,PROCESSING,,"Tanaka, I.; Yashiki, H. Magnetic properties and recrystallization texture evolutions of phosphorus-bearing non-oriented electrical steel sheets.",96385,96402,,,recrystallization,,,recrystallization
9,texture,PROCESSING,,"Tanaka, I.; Yashiki, H. Magnetic properties and recrystallization texture evolutions of phosphorus-bearing non-oriented electrical steel sheets.",96403,96410,,,texture,,,texture
9,cobalt-iron,COMPETING_MATERIAL,,"Major, R.V.; Orrock, C.M. High saturation ternary cobalt-iron based alloys.",98027,98038,,,cobalt-iron,,,cobalt-iron
9,grain-oriented silicon steel,COMPETING_MATERIAL,,"Honma, K.; Nozawa, T.; Kobayashi, H.; Shimoyama, Y.; Tachino, I.; Miyoshi, K. Development of non-oriented and grain-oriented silicon steel (invited).",98420,98448,,,grain-oriented silicon steel,,,grain-oriented electric steel
9,grain-oriented electrical steel,COMPETING_MATERIAL,,"Yamaguchi, H.; Muraki, M.; Komatsubara, M. Application of CVD method on grain-oriented electrical steel.",98587,98618,,,grain-oriented electrical steel,,,grain-oriented electric steel
10,HEV,APPLICATION,,"The market for hybrid elec­ trical vehicles (HEV) and electrical vehicles (EV) has been expanding and the models of HEV/ EV have been increasing; thus, performance requirements of NO for traction motor cores have diversified.",514,517,,,HEV,,,HEV
10,EV,APPLICATION,,"The market for hybrid elec­ trical vehicles (HEV) and electrical vehicles (EV) has been expanding and the models of HEV/ EV have been increasing; thus, performance requirements of NO for traction motor cores have diversified.",544,546,,,EV,,,EV
10,EV,APPLICATION,,"The market for hybrid elec­ trical vehicles (HEV) and electrical vehicles (EV) has been expanding and the models of HEV/ EV have been increasing; thus, performance requirements of NO for traction motor cores have diversified.",590,592,,,EV,,,EV
10,traction motor,APPLICATION,,"The market for hybrid elec­ trical vehicles (HEV) and electrical vehicles (EV) has been expanding and the models of HEV/ EV have been increasing; thus, performance requirements of NO for traction motor cores have diversified.",656,670,,,traction motor,,,traction motor
10,EV,APPLICATION,,"Traction motors for electric vehicles such as HEVs, PHEVs, and EVs (hereinafter EV traction motors) are the key parts of the drive mechanism that takes the place of engines.",1491,1493,,,EV,,,EV
10,EV,APPLICATION,,This paper describes the latest electrical steel sheets (materials) that support higher performance of EV traction motors along with tech­ nologies for using them.,1852,1854,,,EV,,,EV
10,EV,APPLICATION,,"2. Requirements for Electrical Steel Sheets for EV Traction Motors EV traction motors, unlike general motors, need to have high torque performance for start-up and climbing hills and high-speed rotation characteristics in driving at maximum speed.",1961,1963,,,EV,,,EV
10,EV,APPLICATION,,"2. Requirements for Electrical Steel Sheets for EV Traction Motors EV traction motors, unlike general motors, need to have high torque performance for start-up and climbing hills and high-speed rotation characteristics in driving at maximum speed.",1980,1982,,,EV,,,EV
10,EV,APPLICATION,,"In addition, for HEVs, it is important that a motor can be installed in a limited space, so EV traction mo­ tors need to be smaller and lighter and they need to be highly effi­ cient compared to other types of motors for other applications (refer to Fig. 1).",2360,2362,,,EV,,,EV
10,rotor,APPLICATION,,An effec­ tive way to increase the magnetic flux is to narrow the clearance be­ tween the rotor and stator to reduce the magnetic resistance.,2949,2954,,,rotor,,,rotor
10,stator,APPLICATION,,An effec­ tive way to increase the magnetic flux is to narrow the clearance be­ tween the rotor and stator to reduce the magnetic resistance.,2959,2965,,,stator,,,stator
10,EV,APPLICATION,,Performance requirements for electrical steel sheet for drive mo­ tors of EV/HEV NIPPON STEEL TECHNICAL REPORT,3300,3302,,,EV,,,EV
10,HEV,APPLICATION,,Performance requirements for electrical steel sheet for drive mo­ tors of EV/HEV NIPPON STEEL TECHNICAL REPORT,3303,3306,,,HEV,,,HEV
10,traction motor,APPLICATION,,"On the traction motor of an HEV, if the mo­ tor runs idle without drive current while the vehicle is driven by the internal combustion engine, low iron loss is more important for minimizing the power loss during idle running.",4218,4232,,,traction motor,,,traction motor
10,HEV,APPLICATION,,"On the traction motor of an HEV, if the mo­ tor runs idle without drive current while the vehicle is driven by the internal combustion engine, low iron loss is more important for minimizing the power loss during idle running.",4239,4242,,,HEV,,,HEV
10,EV,APPLICATION,,"3. Electrical Steel Sheets Suitable for EV Traction Motors Besides electrical steel sheets, sheets of 6.5%Si steel, a Co-Fe alloy, and a Ni-Fe alloy are also used as the materials for motor cores.",4477,4479,,,EV,,,EV
10,6.5%Si steel,OOS_GRADE,,"3. Electrical Steel Sheets Suitable for EV Traction Motors Besides electrical steel sheets, sheets of 6.5%Si steel, a Co-Fe alloy, and a Ni-Fe alloy are also used as the materials for motor cores.",4539,4551,,,6.5%Si steel,,,6.5%Si steel
10,Ni-Fe alloy,COMPETING_MATERIAL,,"3. Electrical Steel Sheets Suitable for EV Traction Motors Besides electrical steel sheets, sheets of 6.5%Si steel, a Co-Fe alloy, and a Ni-Fe alloy are also used as the materials for motor cores.",4574,4585,,,Ni-Fe alloy,,,Ni-Fe alloy
10,EV,APPLICATION,,"However, few of them satisfy the technical characteristics re­ quired for EV traction motors more economically and in a better- balanced way than electrical steel sheets do.",4708,4710,,,EV,,,EV
10,Nippon Steel,PRODUCER,,5) Nippon Steel Corporation has been developing a new series of non-oriented electrical steel sheets that satisfy requirements as elec­ trical sheets for HEV/EV traction motors.,5633,5645,,,Nippon Steel,,,Nippon Steel
10,HEV,APPLICATION,,5) Nippon Steel Corporation has been developing a new series of non-oriented electrical steel sheets that satisfy requirements as elec­ trical sheets for HEV/EV traction motors.,5784,5787,,,HEV,,,HEV
10,EV,APPLICATION,,5) Nippon Steel Corporation has been developing a new series of non-oriented electrical steel sheets that satisfy requirements as elec­ trical sheets for HEV/EV traction motors.,5788,5790,,,EV,,,EV
10,B50,FLUX_DENSITY,NGO,Figure 2 shows example magnetic properties of the developed product series of high-efficien­ cy non-oriented electrical steel sheets (HIEXCORE ™ and THIN­ NER GAUGE HIEXCORE ™ HX) in which magnetic flux density B50 (the flux density under a magnetizing force of 5 000 A/m) has been improved at the same level of iron loss for higher motor torque.,6019,6022,,notation,B50,,,B50
10,EV,APPLICATION,,Figure 3 shows example analysis results of the iron loss of motors using thin NO developed for EV traction motors.,6250,6252,,,EV,,,EV
10,IPM,APPLICATION,,This analysis model is a benchmark of interior permanent magnet (IPM) motors deter­ mined by the Institute of Electrical Engineers of Japan.,6335,6338,,,IPM,,,IPM
10,W10/400,CORE_LOSS,UNSPECIFIED,"Although the iron loss at high frequency (W10/400) (iron loss under excitation of 1.0 T and 400 Hz) is inferior to that of general- purpose steel materials, the tensile strength is 1.5 times that of gen­ eral-purpose steel materials.",6816,6823,,notation,W10/400,,,W10/400
10,1.0 T,FLUX_DENSITY,UNSPECIFIED,"Although the iron loss at high frequency (W10/400) (iron loss under excitation of 1.0 T and 400 Hz) is inferior to that of general- purpose steel materials, the tensile strength is 1.5 times that of gen­ eral-purpose steel materials.",6856,6861,1.0,T,1.0 T,,,1.0 T
10,EV,APPLICATION,,They are used for commercially avail­ able EV traction motors.,7051,7053,,,EV,,,EV
10,Nippon Steel,PRODUCER,,Nippon Steel has also been developing high-tensile NO whose iron loss is reduced to the level of general- purpose steel materials.,7071,7083,,,Nippon Steel,,,Nippon Steel
10,rotor,APPLICATION,,The developed high-tensile NO is suitable for the rotor cores of IPM motors although its iron loss is somewhat inferior.,7255,7260,,,rotor,,,rotor
10,IPM,APPLICATION,,The developed high-tensile NO is suitable for the rotor cores of IPM motors although its iron loss is somewhat inferior.,7270,7273,,,IPM,,,IPM
10,rotor bridge,APPLICATION,,It is difficult to narrow the width of a rotor bridge that re­ tains a permanent magnet from the perspective of durability at high- speed rotation.,7367,7379,,,rotor bridge,,,rotor bridge
10,bridge,APPLICATION,,"Using high-tensile NO can make design with nar­ rower bridge width possible, which improves the efficiency of mo­ tors 8) (see Table 1).",7528,7534,,,bridge,,,bridge
10,bridge,APPLICATION,,"This is mainly because, among magnetic flux, leakage flux to the bridge section is reduced, which increases the motor torque constant, which reduces copper loss.",7676,7682,,,bridge,,,bridge
10,insulating coating,PROCESSING,,Environment-friendly Insulating Coatings for Electrical Steel Sheets with Excellent Punching Workability A non-oriented electrical steel sheet used for motor cores has an insulating coating with a thickness of 1 to 2 μm formed on the sur­ face to make punching easier and to prevent inter-laminar short cir­ cuiting.,8244,8262,,,insulating coating,,,insulating coating
10,punching,PROCESSING,,Environment-friendly Insulating Coatings for Electrical Steel Sheets with Excellent Punching Workability A non-oriented electrical steel sheet used for motor cores has an insulating coating with a thickness of 1 to 2 μm formed on the sur­ face to make punching easier and to prevent inter-laminar short cir­ cuiting.,8325,8333,,,punching,,,punching
10,Nippon Steel,PRODUCER,,"To that end, organic/inorganic coatings (named L coating by Nippon Steel) containing trivalent chromium compounds and or­ ganic resin have been used for more than 40 years around the world.",8450,8462,,,Nippon Steel,,,Nippon Steel
10,Nippon Steel,PRODUCER,,"Therefore, Nippon Steel has developed new environment-friendly insulating coating, G coating, that does not contain chromium compounds.",8706,8718,,,Nippon Steel,,,Nippon Steel
10,insulating coating,PROCESSING,,"Therefore, Nippon Steel has developed new environment-friendly insulating coating, G coating, that does not contain chromium compounds.",8758,8776,,,insulating coating,,,insulating coating
10,punching,PROCESSING,,"They have various other ad­ vantages, for example, excellent punching workability as shown in Fig.",9000,9008,,,punching,,,punching
10,EV,APPLICATION,,Electrical Steel Sheet Application Technologies to Support the Performance of EV Traction Motors,9261,9263,,,EV,,,EV
10,IEC 60404-2,STANDARD,,"In accordance with international standard measurement method IEC 60404-2, the magnetic properties of an electrical steel sheet are measured under ideal conditions of a uniform alternating magnetic field in a prescribed one direction, no stress, and a sinusoidal mag­ netic flux density.",9341,9352,,,IEC 60404-2,,,IEC 60404-2
10,punching,PROCESSING,,"These factors are: (1) uneven magnetic flux originating in the core struc­ ture; (2) rotational magnetic flux; (3) compressive stress due to de­ formation by punching and shrink-fitting of the core; (4) space har­ monics; (5) time harmonics caused by the power supply or other factors; (6) superposition of the magnetic flux due to the magnet or the magnetic field from the windings; (7) uneven temperatures, and (8) inter-laminar short circuits at the clumped section.",9838,9846,,,punching,,,punching
10,stator core,APPLICATION,,We fabri­ cated a stator core with an outer diameter of 120 mm and 24 slots by punching and wirecut electrical discharge machining that would not cause deformation as a result of processing.,10423,10434,,,stator core,,,stator core
10,punching,PROCESSING,,We fabri­ cated a stator core with an outer diameter of 120 mm and 24 slots by punching and wirecut electrical discharge machining that would not cause deformation as a result of processing.,10484,10492,,,punching,,,punching
10,electrical discharge machining,PROCESSING,,We fabri­ cated a stator core with an outer diameter of 120 mm and 24 slots by punching and wirecut electrical discharge machining that would not cause deformation as a result of processing.,10505,10535,,,electrical discharge machining,,,electrical discharge machining
10,rotating iron loss simulator,TEST_METHOD,,Figure 8 shows iron loss 11) measured by our unique rotating iron loss simulator.,10648,10676,,,rotating iron loss simulator,,,rotating iron loss simulator
10,bridge,APPLICATION,,The Table 1 Plastic deformation limit rotational speed and motor efficiency as a bridge width of rotor core Rotor core material YS (MPa),10763,10769,,,bridge,,,bridge
10,rotor core,APPLICATION,,The Table 1 Plastic deformation limit rotational speed and motor efficiency as a bridge width of rotor core Rotor core material YS (MPa),10779,10789,,,rotor core,,,rotor core
10,35A300,GRADE,UNSPECIFIED,Brige width (mm) Speed* (rpm) Efficiency** (%) 35A300 320 0.5 17 000 91.8 320 1.0 25 000 91.1 35HXT680T,10866,10872,,,35A300,,,35A300
10,35HXT680,GRADE,UNSPECIFIED,Brige width (mm) Speed* (rpm) Efficiency** (%) 35A300 320 0.5 17 000 91.8 320 1.0 25 000 91.1 35HXT680T,10913,10921,,,35HXT680,,,35HXT680
10,insulating coating,PROCESSING,,5 Punching workability of electrical steel sheet L coating is chromite based insulating coating with organic resin.,11117,11135,,,insulating coating,,,insulating coating
10,insulating coating,PROCESSING,,G coating is phosphate based insulating coating with organic resin.,11185,11203,,,insulating coating,,,insulating coating
10,punching,PROCESSING,,8 Effect of punching processing on motor core loss NIPPON STEEL TECHNICAL REPORT,11359,11367,,,punching,,,punching
10,punching,PROCESSING,,"No. 122 November 2019 -163- figure shows that, although the increase in iron loss differs depend­ ing on the type of steel sheet, the core iron loss increases as a result of deformation by punching.",11617,11625,,,punching,,,punching
10,stator core,APPLICATION,,Table 2 compares the iron loss measurement result when a stator core that was made by punching a 50H270 material was tested with a rotating iron loss simulator 12) with the core iron loss value calcu­ lated by an electromagnetic field analysis technique of Nippon Steel.,12284,12295,,,stator core,,,stator core
10,punching,PROCESSING,,Table 2 compares the iron loss measurement result when a stator core that was made by punching a 50H270 material was tested with a rotating iron loss simulator 12) with the core iron loss value calcu­ lated by an electromagnetic field analysis technique of Nippon Steel.,12313,12321,,,punching,,,punching
10,50H270,GRADE,UNSPECIFIED,Table 2 compares the iron loss measurement result when a stator core that was made by punching a 50H270 material was tested with a rotating iron loss simulator 12) with the core iron loss value calcu­ lated by an electromagnetic field analysis technique of Nippon Steel.,12324,12330,,,50H270,,,50H270
10,rotating iron loss simulator,TEST_METHOD,,Table 2 compares the iron loss measurement result when a stator core that was made by punching a 50H270 material was tested with a rotating iron loss simulator 12) with the core iron loss value calcu­ lated by an electromagnetic field analysis technique of Nippon Steel.,12358,12386,,,rotating iron loss simulator,,,rotating iron loss simulator
10,Nippon Steel,PRODUCER,,Table 2 compares the iron loss measurement result when a stator core that was made by punching a 50H270 material was tested with a rotating iron loss simulator 12) with the core iron loss value calcu­ lated by an electromagnetic field analysis technique of Nippon Steel.,12484,12496,,,Nippon Steel,,,Nippon Steel
10,anisotropy,PROCESSING,,The influence of the anisotropy of the material is rather small at approximately 10% for this motor core.,13429,13439,,,anisotropy,,,anisotropy
10,stator core,APPLICATION,,"However, for a stator core for an EV/HEV, a segment core may sometimes be used.",13529,13540,,,stator core,,,stator core
10,EV,APPLICATION,,"However, for a stator core for an EV/HEV, a segment core may sometimes be used.",13548,13550,,,EV,,,EV
10,HEV,APPLICATION,,"However, for a stator core for an EV/HEV, a segment core may sometimes be used.",13551,13554,,,HEV,,,HEV
10,segment core,APPLICATION,,"However, for a stator core for an EV/HEV, a segment core may sometimes be used.",13558,13570,,,segment core,,,segment core
10,anisotropy,PROCESSING,,"In such a case, the influence on the iron loss value may be larger depending on the relationship between the main flux of the core and the magnetic anisotropy of the electric steel sheet.",13742,13752,,,anisotropy,,,anisotropy
10,anisotropy,PROCESSING,,Electro­ magnetic field analysis can be used to find an appropriate combina­ tion of the shape of a core and magnetic anisotropy.,13900,13910,,,anisotropy,,,anisotropy
10,EV,APPLICATION,,"In addition, EV traction motors and high-efficiency air condi­ tioner motors are driven by power supplied from inverters.",13925,13927,,,EV,,,EV
10,35A210,GRADE,UNSPECIFIED,"Ring samples (outer diameter: 47 mm, inner diameter: 33 mm, and core thickness: 7 mm) for which electrical steel sheets in four steel grades (35A210, 35A300, 50A470, and 50A1300) were used as iron cores were made.",14418,14424,,,35A210,,,35A210
10,35A300,GRADE,UNSPECIFIED,"Ring samples (outer diameter: 47 mm, inner diameter: 33 mm, and core thickness: 7 mm) for which electrical steel sheets in four steel grades (35A210, 35A300, 50A470, and 50A1300) were used as iron cores were made.",14426,14432,,,35A300,,,35A300
10,50A470,GRADE,UNSPECIFIED,"Ring samples (outer diameter: 47 mm, inner diameter: 33 mm, and core thickness: 7 mm) for which electrical steel sheets in four steel grades (35A210, 35A300, 50A470, and 50A1300) were used as iron cores were made.",14434,14440,,,50A470,,,50A470
10,50A1300,GRADE,UNSPECIFIED,"Ring samples (outer diameter: 47 mm, inner diameter: 33 mm, and core thickness: 7 mm) for which electrical steel sheets in four steel grades (35A210, 35A300, 50A470, and 50A1300) were used as iron cores were made.",14446,14453,,,50A1300,,,50A1300
10,Nippon Steel,PRODUCER,,The values were compared with those calculated using Nippon Steel’s electromagnetic field analysis technique.,14693,14705,,,Nippon Steel,,,Nippon Steel
10,Nippon Steel,PRODUCER,,"Under such circumstances, the electrical steel sheet sector of Nippon Steel has been working so that magnetic properties provided to customers are traceable to the national measurement laboratories.",16597,16609,,,Nippon Steel,,,Nippon Steel
10,IEC 60404-2,STANDARD,,Property values of non-oriented electrical steel sheets are evalu­ ated in accordance with IEC 60404-2 (“Methods of measurement of the magnetic properties of electrical steel strip and sheet by means of an Epstein frame”).,16824,16835,,,IEC 60404-2,,,IEC 60404-2
10,Epstein frame,TEST_METHOD,,Property values of non-oriented electrical steel sheets are evalu­ ated in accordance with IEC 60404-2 (“Methods of measurement of the magnetic properties of electrical steel strip and sheet by means of an Epstein frame”).,16939,16952,,,Epstein frame,,,Epstein frame
10,Nippon Steel,PRODUCER,,"Since there is no such national measurement laboratory in Japan, Nippon Steel has obtained magnetic property reference samples from the aforementioned national laboratories and uses them to evaluate the accuracy of the in-house magnetic property measurement equip­ ment.",17394,17406,,,Nippon Steel,,,Nippon Steel
10,Nippon Steel,PRODUCER,,"In addition to that, Nippon Steel has obtained a Japan Accred­ itation Board (JAB) certification for JIS standards specifying mag­ netometry, and it is certified that Nippon Steel’s equipment, calibra­ tion, and management are appropriate.",17621,17633,,,Nippon Steel,,,Nippon Steel
10,Nippon Steel,PRODUCER,,"In addition to that, Nippon Steel has obtained a Japan Accred­ itation Board (JAB) certification for JIS standards specifying mag­ netometry, and it is certified that Nippon Steel’s equipment, calibra­ tion, and management are appropriate.",17767,17779,,,Nippon Steel,,,Nippon Steel
10,Nippon Steel,PRODUCER,,Nippon Steel will continue developing new high-performance electrical steel sheets in the future while taking into consideration motor manufacturer and customer needs.,17840,17852,,,Nippon Steel,,,Nippon Steel
10,EV,APPLICATION,,References 1) International Energy Agency (IEA): Global EV Outlook 2018.,19155,19157,,,EV,,,EV
10,Nippon Steel,PRODUCER,,"Nippon Steel Technology Co., Ltd.",21290,21302,,,Nippon Steel,,,Nippon Steel
13,texture,PROCESSING,,"The processing, microstructure, texture, and magnetic properties of electrical steels: A review Youliang He1 and Leo AI Kestens2,3 Abstract Electrical steels, also known as silicon steels, play an essential role in the generation, transmission, and use of electricity.",32,39,,,texture,,,texture
13,hot rolling,PROCESSING,,"Every processing step, from casting, hot rolling, cold rolling to annealing, introduces a speciﬁc microstructure and texture, which inﬂuences the microstructure and texture of next processing steps as well as the ﬁnal magnetic properties.",525,536,,,hot rolling,,,hot rolling
13,cold rolling,PROCESSING,,"Every processing step, from casting, hot rolling, cold rolling to annealing, introduces a speciﬁc microstructure and texture, which inﬂuences the microstructure and texture of next processing steps as well as the ﬁnal magnetic properties.",538,550,,,cold rolling,,,cold rolling
13,texture,PROCESSING,,"Every processing step, from casting, hot rolling, cold rolling to annealing, introduces a speciﬁc microstructure and texture, which inﬂuences the microstructure and texture of next processing steps as well as the ﬁnal magnetic properties.",605,612,,,texture,,,texture
13,texture,PROCESSING,,"Every processing step, from casting, hot rolling, cold rolling to annealing, introduces a speciﬁc microstructure and texture, which inﬂuences the microstructure and texture of next processing steps as well as the ﬁnal magnetic properties.",653,660,,,texture,,,texture
13,grain-oriented electrical steel,COMPETING_MATERIAL,,"In this paper, both types of electrical steel, i.e., grain-oriented electrical steel (GOES) and non-oriented electrical steel (NOES), are reviewed bearing in mind that NOES has perhaps received less attention till now.",780,811,,,grain-oriented electrical steel,,,grain-oriented electric steel
13,GOES,COMPETING_MATERIAL,,"In this paper, both types of electrical steel, i.e., grain-oriented electrical steel (GOES) and non-oriented electrical steel (NOES), are reviewed bearing in mind that NOES has perhaps received less attention till now.",813,817,,,GOES,,,grain-oriented electric steel
13,texture,PROCESSING,,The effect of each ther- momechanical processing step on the formation of the microstructure and texture of the ﬁnal electrical steel sheets is then scrutinised.,1200,1207,,,texture,,,texture
13,texture,PROCESSING,,The status and challenges in optimising the crystallographic texture of electrical steels are discussed.,1326,1333,,,texture,,,texture
13,grain-oriented electrical steel,COMPETING_MATERIAL,,"Keywords grain-oriented electrical steel, non-oriented electrical steel, magnetic properties, microstructure, crystallographic texture, hot rolling, cold rolling, recrystallisation, abnormal grain growth, phase transformation, electric motors, electric vehicles, transformers, generators Received: 21 August 2024; accepted: 14 January 2025 Introduction To reduce greenhouse gas (GHG) emissions and mitigate global warming, fossil fuels are to be substituted by other clean and sustainable energies, e.g., hydro, solar, wind, geo- thermal, tide, hydrogen, etc.",1489,1520,,,grain-oriented electrical steel,,,grain-oriented electric steel
13,texture,PROCESSING,,"Keywords grain-oriented electrical steel, non-oriented electrical steel, magnetic properties, microstructure, crystallographic texture, hot rolling, cold rolling, recrystallisation, abnormal grain growth, phase transformation, electric motors, electric vehicles, transformers, generators Received: 21 August 2024; accepted: 14 January 2025 Introduction To reduce greenhouse gas (GHG) emissions and mitigate global warming, fossil fuels are to be substituted by other clean and sustainable energies, e.g., hydro, solar, wind, geo- thermal, tide, hydrogen, etc.",1607,1614,,,texture,,,texture
13,hot rolling,PROCESSING,,"Keywords grain-oriented electrical steel, non-oriented electrical steel, magnetic properties, microstructure, crystallographic texture, hot rolling, cold rolling, recrystallisation, abnormal grain growth, phase transformation, electric motors, electric vehicles, transformers, generators Received: 21 August 2024; accepted: 14 January 2025 Introduction To reduce greenhouse gas (GHG) emissions and mitigate global warming, fossil fuels are to be substituted by other clean and sustainable energies, e.g., hydro, solar, wind, geo- thermal, tide, hydrogen, etc.",1616,1627,,,hot rolling,,,hot rolling
13,cold rolling,PROCESSING,,"Keywords grain-oriented electrical steel, non-oriented electrical steel, magnetic properties, microstructure, crystallographic texture, hot rolling, cold rolling, recrystallisation, abnormal grain growth, phase transformation, electric motors, electric vehicles, transformers, generators Received: 21 August 2024; accepted: 14 January 2025 Introduction To reduce greenhouse gas (GHG) emissions and mitigate global warming, fossil fuels are to be substituted by other clean and sustainable energies, e.g., hydro, solar, wind, geo- thermal, tide, hydrogen, etc.",1629,1641,,,cold rolling,,,cold rolling
13,recrystallisation,PROCESSING,,"Keywords grain-oriented electrical steel, non-oriented electrical steel, magnetic properties, microstructure, crystallographic texture, hot rolling, cold rolling, recrystallisation, abnormal grain growth, phase transformation, electric motors, electric vehicles, transformers, generators Received: 21 August 2024; accepted: 14 January 2025 Introduction To reduce greenhouse gas (GHG) emissions and mitigate global warming, fossil fuels are to be substituted by other clean and sustainable energies, e.g., hydro, solar, wind, geo- thermal, tide, hydrogen, etc.",1643,1660,,,recrystallisation,,,recrystallisation
13,grain growth,PROCESSING,,"Keywords grain-oriented electrical steel, non-oriented electrical steel, magnetic properties, microstructure, crystallographic texture, hot rolling, cold rolling, recrystallisation, abnormal grain growth, phase transformation, electric motors, electric vehicles, transformers, generators Received: 21 August 2024; accepted: 14 January 2025 Introduction To reduce greenhouse gas (GHG) emissions and mitigate global warming, fossil fuels are to be substituted by other clean and sustainable energies, e.g., hydro, solar, wind, geo- thermal, tide, hydrogen, etc.",1671,1683,,,grain growth,,,grain growth
13,EV,APPLICATION,,"More recently, as vehicle electri- ﬁcation gains momentum in the transportation sector, it is projected that the demands for electrical steels will signiﬁ- cantly increase, mostly driven by the demand in traction motors for electric vehicles (EV) and the need to build more power plants and charging stations.2 Electrical steels are used in electromagnetic devices to conduct and amplify magnetic ﬂux to enable efﬁcient energy conversion.",2648,2650,,,EV,,,EV
13,texture,PROCESSING,,"Both the core loss and magnetic permeability are structure sensitive prop- erties,3 implying that in addition to the chemical compos- ition, the microstructure, impurities, and crystallographic texture also signiﬁcantly affect the magnetic properties.",3301,3308,,,texture,,,texture
13,GOES,COMPETING_MATERIAL,,"There are two types of electrical steel: grain-oriented elec- trical steel (GOES), also known as grain-oriented (GO) silicon steel, and non-oriented electrical steel (NOES), also known as non-grain oriented (NGO) silicon steel.",4397,4401,,,GOES,,,grain-oriented electric steel
13,GOES,COMPETING_MATERIAL,,"GOES has a unique Goss orientation ({011}<100>) in the ﬁnal microstructure (with a grain size in centimetres), which is suitable for the manufacturing of transformer cores (static equipment).",4549,4553,,,GOES,,,grain-oriented electric steel
13,GOES,COMPETING_MATERIAL,,"As a result, the processing procedures for GOES and NOES are different, although the chemistry of the two types of elec- trical steel may be very similar.",5183,5187,,,GOES,,,grain-oriented electric steel
13,GOES,COMPETING_MATERIAL,,"Although NOES has been in use since around 1850, much earlier than GOES (since around 1935), the research on GOES has a longer history and obtained much more attention than NOES.",5362,5366,,,GOES,,,grain-oriented electric steel
13,GOES,COMPETING_MATERIAL,,"Although NOES has been in use since around 1850, much earlier than GOES (since around 1935), the research on GOES has a longer history and obtained much more attention than NOES.",5404,5408,,,GOES,,,grain-oriented electric steel
13,GOES,COMPETING_MATERIAL,,"The research on GOES dated back to the 1930’s when the well-known Goss method was developed and patented.4 Since then, slightly different pro- duction methods have been developed by several compan- ies based on the Goss concept to produce the {110}<100> (Goss) texture in GOES, and many scientiﬁc papers have also been published trying to understand the mechanisms governing the formation of the unique Goss texture, espe- cially the abnormal grain growth (AGG) of the Goss grains during secondary recrystallisation.5–7 NOES did not get as much scientiﬁc attention as GOES, mainly because the magnetisation of NOES is multidirectional (the anisotropy among various directions is not as large as in GOES) and there is not a strong demand to develop uni- directionally oriented grains in this steel.",5490,5494,,,GOES,,,grain-oriented electric steel
13,texture,PROCESSING,,"The research on GOES dated back to the 1930’s when the well-known Goss method was developed and patented.4 Since then, slightly different pro- duction methods have been developed by several compan- ies based on the Goss concept to produce the {110}<100> (Goss) texture in GOES, and many scientiﬁc papers have also been published trying to understand the mechanisms governing the formation of the unique Goss texture, espe- cially the abnormal grain growth (AGG) of the Goss grains during secondary recrystallisation.5–7 NOES did not get as much scientiﬁc attention as GOES, mainly because the magnetisation of NOES is multidirectional (the anisotropy among various directions is not as large as in GOES) and there is not a strong demand to develop uni- directionally oriented grains in this steel.",5735,5742,,,texture,,,texture
13,GOES,COMPETING_MATERIAL,,"The research on GOES dated back to the 1930’s when the well-known Goss method was developed and patented.4 Since then, slightly different pro- duction methods have been developed by several compan- ies based on the Goss concept to produce the {110}<100> (Goss) texture in GOES, and many scientiﬁc papers have also been published trying to understand the mechanisms governing the formation of the unique Goss texture, espe- cially the abnormal grain growth (AGG) of the Goss grains during secondary recrystallisation.5–7 NOES did not get as much scientiﬁc attention as GOES, mainly because the magnetisation of NOES is multidirectional (the anisotropy among various directions is not as large as in GOES) and there is not a strong demand to develop uni- directionally oriented grains in this steel.",5746,5750,,,GOES,,,grain-oriented electric steel
13,Goss texture,PROCESSING,,"The research on GOES dated back to the 1930’s when the well-known Goss method was developed and patented.4 Since then, slightly different pro- duction methods have been developed by several compan- ies based on the Goss concept to produce the {110}<100> (Goss) texture in GOES, and many scientiﬁc papers have also been published trying to understand the mechanisms governing the formation of the unique Goss texture, espe- cially the abnormal grain growth (AGG) of the Goss grains during secondary recrystallisation.5–7 NOES did not get as much scientiﬁc attention as GOES, mainly because the magnetisation of NOES is multidirectional (the anisotropy among various directions is not as large as in GOES) and there is not a strong demand to develop uni- directionally oriented grains in this steel.",5877,5889,,,Goss texture,,,Goss texture
13,grain growth,PROCESSING,,"The research on GOES dated back to the 1930’s when the well-known Goss method was developed and patented.4 Since then, slightly different pro- duction methods have been developed by several compan- ies based on the Goss concept to produce the {110}<100> (Goss) texture in GOES, and many scientiﬁc papers have also been published trying to understand the mechanisms governing the formation of the unique Goss texture, espe- cially the abnormal grain growth (AGG) of the Goss grains during secondary recrystallisation.5–7 NOES did not get as much scientiﬁc attention as GOES, mainly because the magnetisation of NOES is multidirectional (the anisotropy among various directions is not as large as in GOES) and there is not a strong demand to develop uni- directionally oriented grains in this steel.",5917,5929,,,grain growth,,,grain growth
13,GOES,COMPETING_MATERIAL,,"The research on GOES dated back to the 1930’s when the well-known Goss method was developed and patented.4 Since then, slightly different pro- duction methods have been developed by several compan- ies based on the Goss concept to produce the {110}<100> (Goss) texture in GOES, and many scientiﬁc papers have also been published trying to understand the mechanisms governing the formation of the unique Goss texture, espe- cially the abnormal grain growth (AGG) of the Goss grains during secondary recrystallisation.5–7 NOES did not get as much scientiﬁc attention as GOES, mainly because the magnetisation of NOES is multidirectional (the anisotropy among various directions is not as large as in GOES) and there is not a strong demand to develop uni- directionally oriented grains in this steel.",6042,6046,,,GOES,,,grain-oriented electric steel
13,anisotropy,PROCESSING,,"The research on GOES dated back to the 1930’s when the well-known Goss method was developed and patented.4 Since then, slightly different pro- duction methods have been developed by several compan- ies based on the Goss concept to produce the {110}<100> (Goss) texture in GOES, and many scientiﬁc papers have also been published trying to understand the mechanisms governing the formation of the unique Goss texture, espe- cially the abnormal grain growth (AGG) of the Goss grains during secondary recrystallisation.5–7 NOES did not get as much scientiﬁc attention as GOES, mainly because the magnetisation of NOES is multidirectional (the anisotropy among various directions is not as large as in GOES) and there is not a strong demand to develop uni- directionally oriented grains in this steel.",6114,6124,,,anisotropy,,,anisotropy
13,GOES,COMPETING_MATERIAL,,"The research on GOES dated back to the 1930’s when the well-known Goss method was developed and patented.4 Since then, slightly different pro- duction methods have been developed by several compan- ies based on the Goss concept to produce the {110}<100> (Goss) texture in GOES, and many scientiﬁc papers have also been published trying to understand the mechanisms governing the formation of the unique Goss texture, espe- cially the abnormal grain growth (AGG) of the Goss grains during secondary recrystallisation.5–7 NOES did not get as much scientiﬁc attention as GOES, mainly because the magnetisation of NOES is multidirectional (the anisotropy among various directions is not as large as in GOES) and there is not a strong demand to develop uni- directionally oriented grains in this steel.",6172,6176,,,GOES,,,grain-oriented electric steel
13,GOES,COMPETING_MATERIAL,,"From a practical point of view, producing steel sheets having uniform and optimum magnetic properties in all directions in the steel sheets (as required in NOES) is more challenging than pro- ducing sheets having optimum properties in only one direc- tion (as in GOES).",6535,6539,,,GOES,,,grain-oriented electric steel
13,texture,PROCESSING,,"This is because, during the production of electrical steels, almost all the processing steps tend to form preferred crystal orientations (textures) instead of random orientations in the material, and these textures are normally not the desired <001>//ND (normal direction) texture for NOES.",6815,6822,,,texture,,,texture
13,texture,PROCESSING,,How to obtain a ﬁnal texture with the <100> easy axes uniformly distributed in all directions of the steel sheet has been the topic of numerous investigations.,6854,6861,,,texture,,,texture
13,texture,PROCESSING,,"Although texture control is critical to both types of elec- trical steel, the focus is different between GOES and NOES.",7145,7152,,,texture,,,texture
13,GOES,COMPETING_MATERIAL,,"Although texture control is critical to both types of elec- trical steel, the focus is different between GOES and NOES.",7241,7245,,,GOES,,,grain-oriented electric steel
13,GOES,COMPETING_MATERIAL,,"In GOES processing, producing a sharp Goss texture in the ﬁnal sheet is the main goal to achieve excellent magnetic permeability, while in NOES, both the microstructure (grain size) and texture should be optimised to minimise the core loss.",7259,7263,,,GOES,,,grain-oriented electric steel
13,Goss texture,PROCESSING,,"In GOES processing, producing a sharp Goss texture in the ﬁnal sheet is the main goal to achieve excellent magnetic permeability, while in NOES, both the microstructure (grain size) and texture should be optimised to minimise the core loss.",7294,7306,,,Goss texture,,,Goss texture
13,texture,PROCESSING,,"In GOES processing, producing a sharp Goss texture in the ﬁnal sheet is the main goal to achieve excellent magnetic permeability, while in NOES, both the microstructure (grain size) and texture should be optimised to minimise the core loss.",7442,7449,,,texture,,,texture
13,stamping,PROCESSING,,"After the steel sheets are produced, the core manufacturing processes, e.g., stamping, interlocking, assembling, etc., can also affect the magnetic properties of the steel core; thus, they should also be carefully con- trolled to deliver the best performance to the ﬁnal electro- magnetic devices.",7574,7582,,,stamping,,,stamping
13,interlocking,PROCESSING,,"After the steel sheets are produced, the core manufacturing processes, e.g., stamping, interlocking, assembling, etc., can also affect the magnetic properties of the steel core; thus, they should also be carefully con- trolled to deliver the best performance to the ﬁnal electro- magnetic devices.",7584,7596,,,interlocking,,,interlocking
13,GOES,COMPETING_MATERIAL,,"This review will cover all the processing steps for both GOES and NOES and evaluate the evolution of microstructure and texture from casting, rolling, to ﬁnal annealing.",7852,7856,,,GOES,,,grain-oriented electric steel
13,texture,PROCESSING,,"This review will cover all the processing steps for both GOES and NOES and evaluate the evolution of microstructure and texture from casting, rolling, to ﬁnal annealing.",7915,7922,,,texture,,,texture
13,GOES,COMPETING_MATERIAL,,"The status of current research and development in both GOES and NOES is discussed, and the future research directions are pointed out.",8020,8024,,,GOES,,,grain-oriented electric steel
13,anisotropy,PROCESSING,,The rotation of domains is associated with the increase of the magnetocrystalline anisotropy energy (MAE) −the energy needed to deﬂect the magnetic moment from an easy direction to a hard,10971,10981,,,anisotropy,,,anisotropy
13,anisotropy,PROCESSING,,"(1) where k0 is a constant independent of the crystal orienta- tions, k1 and k2 are the ﬁrst- and second- order magneto- crystalline anisotropy constants, respectively.",11498,11508,,,anisotropy,,,anisotropy
13,anisotropy,PROCESSING,,"The term: A(⃗h) = cos2αcos2β + cos2βcos2γ + cos2γcos2α (2) is called the anisotropy parameter,16,17 which directly cor- relates the crystallographic texture to the magnetocrystal- line anisotropy energy.",11607,11617,,,anisotropy,,,anisotropy
13,texture,PROCESSING,,"The term: A(⃗h) = cos2αcos2β + cos2βcos2γ + cos2γcos2α (2) is called the anisotropy parameter,16,17 which directly cor- relates the crystallographic texture to the magnetocrystal- line anisotropy energy.",11683,11690,,,texture,,,texture
13,anisotropy,PROCESSING,,"The term: A(⃗h) = cos2αcos2β + cos2βcos2γ + cos2γcos2α (2) is called the anisotropy parameter,16,17 which directly cor- relates the crystallographic texture to the magnetocrystal- line anisotropy energy.",11719,11729,,,anisotropy,,,anisotropy
13,texture,PROCESSING,,"= min(α, β, γ) (3) The orientation averaged value of Aθ(g) for an arbitrary magnetic ﬁeld direction θ, considering the volume fraction of each texture component, is called the texture parameter.",12207,12214,,,texture,,,texture
13,texture,PROCESSING,,"= min(α, β, γ) (3) The orientation averaged value of Aθ(g) for an arbitrary magnetic ﬁeld direction θ, considering the volume fraction of each texture component, is called the texture parameter.",12240,12247,,,texture,,,texture
13,texture,PROCESSING,,"The smaller this parameter, the higher the magnetic quality of the texture.",12326,12333,,,texture,,,texture
13,texture,PROCESSING,,"Therefore, the magnetisation of ferromag- netic materials is highly dependent on the crystal orienta- tions (texture).",12444,12451,,,texture,,,texture
13,texture,PROCESSING,,"This can be achieved by aligning the <100> lattice direction to the rolling direc- tion (RD), i.e., forming a <100>//RD texture.",12726,12733,,,texture,,,texture
13,Goss texture,PROCESSING,,"Although any orientations with the <100> directions parallel to the RD can fulﬁl this requirement, e.g., {001}<100> (cube), {012}<100>, {011}<100> (Goss), etc., up to now, only the Goss texture (Figure 2(e)) has been successfully pro- duced in mass production.",12916,12928,,,Goss texture,,,Goss texture
13,texture,PROCESSING,,"For electric motors and genera- tors, since the magnetisation direction rotates in the sheet plane (Figure 2(c)), a texture with the <100> directions par- allel to the sheet plane is required, i.e., a <001>//ND ﬁbre texture is ideal for NOES, Figure 2(f).",13112,13119,,,texture,,,texture
13,texture,PROCESSING,,"For electric motors and genera- tors, since the magnetisation direction rotates in the sheet plane (Figure 2(c)), a texture with the <100> directions par- allel to the sheet plane is required, i.e., a <001>//ND ﬁbre texture is ideal for NOES, Figure 2(f).",13212,13219,,,texture,,,texture
13,GOES,COMPETING_MATERIAL,,"Schematic illustration of the relationship between the crystal orientation and the magnetisation direction (H) in electrical steels: (a) the angles between the magnetisation direction and the crystal easy axes, (b) the magnetisation direction in GOES core for transformers, (c) the rotating magnetisation directions in NOES core for electric motors and generators, (d) motor/generator lami- nates cut from NOES sheets, (e) desired texture for GOES, (f) desired texture for NOES.",16404,16408,,,GOES,,,grain-oriented electric steel
13,generator,APPLICATION,,"Schematic illustration of the relationship between the crystal orientation and the magnetisation direction (H) in electrical steels: (a) the angles between the magnetisation direction and the crystal easy axes, (b) the magnetisation direction in GOES core for transformers, (c) the rotating magnetisation directions in NOES core for electric motors and generators, (d) motor/generator lami- nates cut from NOES sheets, (e) desired texture for GOES, (f) desired texture for NOES.",16533,16542,,,generator,,,generator
13,texture,PROCESSING,,"Schematic illustration of the relationship between the crystal orientation and the magnetisation direction (H) in electrical steels: (a) the angles between the magnetisation direction and the crystal easy axes, (b) the magnetisation direction in GOES core for transformers, (c) the rotating magnetisation directions in NOES core for electric motors and generators, (d) motor/generator lami- nates cut from NOES sheets, (e) desired texture for GOES, (f) desired texture for NOES.",16589,16596,,,texture,,,texture
13,GOES,COMPETING_MATERIAL,,"Schematic illustration of the relationship between the crystal orientation and the magnetisation direction (H) in electrical steels: (a) the angles between the magnetisation direction and the crystal easy axes, (b) the magnetisation direction in GOES core for transformers, (c) the rotating magnetisation directions in NOES core for electric motors and generators, (d) motor/generator lami- nates cut from NOES sheets, (e) desired texture for GOES, (f) desired texture for NOES.",16601,16605,,,GOES,,,grain-oriented electric steel
13,texture,PROCESSING,,"Schematic illustration of the relationship between the crystal orientation and the magnetisation direction (H) in electrical steels: (a) the angles between the magnetisation direction and the crystal easy axes, (b) the magnetisation direction in GOES core for transformers, (c) the rotating magnetisation directions in NOES core for electric motors and generators, (d) motor/generator lami- nates cut from NOES sheets, (e) desired texture for GOES, (f) desired texture for NOES.",16619,16626,,,texture,,,texture
13,texture,PROCESSING,,"356 International Materials Reviews 70(5) permeability, which in turn is dependent on the chemistry, microstructure, and crystallographic texture.",16818,16825,,,texture,,,texture
13,texture,PROCESSING,,"All of these are not only deter- mined by the chemistry of the electrical steel, but also by the ﬁnal microstructure and texture, which are highly affected by the thermomechanical processing procedures employed to produce the ﬁnal steel sheets.",18734,18741,,,texture,,,texture
13,texture,PROCESSING,,"In the following, the evolution of microstructure and texture during the pro- cessing of both GOES and NOES is reviewed.",18912,18919,,,texture,,,texture
13,GOES,COMPETING_MATERIAL,,"In the following, the evolution of microstructure and texture during the pro- cessing of both GOES and NOES is reviewed.",18952,18956,,,GOES,,,grain-oriented electric steel
13,GOES,COMPETING_MATERIAL,,Overview of GOES processing Research on GOES started right after Goss ﬁled the patent ‘Grain oriented silicon steel’ in 19344 and Bozorth24 proved that the texture produced in Goss’s silicon iron was {011} <100>.,18991,18995,,,GOES,,,grain-oriented electric steel
13,GOES,COMPETING_MATERIAL,,Overview of GOES processing Research on GOES started right after Goss ﬁled the patent ‘Grain oriented silicon steel’ in 19344 and Bozorth24 proved that the texture produced in Goss’s silicon iron was {011} <100>.,19019,19023,,,GOES,,,grain-oriented electric steel
13,texture,PROCESSING,,Overview of GOES processing Research on GOES started right after Goss ﬁled the patent ‘Grain oriented silicon steel’ in 19344 and Bozorth24 proved that the texture produced in Goss’s silicon iron was {011} <100>.,19135,19142,,,texture,,,texture
13,recrystallisation,PROCESSING,,It was ﬁrst pointed out by Dunn25 that secondary recrystallisation was the metallurgical process responsible for the formation of the {011}<100> texture in GOES.,19241,19258,,,recrystallisation,,,recrystallisation
13,texture,PROCESSING,,It was ﬁrst pointed out by Dunn25 that secondary recrystallisation was the metallurgical process responsible for the formation of the {011}<100> texture in GOES.,19337,19344,,,texture,,,texture
13,GOES,COMPETING_MATERIAL,,It was ﬁrst pointed out by Dunn25 that secondary recrystallisation was the metallurgical process responsible for the formation of the {011}<100> texture in GOES.,19348,19352,,,GOES,,,grain-oriented electric steel
13,GOES,COMPETING_MATERIAL,,"Since then, a large volume of literature has appeared and several reviews have also been published dedicated to GOES, e.g.5,7,26–29",19466,19470,,,GOES,,,grain-oriented electric steel
13,GOES,COMPETING_MATERIAL,,"Until now, GOES and the formation mechanism of the Goss texture are still very much under debate, and it remains as a very attractive research area.",19677,19681,,,GOES,,,grain-oriented electric steel
13,Goss texture,PROCESSING,,"Until now, GOES and the formation mechanism of the Goss texture are still very much under debate, and it remains as a very attractive research area.",19717,19729,,,Goss texture,,,Goss texture
13,GOES,COMPETING_MATERIAL,,"GOES processing steps GOES sheets are produced through a complicated proced- ure including casting, high temperature reheating, hot rolling, hot band annealing (normalisation), cold rolling, primary annealing (decarbonisation), and ﬁnal annealing (secondary recrystallisation), see Figure 3.",19815,19819,,,GOES,,,grain-oriented electric steel
13,GOES,COMPETING_MATERIAL,,"GOES processing steps GOES sheets are produced through a complicated proced- ure including casting, high temperature reheating, hot rolling, hot band annealing (normalisation), cold rolling, primary annealing (decarbonisation), and ﬁnal annealing (secondary recrystallisation), see Figure 3.",19837,19841,,,GOES,,,grain-oriented electric steel
13,hot rolling,PROCESSING,,"GOES processing steps GOES sheets are produced through a complicated proced- ure including casting, high temperature reheating, hot rolling, hot band annealing (normalisation), cold rolling, primary annealing (decarbonisation), and ﬁnal annealing (secondary recrystallisation), see Figure 3.",19943,19954,,,hot rolling,,,hot rolling
13,hot band annealing,PROCESSING,,"GOES processing steps GOES sheets are produced through a complicated proced- ure including casting, high temperature reheating, hot rolling, hot band annealing (normalisation), cold rolling, primary annealing (decarbonisation), and ﬁnal annealing (secondary recrystallisation), see Figure 3.",19956,19974,,,hot band annealing,,,hot band annealing
13,cold rolling,PROCESSING,,"GOES processing steps GOES sheets are produced through a complicated proced- ure including casting, high temperature reheating, hot rolling, hot band annealing (normalisation), cold rolling, primary annealing (decarbonisation), and ﬁnal annealing (secondary recrystallisation), see Figure 3.",19992,20004,,,cold rolling,,,cold rolling
13,recrystallisation,PROCESSING,,"GOES processing steps GOES sheets are produced through a complicated proced- ure including casting, high temperature reheating, hot rolling, hot band annealing (normalisation), cold rolling, primary annealing (decarbonisation), and ﬁnal annealing (secondary recrystallisation), see Figure 3.",20073,20090,,,recrystallisation,,,recrystallisation
13,GOES,COMPETING_MATERIAL,,The largest dif- ference between the production of GOES and other steels (including NOES) is that secondary recrystallisation is required to obtain the unique Goss texture in the ﬁnal microstructure.,20158,20162,,,GOES,,,grain-oriented electric steel
13,recrystallisation,PROCESSING,,The largest dif- ference between the production of GOES and other steels (including NOES) is that secondary recrystallisation is required to obtain the unique Goss texture in the ﬁnal microstructure.,20215,20232,,,recrystallisation,,,recrystallisation
13,Goss texture,PROCESSING,,The largest dif- ference between the production of GOES and other steels (including NOES) is that secondary recrystallisation is required to obtain the unique Goss texture in the ﬁnal microstructure.,20266,20278,,,Goss texture,,,Goss texture
13,recrystallisation,PROCESSING,,"To initiate the AGG of Goss during second- ary recrystallisation, the Goss orientation must be present in the microstructure after primary recrystallisation, although only very few Goss grains (i.e., one out of a million)7 can abnormally grow.",20354,20371,,,recrystallisation,,,recrystallisation
13,recrystallisation,PROCESSING,,"To initiate the AGG of Goss during second- ary recrystallisation, the Goss orientation must be present in the microstructure after primary recrystallisation, although only very few Goss grains (i.e., one out of a million)7 can abnormally grow.",20446,20463,,,recrystallisation,,,recrystallisation
13,hot rolling,PROCESSING,,"The Goss grains after primary recrystal- lisation are believed to originate from the hot rolling process due to the friction between the rolls and the steel30,31 and are retained after cold rolling.32 The investiga- tion on texture evolution in GOES is mainly focused on the ﬁnal high-temperature annealing process, i.e., the AGG of Goss.",20636,20647,,,hot rolling,,,hot rolling
13,texture evolution,PROCESSING,,"The Goss grains after primary recrystal- lisation are believed to originate from the hot rolling process due to the friction between the rolls and the steel30,31 and are retained after cold rolling.32 The investiga- tion on texture evolution in GOES is mainly focused on the ﬁnal high-temperature annealing process, i.e., the AGG of Goss.",20775,20792,,,texture evolution,,,texture evolution
13,GOES,COMPETING_MATERIAL,,"The Goss grains after primary recrystal- lisation are believed to originate from the hot rolling process due to the friction between the rolls and the steel30,31 and are retained after cold rolling.32 The investiga- tion on texture evolution in GOES is mainly focused on the ﬁnal high-temperature annealing process, i.e., the AGG of Goss.",20796,20800,,,GOES,,,grain-oriented electric steel
13,texture,PROCESSING,,"One of the most important aspects of texture control in the production of GOES is the controlled precipi- tation of ﬁnely dispersed second-phase particles (size <100 nm)33 in the steel, which serve as inhibitors to prevent the growth of recrystallised grains during primary recrystallisation.",20927,20934,,,texture,,,texture
13,GOES,COMPETING_MATERIAL,,"One of the most important aspects of texture control in the production of GOES is the controlled precipi- tation of ﬁnely dispersed second-phase particles (size <100 nm)33 in the steel, which serve as inhibitors to prevent the growth of recrystallised grains during primary recrystallisation.",20964,20968,,,GOES,,,grain-oriented electric steel
13,recrystallisation,PROCESSING,,"One of the most important aspects of texture control in the production of GOES is the controlled precipi- tation of ﬁnely dispersed second-phase particles (size <100 nm)33 in the steel, which serve as inhibitors to prevent the growth of recrystallised grains during primary recrystallisation.",21164,21181,,,recrystallisation,,,recrystallisation
13,recrystallisation,PROCESSING,,"During secondary recrystallisation, the inhibitors initially prohibit the normal growth of the primary recrystallised grains (by pinning the grain boundar- ies) but selectively promote the AGG of Goss grains in later stages (after they are dissolved).",21200,21217,,,recrystallisation,,,recrystallisation
13,GOES,COMPETING_MATERIAL,,The steel’s chemistry plays an important role in determining the processing routes adopted for GOES production.,21530,21534,,,GOES,,,grain-oriented electric steel
13,GOES,COMPETING_MATERIAL,,"Chemistry of GOES Silicon is the main alloying element added in GOES to reduce the core loss, since it is the most efﬁcient element to increase the electrical resistivity of the steel which reduces the eddy current loss (Eq. 5).",21560,21564,,,GOES,,,grain-oriented electric steel
13,GOES,COMPETING_MATERIAL,,"Chemistry of GOES Silicon is the main alloying element added in GOES to reduce the core loss, since it is the most efﬁcient element to increase the electrical resistivity of the steel which reduces the eddy current loss (Eq. 5).",21611,21615,,,GOES,,,grain-oriented electric steel
13,GOES,COMPETING_MATERIAL,,"Therefore, the silicon content in GOES is normally below 3.30%, although 6.5% (the theoretical optimum due to a zero magnetostriction and a minimum loss)3 or higher silicon steels have been investigated in laboratories.34 To form the desired ﬁnal Goss texture in GOES, appro- priate inhibitors need to be precipitated at the right stage, which must be strictly controlled to ensure ﬁne particle size, enough density, proper morphology, and uniform dis-",22167,22171,,,GOES,,,grain-oriented electric steel
13,Goss texture,PROCESSING,,"Therefore, the silicon content in GOES is normally below 3.30%, although 6.5% (the theoretical optimum due to a zero magnetostriction and a minimum loss)3 or higher silicon steels have been investigated in laboratories.34 To form the desired ﬁnal Goss texture in GOES, appro- priate inhibitors need to be precipitated at the right stage, which must be strictly controlled to ensure ﬁne particle size, enough density, proper morphology, and uniform dis-",22380,22392,,,Goss texture,,,Goss texture
13,GOES,COMPETING_MATERIAL,,"Therefore, the silicon content in GOES is normally below 3.30%, although 6.5% (the theoretical optimum due to a zero magnetostriction and a minimum loss)3 or higher silicon steels have been investigated in laboratories.34 To form the desired ﬁnal Goss texture in GOES, appro- priate inhibitors need to be precipitated at the right stage, which must be strictly controlled to ensure ﬁne particle size, enough density, proper morphology, and uniform dis-",22396,22400,,,GOES,,,grain-oriented electric steel
13,GOES,COMPETING_MATERIAL,,"In traditional GOES processing, the inhibitor is He and Kestens 357 MnS, which is the reaction product of Mn and S in the steel.",22614,22618,,,GOES,,,grain-oriented electric steel
13,GOES,COMPETING_MATERIAL,,Other alloying elements are also added to GOES to form different inhibitors.,22770,22774,,,GOES,,,grain-oriented electric steel
13,GOES,COMPETING_MATERIAL,,Table 1 lists common alloying (or residual) elements in GOES and the optimal amounts as given in the literature.,22861,22865,,,GOES,,,grain-oriented electric steel
13,GOES,COMPETING_MATERIAL,,Carbon is not desired in the ﬁnal GOES sheets since it will cause magnetic aging by forming carbide precipitation.,22952,22956,,,GOES,,,grain-oriented electric steel
13,GOES,COMPETING_MATERIAL,,"However, it is traditionally added to GOES to prevent the excess growth of the grains during reheating, reﬁne the hot-rolled microstructure by dynamic recrystallisation,5 and enable an austenite phase in steel with high silicon content (> 2.5%) to control the microstructure during hot rolling through phase transformation since carbon can extend the austenite region of high-silicon steel,3 which can have a signiﬁcant effect on the AGG of Goss during secondary recrystallisation.",23071,23075,,,GOES,,,grain-oriented electric steel
13,hot rolling,PROCESSING,,"However, it is traditionally added to GOES to prevent the excess growth of the grains during reheating, reﬁne the hot-rolled microstructure by dynamic recrystallisation,5 and enable an austenite phase in steel with high silicon content (> 2.5%) to control the microstructure during hot rolling through phase transformation since carbon can extend the austenite region of high-silicon steel,3 which can have a signiﬁcant effect on the AGG of Goss during secondary recrystallisation.",23315,23326,,,hot rolling,,,hot rolling
13,recrystallisation,PROCESSING,,"However, it is traditionally added to GOES to prevent the excess growth of the grains during reheating, reﬁne the hot-rolled microstructure by dynamic recrystallisation,5 and enable an austenite phase in steel with high silicon content (> 2.5%) to control the microstructure during hot rolling through phase transformation since carbon can extend the austenite region of high-silicon steel,3 which can have a signiﬁcant effect on the AGG of Goss during secondary recrystallisation.",23496,23513,,,recrystallisation,,,recrystallisation
13,GOES,COMPETING_MATERIAL,,"Although carbides are not com- monly used as inhibitors in GOES processing, NbC and Nb(C, N) have been reported to be suitable for use as inhi- bitors in GOES.33 Thus, the initial carbon in GOES is usually much higher than in NOES.",23574,23578,,,GOES,,,grain-oriented electric steel
13,GOES,COMPETING_MATERIAL,,"Although carbides are not com- monly used as inhibitors in GOES processing, NbC and Nb(C, N) have been reported to be suitable for use as inhi- bitors in GOES.33 Thus, the initial carbon in GOES is usually much higher than in NOES.",23705,23709,,,GOES,,,grain-oriented electric steel
13,GOES,COMPETING_MATERIAL,,Manganese is an important alloying element for GOES because of its role in forming the MnS inhibitor during the steel processing.,23945,23949,,,GOES,,,grain-oriented electric steel
13,GOES,COMPETING_MATERIAL,,"Although Mn also increases the resistivity of the steel, excessive Mn decreases the magnetic ﬂux density36 and deteriorates the adherence of the insulating coating.35 Thus, Mn is usually kept below ∼0.30% in GOES.",24320,24324,,,GOES,,,grain-oriented electric steel
13,GOES,COMPETING_MATERIAL,,"Aluminium is another important element in GOES, which is added to the steel to remove oxygen33 due to its superior deoxidising power.",24368,24372,,,GOES,,,grain-oriented electric steel
13,GOES,COMPETING_MATERIAL,,Soluble Al in the steel also plays a critical role in forming the inhibitor AlN in GOES.,24543,24547,,,GOES,,,grain-oriented electric steel
13,GOES,COMPETING_MATERIAL,,"Al increases the resist- ivity of the steel, like Si; thus, adding Al to GOES is usually advantageous, but normally only up to 0.019% if AlN is not the inhibitor.36 Excess amount of Al deteriorates the steel’s hot rollability.",24622,24626,,,GOES,,,grain-oriented electric steel
13,GOES,COMPETING_MATERIAL,,"However, for GOES with AlN as the inhibi- tor, Al can be added up to 0.05%.36 O, N, and S are impurity elements dissolved in the steel, which form oxides, nitrides, and sulﬁdes (>1 μm inclu- sions), respectively, with Si, Mn, Al, etc., and deteriorate Figure 3.",24789,24793,,,GOES,,,grain-oriented electric steel
13,GOES,COMPETING_MATERIAL,,Schematic illustration of the GOES processing steps.,25068,25072,,,GOES,,,grain-oriented electric steel
13,GOES,COMPETING_MATERIAL,,List of common alloying (or residual) elements in GOES (wt%).,25150,25154,,,GOES,,,grain-oriented electric steel
13,GOES,COMPETING_MATERIAL,,"358 International Materials Reviews 70(5) the microstructure and mechanical properties of the steel.33 However, nanosized (<100 nm) and well-dispersed precipi- tates such as MnS, AlN, and CuxS are required inhibitors for GOES processing.",26194,26198,,,GOES,,,grain-oriented electric steel
13,GOES,COMPETING_MATERIAL,,"The oxygen content is normally controlled within 0.001– 0.002% to reduce the harmful oxide inclusions.33 Selenium is an alternative element to S, which forms MnSe in GOES as an inhibitor.49 All the other elements such as Cu, Nb, Cr, Mo, Sb, Sn, Ni, B, and Bi, either added to the steel (to lower the reheating temperature and thus reducing the manufacturing costs) or as impurity elements in the steel, may form main inhibitors, auxiliary inhibitors, or promote grain boundary segregations,33 which may beneﬁt the steel processing to form the Goss texture.",26696,26700,,,GOES,,,grain-oriented electric steel
13,Goss texture,PROCESSING,,"The oxygen content is normally controlled within 0.001– 0.002% to reduce the harmful oxide inclusions.33 Selenium is an alternative element to S, which forms MnSe in GOES as an inhibitor.49 All the other elements such as Cu, Nb, Cr, Mo, Sb, Sn, Ni, B, and Bi, either added to the steel (to lower the reheating temperature and thus reducing the manufacturing costs) or as impurity elements in the steel, may form main inhibitors, auxiliary inhibitors, or promote grain boundary segregations,33 which may beneﬁt the steel processing to form the Goss texture.",27073,27085,,,Goss texture,,,Goss texture
13,GOES,COMPETING_MATERIAL,,Casting Continuous casting is the main technology currently employed for GOES production.,27160,27164,,,GOES,,,grain-oriented electric steel
13,texture,PROCESSING,,The texture in the columnar zone is mainly <100>//heat ﬂow direction.,27344,27351,,,texture,,,texture
13,continuous casting,PROCESSING,,"A major advancement in the continuous casting technology is the employment of electromagnetic stirring to reﬁne the casting microstructure and reduce segregation.50,51",27692,27710,,,continuous casting,,,continuous casting
13,hot rolling,PROCESSING,,"Starting from the 1980’s, Compact Strip Production (CSP) technology, also known as Thin Slab Casting and Rolling (TSCR),27,55–57 has been developed to integrate casting and hot rolling into a compact line so that the slab reheating and roughing can be eliminated, which has been used to produce thin slabs (50–90 mm) with reduced energy consumption and ﬁne and uniform primary recrystallisation microstructure.58,59 This technol- ogy has been successfully employed to produce electrical steels, which showed improved efﬁciency and product quality.27 Another casting technology that has been employed to produce GOES sheets is twin-roll casting (TRC),39,60–62 also known as twin-roll strip casting (TRSC), which can signiﬁcantly simplify the production procedures and shorten the production time by combining the casting and hot rolling into an integral process to produce very thin strips in the range of 1–10 mm.",28666,28677,,,hot rolling,,,hot rolling
13,recrystallisation,PROCESSING,,"Starting from the 1980’s, Compact Strip Production (CSP) technology, also known as Thin Slab Casting and Rolling (TSCR),27,55–57 has been developed to integrate casting and hot rolling into a compact line so that the slab reheating and roughing can be eliminated, which has been used to produce thin slabs (50–90 mm) with reduced energy consumption and ﬁne and uniform primary recrystallisation microstructure.58,59 This technol- ogy has been successfully employed to produce electrical steels, which showed improved efﬁciency and product quality.27 Another casting technology that has been employed to produce GOES sheets is twin-roll casting (TRC),39,60–62 also known as twin-roll strip casting (TRSC), which can signiﬁcantly simplify the production procedures and shorten the production time by combining the casting and hot rolling into an integral process to produce very thin strips in the range of 1–10 mm.",28870,28887,,,recrystallisation,,,recrystallisation
13,GOES,COMPETING_MATERIAL,,"Starting from the 1980’s, Compact Strip Production (CSP) technology, also known as Thin Slab Casting and Rolling (TSCR),27,55–57 has been developed to integrate casting and hot rolling into a compact line so that the slab reheating and roughing can be eliminated, which has been used to produce thin slabs (50–90 mm) with reduced energy consumption and ﬁne and uniform primary recrystallisation microstructure.58,59 This technol- ogy has been successfully employed to produce electrical steels, which showed improved efﬁciency and product quality.27 Another casting technology that has been employed to produce GOES sheets is twin-roll casting (TRC),39,60–62 also known as twin-roll strip casting (TRSC), which can signiﬁcantly simplify the production procedures and shorten the production time by combining the casting and hot rolling into an integral process to produce very thin strips in the range of 1–10 mm.",29104,29108,,,GOES,,,grain-oriented electric steel
13,twin-roll casting,PROCESSING,,"Starting from the 1980’s, Compact Strip Production (CSP) technology, also known as Thin Slab Casting and Rolling (TSCR),27,55–57 has been developed to integrate casting and hot rolling into a compact line so that the slab reheating and roughing can be eliminated, which has been used to produce thin slabs (50–90 mm) with reduced energy consumption and ﬁne and uniform primary recrystallisation microstructure.58,59 This technol- ogy has been successfully employed to produce electrical steels, which showed improved efﬁciency and product quality.27 Another casting technology that has been employed to produce GOES sheets is twin-roll casting (TRC),39,60–62 also known as twin-roll strip casting (TRSC), which can signiﬁcantly simplify the production procedures and shorten the production time by combining the casting and hot rolling into an integral process to produce very thin strips in the range of 1–10 mm.",29119,29136,,,twin-roll casting,,,twin-roll casting
13,strip casting,PROCESSING,,"Starting from the 1980’s, Compact Strip Production (CSP) technology, also known as Thin Slab Casting and Rolling (TSCR),27,55–57 has been developed to integrate casting and hot rolling into a compact line so that the slab reheating and roughing can be eliminated, which has been used to produce thin slabs (50–90 mm) with reduced energy consumption and ﬁne and uniform primary recrystallisation microstructure.58,59 This technol- ogy has been successfully employed to produce electrical steels, which showed improved efﬁciency and product quality.27 Another casting technology that has been employed to produce GOES sheets is twin-roll casting (TRC),39,60–62 also known as twin-roll strip casting (TRSC), which can signiﬁcantly simplify the production procedures and shorten the production time by combining the casting and hot rolling into an integral process to produce very thin strips in the range of 1–10 mm.",29176,29189,,,strip casting,,,strip casting
13,hot rolling,PROCESSING,,"Starting from the 1980’s, Compact Strip Production (CSP) technology, also known as Thin Slab Casting and Rolling (TSCR),27,55–57 has been developed to integrate casting and hot rolling into a compact line so that the slab reheating and roughing can be eliminated, which has been used to produce thin slabs (50–90 mm) with reduced energy consumption and ﬁne and uniform primary recrystallisation microstructure.58,59 This technol- ogy has been successfully employed to produce electrical steels, which showed improved efﬁciency and product quality.27 Another casting technology that has been employed to produce GOES sheets is twin-roll casting (TRC),39,60–62 also known as twin-roll strip casting (TRSC), which can signiﬁcantly simplify the production procedures and shorten the production time by combining the casting and hot rolling into an integral process to produce very thin strips in the range of 1–10 mm.",29317,29328,,,hot rolling,,,hot rolling
13,hot rolling,PROCESSING,,"It should be noted that the CSP technology still needs sepa- rated casting and hot rolling facilities (an equalising heating furnace is also needed), while in TRC, the casting (solidiﬁcation) and hot rolling are carried out in a single twin-roll caster.",29486,29497,,,hot rolling,,,hot rolling
13,hot rolling,PROCESSING,,"It should be noted that the CSP technology still needs sepa- rated casting and hot rolling facilities (an equalising heating furnace is also needed), while in TRC, the casting (solidiﬁcation) and hot rolling are carried out in a single twin-roll caster.",29603,29614,,,hot rolling,,,hot rolling
13,GOES,COMPETING_MATERIAL,,"Many papers have been published based on the results from pilot-scale TRC facilities, e.g.,.63–68 A few phenom- ena that are different from the conventional GOES process-",29818,29822,,,GOES,,,grain-oriented electric steel
13,strip casting,PROCESSING,,"ing have been identiﬁed63: i) coarse MnS particles (∼100 nm) are precipitated at the grain boundaries and sub- grain boundaries during the strip casting process, ii) ﬁne AlN particles (20–50 nm) are formed in the intermediately annealed sheet after ﬁrst cold rolling, iii) Goss nuclei for secondary recrystallisation originate from the intermediate annealing process (instead of hot rolling as in conventional GOES processing), iv) the carbon content can be very low and phase transformation is not required, since the precipi- tation of the ﬁne AlN particles is from the deformed ferrite grains with high dislocation density (not from the ferrite that is transformed from N-rich austenite).",29971,29984,,,strip casting,,,strip casting
13,cold rolling,PROCESSING,,"ing have been identiﬁed63: i) coarse MnS particles (∼100 nm) are precipitated at the grain boundaries and sub- grain boundaries during the strip casting process, ii) ﬁne AlN particles (20–50 nm) are formed in the intermediately annealed sheet after ﬁrst cold rolling, iii) Goss nuclei for secondary recrystallisation originate from the intermediate annealing process (instead of hot rolling as in conventional GOES processing), iv) the carbon content can be very low and phase transformation is not required, since the precipi- tation of the ﬁne AlN particles is from the deformed ferrite grains with high dislocation density (not from the ferrite that is transformed from N-rich austenite).",30086,30098,,,cold rolling,,,cold rolling
13,recrystallisation,PROCESSING,,"ing have been identiﬁed63: i) coarse MnS particles (∼100 nm) are precipitated at the grain boundaries and sub- grain boundaries during the strip casting process, ii) ﬁne AlN particles (20–50 nm) are formed in the intermediately annealed sheet after ﬁrst cold rolling, iii) Goss nuclei for secondary recrystallisation originate from the intermediate annealing process (instead of hot rolling as in conventional GOES processing), iv) the carbon content can be very low and phase transformation is not required, since the precipi- tation of the ﬁne AlN particles is from the deformed ferrite grains with high dislocation density (not from the ferrite that is transformed from N-rich austenite).",30131,30148,,,recrystallisation,,,recrystallisation
13,hot rolling,PROCESSING,,"ing have been identiﬁed63: i) coarse MnS particles (∼100 nm) are precipitated at the grain boundaries and sub- grain boundaries during the strip casting process, ii) ﬁne AlN particles (20–50 nm) are formed in the intermediately annealed sheet after ﬁrst cold rolling, iii) Goss nuclei for secondary recrystallisation originate from the intermediate annealing process (instead of hot rolling as in conventional GOES processing), iv) the carbon content can be very low and phase transformation is not required, since the precipi- tation of the ﬁne AlN particles is from the deformed ferrite grains with high dislocation density (not from the ferrite that is transformed from N-rich austenite).",30211,30222,,,hot rolling,,,hot rolling
13,GOES,COMPETING_MATERIAL,,"ing have been identiﬁed63: i) coarse MnS particles (∼100 nm) are precipitated at the grain boundaries and sub- grain boundaries during the strip casting process, ii) ﬁne AlN particles (20–50 nm) are formed in the intermediately annealed sheet after ﬁrst cold rolling, iii) Goss nuclei for secondary recrystallisation originate from the intermediate annealing process (instead of hot rolling as in conventional GOES processing), iv) the carbon content can be very low and phase transformation is not required, since the precipi- tation of the ﬁne AlN particles is from the deformed ferrite grains with high dislocation density (not from the ferrite that is transformed from N-rich austenite).",30242,30246,,,GOES,,,grain-oriented electric steel
13,ferrite,COMPETING_MATERIAL,,"ing have been identiﬁed63: i) coarse MnS particles (∼100 nm) are precipitated at the grain boundaries and sub- grain boundaries during the strip casting process, ii) ﬁne AlN particles (20–50 nm) are formed in the intermediately annealed sheet after ﬁrst cold rolling, iii) Goss nuclei for secondary recrystallisation originate from the intermediate annealing process (instead of hot rolling as in conventional GOES processing), iv) the carbon content can be very low and phase transformation is not required, since the precipi- tation of the ﬁne AlN particles is from the deformed ferrite grains with high dislocation density (not from the ferrite that is transformed from N-rich austenite).",30413,30420,,,ferrite,,,ferrite
13,ferrite,COMPETING_MATERIAL,,"ing have been identiﬁed63: i) coarse MnS particles (∼100 nm) are precipitated at the grain boundaries and sub- grain boundaries during the strip casting process, ii) ﬁne AlN particles (20–50 nm) are formed in the intermediately annealed sheet after ﬁrst cold rolling, iii) Goss nuclei for secondary recrystallisation originate from the intermediate annealing process (instead of hot rolling as in conventional GOES processing), iv) the carbon content can be very low and phase transformation is not required, since the precipi- tation of the ﬁne AlN particles is from the deformed ferrite grains with high dislocation density (not from the ferrite that is transformed from N-rich austenite).",30472,30479,,,ferrite,,,ferrite
13,recrystallisation,PROCESSING,,"Due to the rapid solidiﬁcation and fast cooling associated with the TRC process, ﬁne inhibitors (AlN) can be readily formed in the primary recrystallisation microstructure, which then enable the formation of the ﬁnal Goss texture in the steel after secondary recrystallisation.",30663,30680,,,recrystallisation,,,recrystallisation
13,Goss texture,PROCESSING,,"Due to the rapid solidiﬁcation and fast cooling associated with the TRC process, ﬁne inhibitors (AlN) can be readily formed in the primary recrystallisation microstructure, which then enable the formation of the ﬁnal Goss texture in the steel after secondary recrystallisation.",30741,30753,,,Goss texture,,,Goss texture
13,recrystallisation,PROCESSING,,"Due to the rapid solidiﬁcation and fast cooling associated with the TRC process, ﬁne inhibitors (AlN) can be readily formed in the primary recrystallisation microstructure, which then enable the formation of the ﬁnal Goss texture in the steel after secondary recrystallisation.",30783,30800,,,recrystallisation,,,recrystallisation
13,GOES,COMPETING_MATERIAL,,Slab reheating The inhibitors in GOES are the key to preventing regular grain growth during primary recrystallisation and select- ively promoting AGG of the Goss grains while prohibiting the growth of primary recrystallised grains in the early stage of secondary recrystallisation.,30835,30839,,,GOES,,,grain-oriented electric steel
13,grain growth,PROCESSING,,Slab reheating The inhibitors in GOES are the key to preventing regular grain growth during primary recrystallisation and select- ively promoting AGG of the Goss grains while prohibiting the growth of primary recrystallised grains in the early stage of secondary recrystallisation.,30874,30886,,,grain growth,,,grain growth
13,recrystallisation,PROCESSING,,Slab reheating The inhibitors in GOES are the key to preventing regular grain growth during primary recrystallisation and select- ively promoting AGG of the Goss grains while prohibiting the growth of primary recrystallised grains in the early stage of secondary recrystallisation.,30902,30919,,,recrystallisation,,,recrystallisation
13,recrystallisation,PROCESSING,,Slab reheating The inhibitors in GOES are the key to preventing regular grain growth during primary recrystallisation and select- ively promoting AGG of the Goss grains while prohibiting the growth of primary recrystallised grains in the early stage of secondary recrystallisation.,31065,31082,,,recrystallisation,,,recrystallisation
13,cold rolling,PROCESSING,,"In the original process developed by Goss, MnS was the inhibitor, and the cold rolling was performed in two stages with an intermediate annealing in between.",31364,31376,,,cold rolling,,,cold rolling
13,Nippon Steel,PRODUCER,,"Nippon Steel Corporation47,69 developed a different process which used AlN as the inhibitor and the cold rolling was performed in one stage.",31448,31460,,,Nippon Steel,,,Nippon Steel
13,cold rolling,PROCESSING,,"Nippon Steel Corporation47,69 developed a different process which used AlN as the inhibitor and the cold rolling was performed in one stage.",31548,31560,,,cold rolling,,,cold rolling
13,hot rolling,PROCESSING,,"In both cases, rapid cooling is needed to form the respective ﬁne inhibitor particles: in Goss’s process, rapid cooling is carried out before hot rolling, while in Nippon’s process, it is applied after hot rolling (Figure 3).",31731,31742,,,hot rolling,,,hot rolling
13,hot rolling,PROCESSING,,"In both cases, rapid cooling is needed to form the respective ﬁne inhibitor particles: in Goss’s process, rapid cooling is carried out before hot rolling, while in Nippon’s process, it is applied after hot rolling (Figure 3).",31791,31802,,,hot rolling,,,hot rolling
13,Goss texture,PROCESSING,,"To achieve the ﬁnal Goss texture by AGG, ﬁnely dispersed inhibitors should be reprecipitated at appropriate tempera- tures and with proper sizes and distributions.",31835,31847,,,Goss texture,,,Goss texture
13,GOES,COMPETING_MATERIAL,,"Al and N are to be controlled to 0.02–0.03% He and Kestens 359 and 0.006–0.01%, respectively,33 and the particle size should be within 20–50 nm.70 To reduce the energy consumption and manufacturing costs associated with the high-temperature slab reheating, lowering the slab reheating temperature has been an attract- ive research area for many GOES manufacturers.27",32563,32567,,,GOES,,,grain-oriented electric steel
13,recrystallisation,PROCESSING,,"The reheating temperature has been reduced to around 1250– 1280°C (close to the reheating temperature for conventional steel)35 and further to 1050–1250°C.36 At these tempera- tures, however, the traditional precipitates (MnS and AlN) cannot be ﬁnely dispersed in the material during secondary recrystallisation; thus, different precipitates and processes have been developed to obtain proper inhibitors for the sec- ondary recrystallisation.",32879,32896,,,recrystallisation,,,recrystallisation
13,recrystallisation,PROCESSING,,"The reheating temperature has been reduced to around 1250– 1280°C (close to the reheating temperature for conventional steel)35 and further to 1050–1250°C.36 At these tempera- tures, however, the traditional precipitates (MnS and AlN) cannot be ﬁnely dispersed in the material during secondary recrystallisation; thus, different precipitates and processes have been developed to obtain proper inhibitors for the sec- ondary recrystallisation.",33009,33026,,,recrystallisation,,,recrystallisation
13,recrystallisation,PROCESSING,,The ﬁnely and uniformly dispersed BN particles (particle size is about a few tens of nm) across the thickness enable a proper inhibiting force and a stable secondary recrystallisation to form the desired ﬁnal texture.,34341,34358,,,recrystallisation,,,recrystallisation
13,texture,PROCESSING,,The ﬁnely and uniformly dispersed BN particles (particle size is about a few tens of nm) across the thickness enable a proper inhibiting force and a stable secondary recrystallisation to form the desired ﬁnal texture.,34384,34391,,,texture,,,texture
13,Goss texture,PROCESSING,,"NbC, NbN, and Nb(C,N) have also been used as inhibitors in GOES,33,72,73 which not only lower the reheat- ing temperature (the dissolution temperatures of NbC and NbN are in the range of 1210–1240°C)33,74, but also produce a stronger Goss texture and decreases core loss as compared to GOES with MnS and AlN as inhibitors.",34627,34639,,,Goss texture,,,Goss texture
13,GOES,COMPETING_MATERIAL,,"NbC, NbN, and Nb(C,N) have also been used as inhibitors in GOES,33,72,73 which not only lower the reheat- ing temperature (the dissolution temperatures of NbC and NbN are in the range of 1210–1240°C)33,74, but also produce a stronger Goss texture and decreases core loss as compared to GOES with MnS and AlN as inhibitors.",34679,34683,,,GOES,,,grain-oriented electric steel
13,GOES,COMPETING_MATERIAL,,"In addition to the main inhibitors used in GOES process- ing, auxiliary inhibitors containing Cr, Nb, Sn, Ni, and Bi have also been used in the processing of GOES at low reheating temperatures.33,76 Adding Cr has been reported to form (Cr,Si)N after nitriding, which reﬁnes and homoge- nises the primary recrystallisation microstructure and reduces the grain size of the secondary recrystallisation microstructure, thus reducing the iron loss.33",34957,34961,,,GOES,,,grain-oriented electric steel
13,GOES,COMPETING_MATERIAL,,"In addition to the main inhibitors used in GOES process- ing, auxiliary inhibitors containing Cr, Nb, Sn, Ni, and Bi have also been used in the processing of GOES at low reheating temperatures.33,76 Adding Cr has been reported to form (Cr,Si)N after nitriding, which reﬁnes and homoge- nises the primary recrystallisation microstructure and reduces the grain size of the secondary recrystallisation microstructure, thus reducing the iron loss.33",35072,35076,,,GOES,,,grain-oriented electric steel
13,recrystallisation,PROCESSING,,"In addition to the main inhibitors used in GOES process- ing, auxiliary inhibitors containing Cr, Nb, Sn, Ni, and Bi have also been used in the processing of GOES at low reheating temperatures.33,76 Adding Cr has been reported to form (Cr,Si)N after nitriding, which reﬁnes and homoge- nises the primary recrystallisation microstructure and reduces the grain size of the secondary recrystallisation microstructure, thus reducing the iron loss.33",35218,35235,,,recrystallisation,,,recrystallisation
13,recrystallisation,PROCESSING,,"In addition to the main inhibitors used in GOES process- ing, auxiliary inhibitors containing Cr, Nb, Sn, Ni, and Bi have also been used in the processing of GOES at low reheating temperatures.33,76 Adding Cr has been reported to form (Cr,Si)N after nitriding, which reﬁnes and homoge- nises the primary recrystallisation microstructure and reduces the grain size of the secondary recrystallisation microstructure, thus reducing the iron loss.33",35295,35312,,,recrystallisation,,,recrystallisation
13,GOES,COMPETING_MATERIAL,,Trace Bi (0.0005–0.05%) in GOES can produce ultra high magnetic ﬂux density (B8,35646,35650,,,GOES,,,grain-oriented electric steel
13,B8,FLUX_DENSITY,COMPETITOR,Trace Bi (0.0005–0.05%) in GOES can produce ultra high magnetic ﬂux density (B8,35696,35698,,notation,B8,,,B8
13,GOES,COMPETING_MATERIAL,,"up to 1.94 T).33,77 A summary of the common inhibitors used in GOES production and their solution and precipitation temperatures during steel processing is listed in Table 2.",35762,35766,,,GOES,,,grain-oriented electric steel
13,Goss texture,PROCESSING,,"Hot rolling Hot rolling plays an indispensable role in the development of the ﬁnal Goss texture as it forms the initial Goss grains in the near surface region,78 which come to dominate the ﬁnal texture after hot band annealing, cold rolling, primary recrystallisation, and secondary recrystallisation (‘texture inheritance’).6,31 Recrystallisation, phase transformation, and precipitation are important metallurgical processes to be controlled during hot rolling to achieve the desired microstructure and texture.",36121,36133,,,Goss texture,,,Goss texture
13,texture,PROCESSING,,"Hot rolling Hot rolling plays an indispensable role in the development of the ﬁnal Goss texture as it forms the initial Goss grains in the near surface region,78 which come to dominate the ﬁnal texture after hot band annealing, cold rolling, primary recrystallisation, and secondary recrystallisation (‘texture inheritance’).6,31 Recrystallisation, phase transformation, and precipitation are important metallurgical processes to be controlled during hot rolling to achieve the desired microstructure and texture.",36232,36239,,,texture,,,texture
13,hot band annealing,PROCESSING,,"Hot rolling Hot rolling plays an indispensable role in the development of the ﬁnal Goss texture as it forms the initial Goss grains in the near surface region,78 which come to dominate the ﬁnal texture after hot band annealing, cold rolling, primary recrystallisation, and secondary recrystallisation (‘texture inheritance’).6,31 Recrystallisation, phase transformation, and precipitation are important metallurgical processes to be controlled during hot rolling to achieve the desired microstructure and texture.",36246,36264,,,hot band annealing,,,hot band annealing
13,cold rolling,PROCESSING,,"Hot rolling Hot rolling plays an indispensable role in the development of the ﬁnal Goss texture as it forms the initial Goss grains in the near surface region,78 which come to dominate the ﬁnal texture after hot band annealing, cold rolling, primary recrystallisation, and secondary recrystallisation (‘texture inheritance’).6,31 Recrystallisation, phase transformation, and precipitation are important metallurgical processes to be controlled during hot rolling to achieve the desired microstructure and texture.",36266,36278,,,cold rolling,,,cold rolling
13,recrystallisation,PROCESSING,,"Hot rolling Hot rolling plays an indispensable role in the development of the ﬁnal Goss texture as it forms the initial Goss grains in the near surface region,78 which come to dominate the ﬁnal texture after hot band annealing, cold rolling, primary recrystallisation, and secondary recrystallisation (‘texture inheritance’).6,31 Recrystallisation, phase transformation, and precipitation are important metallurgical processes to be controlled during hot rolling to achieve the desired microstructure and texture.",36288,36305,,,recrystallisation,,,recrystallisation
13,recrystallisation,PROCESSING,,"Hot rolling Hot rolling plays an indispensable role in the development of the ﬁnal Goss texture as it forms the initial Goss grains in the near surface region,78 which come to dominate the ﬁnal texture after hot band annealing, cold rolling, primary recrystallisation, and secondary recrystallisation (‘texture inheritance’).6,31 Recrystallisation, phase transformation, and precipitation are important metallurgical processes to be controlled during hot rolling to achieve the desired microstructure and texture.",36321,36338,,,recrystallisation,,,recrystallisation
13,texture,PROCESSING,,"Hot rolling Hot rolling plays an indispensable role in the development of the ﬁnal Goss texture as it forms the initial Goss grains in the near surface region,78 which come to dominate the ﬁnal texture after hot band annealing, cold rolling, primary recrystallisation, and secondary recrystallisation (‘texture inheritance’).6,31 Recrystallisation, phase transformation, and precipitation are important metallurgical processes to be controlled during hot rolling to achieve the desired microstructure and texture.",36341,36348,,,texture,,,texture
13,hot rolling,PROCESSING,,"Hot rolling Hot rolling plays an indispensable role in the development of the ﬁnal Goss texture as it forms the initial Goss grains in the near surface region,78 which come to dominate the ﬁnal texture after hot band annealing, cold rolling, primary recrystallisation, and secondary recrystallisation (‘texture inheritance’).6,31 Recrystallisation, phase transformation, and precipitation are important metallurgical processes to be controlled during hot rolling to achieve the desired microstructure and texture.",36489,36500,,,hot rolling,,,hot rolling
13,texture,PROCESSING,,"Hot rolling Hot rolling plays an indispensable role in the development of the ﬁnal Goss texture as it forms the initial Goss grains in the near surface region,78 which come to dominate the ﬁnal texture after hot band annealing, cold rolling, primary recrystallisation, and secondary recrystallisation (‘texture inheritance’).6,31 Recrystallisation, phase transformation, and precipitation are important metallurgical processes to be controlled during hot rolling to achieve the desired microstructure and texture.",36543,36550,,,texture,,,texture
13,hot rolling,PROCESSING,,"Initial conditions and oper- ational parameters such as the microstructure before hot rolling, hot rolling temperature, ratio of reduction, holding after hot rolling, etc., can all affect the hot rolling micro- structure and texture.",36634,36645,,,hot rolling,,,hot rolling
13,hot rolling,PROCESSING,,"Initial conditions and oper- ational parameters such as the microstructure before hot rolling, hot rolling temperature, ratio of reduction, holding after hot rolling, etc., can all affect the hot rolling micro- structure and texture.",36647,36658,,,hot rolling,,,hot rolling
13,hot rolling,PROCESSING,,"Initial conditions and oper- ational parameters such as the microstructure before hot rolling, hot rolling temperature, ratio of reduction, holding after hot rolling, etc., can all affect the hot rolling micro- structure and texture.",36706,36717,,,hot rolling,,,hot rolling
13,hot rolling,PROCESSING,,"Initial conditions and oper- ational parameters such as the microstructure before hot rolling, hot rolling temperature, ratio of reduction, holding after hot rolling, etc., can all affect the hot rolling micro- structure and texture.",36744,36755,,,hot rolling,,,hot rolling
13,texture,PROCESSING,,"Initial conditions and oper- ational parameters such as the microstructure before hot rolling, hot rolling temperature, ratio of reduction, holding after hot rolling, etc., can all affect the hot rolling micro- structure and texture.",36777,36784,,,texture,,,texture
13,recrystallisation,PROCESSING,,"If the initial grain size after slab reheating is excessively large, incomplete secondary recrystallisation may occur since the large grains may remain unrecrystallised (elon- gated) even after cold rolling, primary, and secondary recrystallisation, causing non-Goss grains in the ﬁnal product.79 Hot pre-rolling and lowering the slab reheating temperature can reduce the grain size before hot rolling, thus eliminating incomplete secondary recrystallisation, since grain boundaries are substantial nucleation sites for primary recrystallisation and reducing the initial grain size increases the nucleation sites and thus promoting recrystallisation.",36876,36893,,,recrystallisation,,,recrystallisation
13,cold rolling,PROCESSING,,"If the initial grain size after slab reheating is excessively large, incomplete secondary recrystallisation may occur since the large grains may remain unrecrystallised (elon- gated) even after cold rolling, primary, and secondary recrystallisation, causing non-Goss grains in the ﬁnal product.79 Hot pre-rolling and lowering the slab reheating temperature can reduce the grain size before hot rolling, thus eliminating incomplete secondary recrystallisation, since grain boundaries are substantial nucleation sites for primary recrystallisation and reducing the initial grain size increases the nucleation sites and thus promoting recrystallisation.",36980,36992,,,cold rolling,,,cold rolling
13,recrystallisation,PROCESSING,,"If the initial grain size after slab reheating is excessively large, incomplete secondary recrystallisation may occur since the large grains may remain unrecrystallised (elon- gated) even after cold rolling, primary, and secondary recrystallisation, causing non-Goss grains in the ﬁnal product.79 Hot pre-rolling and lowering the slab reheating temperature can reduce the grain size before hot rolling, thus eliminating incomplete secondary recrystallisation, since grain boundaries are substantial nucleation sites for primary recrystallisation and reducing the initial grain size increases the nucleation sites and thus promoting recrystallisation.",37017,37034,,,recrystallisation,,,recrystallisation
13,hot rolling,PROCESSING,,"If the initial grain size after slab reheating is excessively large, incomplete secondary recrystallisation may occur since the large grains may remain unrecrystallised (elon- gated) even after cold rolling, primary, and secondary recrystallisation, causing non-Goss grains in the ﬁnal product.79 Hot pre-rolling and lowering the slab reheating temperature can reduce the grain size before hot rolling, thus eliminating incomplete secondary recrystallisation, since grain boundaries are substantial nucleation sites for primary recrystallisation and reducing the initial grain size increases the nucleation sites and thus promoting recrystallisation.",37176,37187,,,hot rolling,,,hot rolling
13,recrystallisation,PROCESSING,,"If the initial grain size after slab reheating is excessively large, incomplete secondary recrystallisation may occur since the large grains may remain unrecrystallised (elon- gated) even after cold rolling, primary, and secondary recrystallisation, causing non-Goss grains in the ﬁnal product.79 Hot pre-rolling and lowering the slab reheating temperature can reduce the grain size before hot rolling, thus eliminating incomplete secondary recrystallisation, since grain boundaries are substantial nucleation sites for primary recrystallisation and reducing the initial grain size increases the nucleation sites and thus promoting recrystallisation.",37227,37244,,,recrystallisation,,,recrystallisation
13,recrystallisation,PROCESSING,,"If the initial grain size after slab reheating is excessively large, incomplete secondary recrystallisation may occur since the large grains may remain unrecrystallised (elon- gated) even after cold rolling, primary, and secondary recrystallisation, causing non-Goss grains in the ﬁnal product.79 Hot pre-rolling and lowering the slab reheating temperature can reduce the grain size before hot rolling, thus eliminating incomplete secondary recrystallisation, since grain boundaries are substantial nucleation sites for primary recrystallisation and reducing the initial grain size increases the nucleation sites and thus promoting recrystallisation.",37314,37331,,,recrystallisation,,,recrystallisation
13,recrystallisation,PROCESSING,,"If the initial grain size after slab reheating is excessively large, incomplete secondary recrystallisation may occur since the large grains may remain unrecrystallised (elon- gated) even after cold rolling, primary, and secondary recrystallisation, causing non-Goss grains in the ﬁnal product.79 Hot pre-rolling and lowering the slab reheating temperature can reduce the grain size before hot rolling, thus eliminating incomplete secondary recrystallisation, since grain boundaries are substantial nucleation sites for primary recrystallisation and reducing the initial grain size increases the nucleation sites and thus promoting recrystallisation.",37418,37435,,,recrystallisation,,,recrystallisation
13,hot rolling,PROCESSING,,Increasing the hot rolling temperature or increasing the thickness reduction ratio can promote recrystallisation (Figure 4(a)).80,37452,37463,,,hot rolling,,,hot rolling
13,recrystallisation,PROCESSING,,Increasing the hot rolling temperature or increasing the thickness reduction ratio can promote recrystallisation (Figure 4(a)).80,37532,37549,,,recrystallisation,,,recrystallisation
13,GOES,COMPETING_MATERIAL,,Typical inhibitors used in GOES and their solution and precipitation temperatures.,37638,37642,,,GOES,,,grain-oriented electric steel
13,grain growth,PROCESSING,,Muraki et al.81 proposed a very-high-temperature and short-time slab reheating approach to limit grain growth (to obtain ﬁne slab grain size) and reach complete inhibitor dissolution before hot rolling.,38736,38748,,,grain growth,,,grain growth
13,hot rolling,PROCESSING,,Muraki et al.81 proposed a very-high-temperature and short-time slab reheating approach to limit grain growth (to obtain ﬁne slab grain size) and reach complete inhibitor dissolution before hot rolling.,38829,38840,,,hot rolling,,,hot rolling
13,hot rolling,PROCESSING,,It was shown that holding the steel at high temperatures (above 1473 K) after hot rolling for a sufﬁcient time can also result in complete recrystallisa- tion (Figure 4(b)).,38920,38931,,,hot rolling,,,hot rolling
13,hot rolling,PROCESSING,,It was suggested that hot rolling should not be conducted at an intermediate temperature range 1150– 1325 K to avoid the formation of coarse inhibitors.,39038,39049,,,hot rolling,,,hot rolling
13,GOES,COMPETING_MATERIAL,,"An important feature of the microstructure of GOES after hot rolling is the inhomogeneity in grain size, precipi- tate distribution (size and morphology), and texture.82 The partial austenite (which contains a solid solution of the precipitation-forming elements) to ferrite phase transform- ation during hot rolling and annealing leads to a ﬁne grain structure and ﬁnely dispersed precipitates in the trans- formed ferrite, while the original ferrite grows to large grains with coarse precipitates.",39215,39219,,,GOES,,,grain-oriented electric steel
13,hot rolling,PROCESSING,,"An important feature of the microstructure of GOES after hot rolling is the inhomogeneity in grain size, precipi- tate distribution (size and morphology), and texture.82 The partial austenite (which contains a solid solution of the precipitation-forming elements) to ferrite phase transform- ation during hot rolling and annealing leads to a ﬁne grain structure and ﬁnely dispersed precipitates in the trans- formed ferrite, while the original ferrite grows to large grains with coarse precipitates.",39226,39237,,,hot rolling,,,hot rolling
13,ferrite,COMPETING_MATERIAL,,"An important feature of the microstructure of GOES after hot rolling is the inhomogeneity in grain size, precipi- tate distribution (size and morphology), and texture.82 The partial austenite (which contains a solid solution of the precipitation-forming elements) to ferrite phase transform- ation during hot rolling and annealing leads to a ﬁne grain structure and ﬁnely dispersed precipitates in the trans- formed ferrite, while the original ferrite grows to large grains with coarse precipitates.",39436,39443,,,ferrite,,,ferrite
13,hot rolling,PROCESSING,,"An important feature of the microstructure of GOES after hot rolling is the inhomogeneity in grain size, precipi- tate distribution (size and morphology), and texture.82 The partial austenite (which contains a solid solution of the precipitation-forming elements) to ferrite phase transform- ation during hot rolling and annealing leads to a ﬁne grain structure and ﬁnely dispersed precipitates in the trans- formed ferrite, while the original ferrite grows to large grains with coarse precipitates.",39474,39485,,,hot rolling,,,hot rolling
13,ferrite,COMPETING_MATERIAL,,"An important feature of the microstructure of GOES after hot rolling is the inhomogeneity in grain size, precipi- tate distribution (size and morphology), and texture.82 The partial austenite (which contains a solid solution of the precipitation-forming elements) to ferrite phase transform- ation during hot rolling and annealing leads to a ﬁne grain structure and ﬁnely dispersed precipitates in the trans- formed ferrite, while the original ferrite grows to large grains with coarse precipitates.",39585,39592,,,ferrite,,,ferrite
13,ferrite,COMPETING_MATERIAL,,"An important feature of the microstructure of GOES after hot rolling is the inhomogeneity in grain size, precipi- tate distribution (size and morphology), and texture.82 The partial austenite (which contains a solid solution of the precipitation-forming elements) to ferrite phase transform- ation during hot rolling and annealing leads to a ﬁne grain structure and ﬁnely dispersed precipitates in the trans- formed ferrite, while the original ferrite grows to large grains with coarse precipitates.",39613,39620,,,ferrite,,,ferrite
13,recrystallisation,PROCESSING,,This inhomogeneous micro- structure favours the formation of the Goss nuclei and its selective growth during secondary recrystallisation.,39788,39805,,,recrystallisation,,,recrystallisation
13,texture,PROCESSING,,"The texture across the thickness also shows inhomogeneity (gra- dient), with Goss ({110}<001>) in the subsurface and inter- mediate layers and rotated cube ({001}<110>) in the centre.",39811,39818,,,texture,,,texture
13,rotated cube,PROCESSING,,"The texture across the thickness also shows inhomogeneity (gra- dient), with Goss ({110}<001>) in the subsurface and inter- mediate layers and rotated cube ({001}<110>) in the centre.",39950,39962,,,rotated cube,,,rotated cube
13,cold rolling,PROCESSING,,"After cold rolling and primary recrystallisation, a preferred {111}<112> texture is generated which is the favourable matrix for abnormal growth of the Goss grains, while the ﬁne precipitates inhibit the normal growth of the matrix.5 Hot band annealing Hot band annealing (HBA) before cold rolling is a required processing step to produce high permeability GOES.47,83 Although annealing after hot rolling does not signiﬁcantly change the texture or the microstructure after cold rolling and primary recrystallisation, HBA is an important condi- tioning heat treatment process to control the inhibitors as well as microstructure/texture during secondary recrystal- lisation.",39997,40009,,,cold rolling,,,cold rolling
13,recrystallisation,PROCESSING,,"After cold rolling and primary recrystallisation, a preferred {111}<112> texture is generated which is the favourable matrix for abnormal growth of the Goss grains, while the ﬁne precipitates inhibit the normal growth of the matrix.5 Hot band annealing Hot band annealing (HBA) before cold rolling is a required processing step to produce high permeability GOES.47,83 Although annealing after hot rolling does not signiﬁcantly change the texture or the microstructure after cold rolling and primary recrystallisation, HBA is an important condi- tioning heat treatment process to control the inhibitors as well as microstructure/texture during secondary recrystal- lisation.",40022,40039,,,recrystallisation,,,recrystallisation
13,texture,PROCESSING,,"After cold rolling and primary recrystallisation, a preferred {111}<112> texture is generated which is the favourable matrix for abnormal growth of the Goss grains, while the ﬁne precipitates inhibit the normal growth of the matrix.5 Hot band annealing Hot band annealing (HBA) before cold rolling is a required processing step to produce high permeability GOES.47,83 Although annealing after hot rolling does not signiﬁcantly change the texture or the microstructure after cold rolling and primary recrystallisation, HBA is an important condi- tioning heat treatment process to control the inhibitors as well as microstructure/texture during secondary recrystal- lisation.",40064,40071,,,texture,,,texture
13,cold rolling,PROCESSING,,"After cold rolling and primary recrystallisation, a preferred {111}<112> texture is generated which is the favourable matrix for abnormal growth of the Goss grains, while the ﬁne precipitates inhibit the normal growth of the matrix.5 Hot band annealing Hot band annealing (HBA) before cold rolling is a required processing step to produce high permeability GOES.47,83 Although annealing after hot rolling does not signiﬁcantly change the texture or the microstructure after cold rolling and primary recrystallisation, HBA is an important condi- tioning heat treatment process to control the inhibitors as well as microstructure/texture during secondary recrystal- lisation.",40276,40288,,,cold rolling,,,cold rolling
13,hot rolling,PROCESSING,,"After cold rolling and primary recrystallisation, a preferred {111}<112> texture is generated which is the favourable matrix for abnormal growth of the Goss grains, while the ﬁne precipitates inhibit the normal growth of the matrix.5 Hot band annealing Hot band annealing (HBA) before cold rolling is a required processing step to produce high permeability GOES.47,83 Although annealing after hot rolling does not signiﬁcantly change the texture or the microstructure after cold rolling and primary recrystallisation, HBA is an important condi- tioning heat treatment process to control the inhibitors as well as microstructure/texture during secondary recrystal- lisation.",40384,40395,,,hot rolling,,,hot rolling
13,texture,PROCESSING,,"After cold rolling and primary recrystallisation, a preferred {111}<112> texture is generated which is the favourable matrix for abnormal growth of the Goss grains, while the ﬁne precipitates inhibit the normal growth of the matrix.5 Hot band annealing Hot band annealing (HBA) before cold rolling is a required processing step to produce high permeability GOES.47,83 Although annealing after hot rolling does not signiﬁcantly change the texture or the microstructure after cold rolling and primary recrystallisation, HBA is an important condi- tioning heat treatment process to control the inhibitors as well as microstructure/texture during secondary recrystal- lisation.",40429,40436,,,texture,,,texture
13,cold rolling,PROCESSING,,"After cold rolling and primary recrystallisation, a preferred {111}<112> texture is generated which is the favourable matrix for abnormal growth of the Goss grains, while the ﬁne precipitates inhibit the normal growth of the matrix.5 Hot band annealing Hot band annealing (HBA) before cold rolling is a required processing step to produce high permeability GOES.47,83 Although annealing after hot rolling does not signiﬁcantly change the texture or the microstructure after cold rolling and primary recrystallisation, HBA is an important condi- tioning heat treatment process to control the inhibitors as well as microstructure/texture during secondary recrystal- lisation.",40465,40477,,,cold rolling,,,cold rolling
13,recrystallisation,PROCESSING,,"After cold rolling and primary recrystallisation, a preferred {111}<112> texture is generated which is the favourable matrix for abnormal growth of the Goss grains, while the ﬁne precipitates inhibit the normal growth of the matrix.5 Hot band annealing Hot band annealing (HBA) before cold rolling is a required processing step to produce high permeability GOES.47,83 Although annealing after hot rolling does not signiﬁcantly change the texture or the microstructure after cold rolling and primary recrystallisation, HBA is an important condi- tioning heat treatment process to control the inhibitors as well as microstructure/texture during secondary recrystal- lisation.",40490,40507,,,recrystallisation,,,recrystallisation
13,texture,PROCESSING,,"After cold rolling and primary recrystallisation, a preferred {111}<112> texture is generated which is the favourable matrix for abnormal growth of the Goss grains, while the ﬁne precipitates inhibit the normal growth of the matrix.5 Hot band annealing Hot band annealing (HBA) before cold rolling is a required processing step to produce high permeability GOES.47,83 Although annealing after hot rolling does not signiﬁcantly change the texture or the microstructure after cold rolling and primary recrystallisation, HBA is an important condi- tioning heat treatment process to control the inhibitors as well as microstructure/texture during secondary recrystal- lisation.",40619,40626,,,texture,,,texture
13,recrystallisation,PROCESSING,,"The quick cooling (quenching into boiling water) after soaking is critical to achieving perfect secondary recrystallisation since it promotes the selective coarsening of the Goss grains and preserves the potential nuclei.5,84 It has been shown85 that, without hot band annealing, the precipitates are ﬁner during primary recrystallisation and thus with higher inhibiting force, which strongly inhibit secondary recrystallisation, leading to much weaker Goss texture and worse magnetic properties.",40771,40788,,,recrystallisation,,,recrystallisation
13,hot band annealing,PROCESSING,,"The quick cooling (quenching into boiling water) after soaking is critical to achieving perfect secondary recrystallisation since it promotes the selective coarsening of the Goss grains and preserves the potential nuclei.5,84 It has been shown85 that, without hot band annealing, the precipitates are ﬁner during primary recrystallisation and thus with higher inhibiting force, which strongly inhibit secondary recrystallisation, leading to much weaker Goss texture and worse magnetic properties.",40925,40943,,,hot band annealing,,,hot band annealing
13,recrystallisation,PROCESSING,,"The quick cooling (quenching into boiling water) after soaking is critical to achieving perfect secondary recrystallisation since it promotes the selective coarsening of the Goss grains and preserves the potential nuclei.5,84 It has been shown85 that, without hot band annealing, the precipitates are ﬁner during primary recrystallisation and thus with higher inhibiting force, which strongly inhibit secondary recrystallisation, leading to much weaker Goss texture and worse magnetic properties.",40986,41003,,,recrystallisation,,,recrystallisation
13,recrystallisation,PROCESSING,,"The quick cooling (quenching into boiling water) after soaking is critical to achieving perfect secondary recrystallisation since it promotes the selective coarsening of the Goss grains and preserves the potential nuclei.5,84 It has been shown85 that, without hot band annealing, the precipitates are ﬁner during primary recrystallisation and thus with higher inhibiting force, which strongly inhibit secondary recrystallisation, leading to much weaker Goss texture and worse magnetic properties.",41076,41093,,,recrystallisation,,,recrystallisation
13,Goss texture,PROCESSING,,"The quick cooling (quenching into boiling water) after soaking is critical to achieving perfect secondary recrystallisation since it promotes the selective coarsening of the Goss grains and preserves the potential nuclei.5,84 It has been shown85 that, without hot band annealing, the precipitates are ﬁner during primary recrystallisation and thus with higher inhibiting force, which strongly inhibit secondary recrystallisation, leading to much weaker Goss texture and worse magnetic properties.",41118,41130,,,Goss texture,,,Goss texture
13,hot band annealing,PROCESSING,,Recent work by Giri et al.83 showed that hot band annealing enhanced the presence of Goss during primary recrystallisation and caused a weaker texture and a coarser grain size.,41203,41221,,,hot band annealing,,,hot band annealing
13,recrystallisation,PROCESSING,,Recent work by Giri et al.83 showed that hot band annealing enhanced the presence of Goss during primary recrystallisation and caused a weaker texture and a coarser grain size.,41267,41284,,,recrystallisation,,,recrystallisation
13,texture,PROCESSING,,Recent work by Giri et al.83 showed that hot band annealing enhanced the presence of Goss during primary recrystallisation and caused a weaker texture and a coarser grain size.,41305,41312,,,texture,,,texture
13,hot band annealing,PROCESSING,,"On the other hand, although hot band annealing does not bring clear advantage in the overall grain boundaries that favour the AGG of Goss, it does lead to much higher fractions of favourable boundaries with respect to immediate neigh- bours, which favours the growth of Goss grains in later stages and results in closer to Goss textures as well as better magnetic properties, i.e., lower core loss and higher permeability.",41367,41385,,,hot band annealing,,,hot band annealing
13,cold rolling,PROCESSING,,"Cold rolling Heavy cold rolling is required to produce thin GOES sheets to reduce eddy current loss, which inevitably alters the texture formed after hot rolling and hot band annealing, Figure 4.",41781,41793,,,cold rolling,,,cold rolling
13,GOES,COMPETING_MATERIAL,,"Cold rolling Heavy cold rolling is required to produce thin GOES sheets to reduce eddy current loss, which inevitably alters the texture formed after hot rolling and hot band annealing, Figure 4.",41822,41826,,,GOES,,,grain-oriented electric steel
13,texture,PROCESSING,,"Cold rolling Heavy cold rolling is required to produce thin GOES sheets to reduce eddy current loss, which inevitably alters the texture formed after hot rolling and hot band annealing, Figure 4.",41891,41898,,,texture,,,texture
13,hot rolling,PROCESSING,,"Cold rolling Heavy cold rolling is required to produce thin GOES sheets to reduce eddy current loss, which inevitably alters the texture formed after hot rolling and hot band annealing, Figure 4.",41912,41923,,,hot rolling,,,hot rolling
13,hot band annealing,PROCESSING,,"Cold rolling Heavy cold rolling is required to produce thin GOES sheets to reduce eddy current loss, which inevitably alters the texture formed after hot rolling and hot band annealing, Figure 4.",41928,41946,,,hot band annealing,,,hot band annealing
13,GOES,COMPETING_MATERIAL,,"Recrystallisation behaviour of GOES during hot rolling80: (a) effect of hot rolling temperature and reduction ratio on recrystallisation, (b) effect of holding temperature and time on recrystallisation.81 He and Kestens 361 especially the Goss texture, which is believed to serve as the potential nuclei for the formation of the Goss grains during secondary recrystallisation.",41989,41993,,,GOES,,,grain-oriented electric steel
13,hot rolling,PROCESSING,,"Recrystallisation behaviour of GOES during hot rolling80: (a) effect of hot rolling temperature and reduction ratio on recrystallisation, (b) effect of holding temperature and time on recrystallisation.81 He and Kestens 361 especially the Goss texture, which is believed to serve as the potential nuclei for the formation of the Goss grains during secondary recrystallisation.",42030,42041,,,hot rolling,,,hot rolling
13,recrystallisation,PROCESSING,,"Recrystallisation behaviour of GOES during hot rolling80: (a) effect of hot rolling temperature and reduction ratio on recrystallisation, (b) effect of holding temperature and time on recrystallisation.81 He and Kestens 361 especially the Goss texture, which is believed to serve as the potential nuclei for the formation of the Goss grains during secondary recrystallisation.",42077,42094,,,recrystallisation,,,recrystallisation
13,Goss texture,PROCESSING,,"Recrystallisation behaviour of GOES during hot rolling80: (a) effect of hot rolling temperature and reduction ratio on recrystallisation, (b) effect of holding temperature and time on recrystallisation.81 He and Kestens 361 especially the Goss texture, which is believed to serve as the potential nuclei for the formation of the Goss grains during secondary recrystallisation.",42197,42209,,,Goss texture,,,Goss texture
13,recrystallisation,PROCESSING,,"Recrystallisation behaviour of GOES during hot rolling80: (a) effect of hot rolling temperature and reduction ratio on recrystallisation, (b) effect of holding temperature and time on recrystallisation.81 He and Kestens 361 especially the Goss texture, which is believed to serve as the potential nuclei for the formation of the Goss grains during secondary recrystallisation.",42316,42333,,,recrystallisation,,,recrystallisation
13,texture,PROCESSING,,"The main texture components after cold rolling are the α-ﬁbre (<110>//RD) and γ-ﬁbre (<111>//ND), similar to typical BCC rolling texture, with only a small fraction (about 1%) of Goss-oriented areas remaining in the microstructure6 since the Goss texture formed in hot rolling is not stable and rotates to {111} <112> during cold rolling,86 as was shown in many single crystal studies (Figure 5).5,86,87 It is believed that (based on relaxed constraints Taylor model)88 the shear strains parallel to the rolling direction caused the formation of the {111}<112> through the rotation of the Goss around <110> (TD), with the operation of the {112}<111> slip systems which have the largest resolved shear stress.5 After cold rolling, the Goss texture formed during hot rolling will be weakened and the Goss grains are restricted to regions close to the {111}<112> grains, most of them within the shear bands.6,89,90 Carbon has been shown91 to affect the rotation of the Goss orientation during cold rolling.",42344,42351,,,texture,,,texture
13,cold rolling,PROCESSING,,"The main texture components after cold rolling are the α-ﬁbre (<110>//RD) and γ-ﬁbre (<111>//ND), similar to typical BCC rolling texture, with only a small fraction (about 1%) of Goss-oriented areas remaining in the microstructure6 since the Goss texture formed in hot rolling is not stable and rotates to {111} <112> during cold rolling,86 as was shown in many single crystal studies (Figure 5).5,86,87 It is believed that (based on relaxed constraints Taylor model)88 the shear strains parallel to the rolling direction caused the formation of the {111}<112> through the rotation of the Goss around <110> (TD), with the operation of the {112}<111> slip systems which have the largest resolved shear stress.5 After cold rolling, the Goss texture formed during hot rolling will be weakened and the Goss grains are restricted to regions close to the {111}<112> grains, most of them within the shear bands.6,89,90 Carbon has been shown91 to affect the rotation of the Goss orientation during cold rolling.",42369,42381,,,cold rolling,,,cold rolling
13,texture,PROCESSING,,"The main texture components after cold rolling are the α-ﬁbre (<110>//RD) and γ-ﬁbre (<111>//ND), similar to typical BCC rolling texture, with only a small fraction (about 1%) of Goss-oriented areas remaining in the microstructure6 since the Goss texture formed in hot rolling is not stable and rotates to {111} <112> during cold rolling,86 as was shown in many single crystal studies (Figure 5).5,86,87 It is believed that (based on relaxed constraints Taylor model)88 the shear strains parallel to the rolling direction caused the formation of the {111}<112> through the rotation of the Goss around <110> (TD), with the operation of the {112}<111> slip systems which have the largest resolved shear stress.5 After cold rolling, the Goss texture formed during hot rolling will be weakened and the Goss grains are restricted to regions close to the {111}<112> grains, most of them within the shear bands.6,89,90 Carbon has been shown91 to affect the rotation of the Goss orientation during cold rolling.",42464,42471,,,texture,,,texture
13,Goss texture,PROCESSING,,"The main texture components after cold rolling are the α-ﬁbre (<110>//RD) and γ-ﬁbre (<111>//ND), similar to typical BCC rolling texture, with only a small fraction (about 1%) of Goss-oriented areas remaining in the microstructure6 since the Goss texture formed in hot rolling is not stable and rotates to {111} <112> during cold rolling,86 as was shown in many single crystal studies (Figure 5).5,86,87 It is believed that (based on relaxed constraints Taylor model)88 the shear strains parallel to the rolling direction caused the formation of the {111}<112> through the rotation of the Goss around <110> (TD), with the operation of the {112}<111> slip systems which have the largest resolved shear stress.5 After cold rolling, the Goss texture formed during hot rolling will be weakened and the Goss grains are restricted to regions close to the {111}<112> grains, most of them within the shear bands.6,89,90 Carbon has been shown91 to affect the rotation of the Goss orientation during cold rolling.",42577,42589,,,Goss texture,,,Goss texture
13,hot rolling,PROCESSING,,"The main texture components after cold rolling are the α-ﬁbre (<110>//RD) and γ-ﬁbre (<111>//ND), similar to typical BCC rolling texture, with only a small fraction (about 1%) of Goss-oriented areas remaining in the microstructure6 since the Goss texture formed in hot rolling is not stable and rotates to {111} <112> during cold rolling,86 as was shown in many single crystal studies (Figure 5).5,86,87 It is believed that (based on relaxed constraints Taylor model)88 the shear strains parallel to the rolling direction caused the formation of the {111}<112> through the rotation of the Goss around <110> (TD), with the operation of the {112}<111> slip systems which have the largest resolved shear stress.5 After cold rolling, the Goss texture formed during hot rolling will be weakened and the Goss grains are restricted to regions close to the {111}<112> grains, most of them within the shear bands.6,89,90 Carbon has been shown91 to affect the rotation of the Goss orientation during cold rolling.",42600,42611,,,hot rolling,,,hot rolling
13,cold rolling,PROCESSING,,"The main texture components after cold rolling are the α-ﬁbre (<110>//RD) and γ-ﬁbre (<111>//ND), similar to typical BCC rolling texture, with only a small fraction (about 1%) of Goss-oriented areas remaining in the microstructure6 since the Goss texture formed in hot rolling is not stable and rotates to {111} <112> during cold rolling,86 as was shown in many single crystal studies (Figure 5).5,86,87 It is believed that (based on relaxed constraints Taylor model)88 the shear strains parallel to the rolling direction caused the formation of the {111}<112> through the rotation of the Goss around <110> (TD), with the operation of the {112}<111> slip systems which have the largest resolved shear stress.5 After cold rolling, the Goss texture formed during hot rolling will be weakened and the Goss grains are restricted to regions close to the {111}<112> grains, most of them within the shear bands.6,89,90 Carbon has been shown91 to affect the rotation of the Goss orientation during cold rolling.",43051,43063,,,cold rolling,,,cold rolling
13,Goss texture,PROCESSING,,"The main texture components after cold rolling are the α-ﬁbre (<110>//RD) and γ-ﬁbre (<111>//ND), similar to typical BCC rolling texture, with only a small fraction (about 1%) of Goss-oriented areas remaining in the microstructure6 since the Goss texture formed in hot rolling is not stable and rotates to {111} <112> during cold rolling,86 as was shown in many single crystal studies (Figure 5).5,86,87 It is believed that (based on relaxed constraints Taylor model)88 the shear strains parallel to the rolling direction caused the formation of the {111}<112> through the rotation of the Goss around <110> (TD), with the operation of the {112}<111> slip systems which have the largest resolved shear stress.5 After cold rolling, the Goss texture formed during hot rolling will be weakened and the Goss grains are restricted to regions close to the {111}<112> grains, most of them within the shear bands.6,89,90 Carbon has been shown91 to affect the rotation of the Goss orientation during cold rolling.",43069,43081,,,Goss texture,,,Goss texture
13,hot rolling,PROCESSING,,"The main texture components after cold rolling are the α-ﬁbre (<110>//RD) and γ-ﬁbre (<111>//ND), similar to typical BCC rolling texture, with only a small fraction (about 1%) of Goss-oriented areas remaining in the microstructure6 since the Goss texture formed in hot rolling is not stable and rotates to {111} <112> during cold rolling,86 as was shown in many single crystal studies (Figure 5).5,86,87 It is believed that (based on relaxed constraints Taylor model)88 the shear strains parallel to the rolling direction caused the formation of the {111}<112> through the rotation of the Goss around <110> (TD), with the operation of the {112}<111> slip systems which have the largest resolved shear stress.5 After cold rolling, the Goss texture formed during hot rolling will be weakened and the Goss grains are restricted to regions close to the {111}<112> grains, most of them within the shear bands.6,89,90 Carbon has been shown91 to affect the rotation of the Goss orientation during cold rolling.",43096,43107,,,hot rolling,,,hot rolling
13,cold rolling,PROCESSING,,"The main texture components after cold rolling are the α-ﬁbre (<110>//RD) and γ-ﬁbre (<111>//ND), similar to typical BCC rolling texture, with only a small fraction (about 1%) of Goss-oriented areas remaining in the microstructure6 since the Goss texture formed in hot rolling is not stable and rotates to {111} <112> during cold rolling,86 as was shown in many single crystal studies (Figure 5).5,86,87 It is believed that (based on relaxed constraints Taylor model)88 the shear strains parallel to the rolling direction caused the formation of the {111}<112> through the rotation of the Goss around <110> (TD), with the operation of the {112}<111> slip systems which have the largest resolved shear stress.5 After cold rolling, the Goss texture formed during hot rolling will be weakened and the Goss grains are restricted to regions close to the {111}<112> grains, most of them within the shear bands.6,89,90 Carbon has been shown91 to affect the rotation of the Goss orientation during cold rolling.",43325,43337,,,cold rolling,,,cold rolling
13,texture,PROCESSING,,"Cold rolling not only alters the texture of the steel, but also reﬁnes the AlN particles precipitated during hot band annealing.",43808,43815,,,texture,,,texture
13,hot band annealing,PROCESSING,,"Cold rolling not only alters the texture of the steel, but also reﬁnes the AlN particles precipitated during hot band annealing.",43884,43902,,,hot band annealing,,,hot band annealing
13,cold rolling,PROCESSING,,"It has been shown92 that the AlN particle size decreases with the increase of the cold rolling reduction rate, which is caused by splitting of coarse AlN particles into smaller parts by shear deformation (slip).",43986,43998,,,cold rolling,,,cold rolling
13,hot band annealing,PROCESSING,,"Thus, even if large precipitates are formed during hot band annealing, it is possible to reﬁne it by cold rolling and restore their pinning force.",44167,44185,,,hot band annealing,,,hot band annealing
13,cold rolling,PROCESSING,,"Thus, even if large precipitates are formed during hot band annealing, it is possible to reﬁne it by cold rolling and restore their pinning force.",44217,44229,,,cold rolling,,,cold rolling
13,cold rolling,PROCESSING,,"Cold rolling can be applied in two schemes: i) two-stage cold rolling with intermediate annealing, which was used in the production of regular grade GOES with MnS as the inhibitor, i.e., the original Goss method,4 ii) single-stage cold rolling without intermediate annealing, which was used to produce high-permeability grade GOES with AlN Figure 5.",44320,44332,,,cold rolling,,,cold rolling
13,GOES,COMPETING_MATERIAL,,"Cold rolling can be applied in two schemes: i) two-stage cold rolling with intermediate annealing, which was used in the production of regular grade GOES with MnS as the inhibitor, i.e., the original Goss method,4 ii) single-stage cold rolling without intermediate annealing, which was used to produce high-permeability grade GOES with AlN Figure 5.",44412,44416,,,GOES,,,grain-oriented electric steel
13,cold rolling,PROCESSING,,"Cold rolling can be applied in two schemes: i) two-stage cold rolling with intermediate annealing, which was used in the production of regular grade GOES with MnS as the inhibitor, i.e., the original Goss method,4 ii) single-stage cold rolling without intermediate annealing, which was used to produce high-permeability grade GOES with AlN Figure 5.",44494,44506,,,cold rolling,,,cold rolling
13,GOES,COMPETING_MATERIAL,,"Cold rolling can be applied in two schemes: i) two-stage cold rolling with intermediate annealing, which was used in the production of regular grade GOES with MnS as the inhibitor, i.e., the original Goss method,4 ii) single-stage cold rolling without intermediate annealing, which was used to produce high-permeability grade GOES with AlN Figure 5.",44589,44593,,,GOES,,,grain-oriented electric steel
13,cold rolling,PROCESSING,,"The rotation of Goss during cold rolling: (a) formation of the {111}<211> orientations by slip (35° rotation around the TD or <011>), (b) the rotation of Goss during cold rolling as shown on the φ2 = 45° section of the Euler space (Bunge notation), (c) deformation twinning during cold rolling of Goss oriented crystal.91 362 International Materials Reviews 70(5) and MnS as the inhibitors, i.e., the Nippon Steel method.84 Although in both methods, the Goss oriented grains selected for secondary recrystallisation are believed to ori- ginate from the hot rolling process, the two schemes of cold rolling do generate different textures.",44641,44653,,,cold rolling,,,cold rolling
13,cold rolling,PROCESSING,,"The rotation of Goss during cold rolling: (a) formation of the {111}<211> orientations by slip (35° rotation around the TD or <011>), (b) the rotation of Goss during cold rolling as shown on the φ2 = 45° section of the Euler space (Bunge notation), (c) deformation twinning during cold rolling of Goss oriented crystal.91 362 International Materials Reviews 70(5) and MnS as the inhibitors, i.e., the Nippon Steel method.84 Although in both methods, the Goss oriented grains selected for secondary recrystallisation are believed to ori- ginate from the hot rolling process, the two schemes of cold rolling do generate different textures.",44779,44791,,,cold rolling,,,cold rolling
13,cold rolling,PROCESSING,,"The rotation of Goss during cold rolling: (a) formation of the {111}<211> orientations by slip (35° rotation around the TD or <011>), (b) the rotation of Goss during cold rolling as shown on the φ2 = 45° section of the Euler space (Bunge notation), (c) deformation twinning during cold rolling of Goss oriented crystal.91 362 International Materials Reviews 70(5) and MnS as the inhibitors, i.e., the Nippon Steel method.84 Although in both methods, the Goss oriented grains selected for secondary recrystallisation are believed to ori- ginate from the hot rolling process, the two schemes of cold rolling do generate different textures.",44894,44906,,,cold rolling,,,cold rolling
13,Nippon Steel,PRODUCER,,"The rotation of Goss during cold rolling: (a) formation of the {111}<211> orientations by slip (35° rotation around the TD or <011>), (b) the rotation of Goss during cold rolling as shown on the φ2 = 45° section of the Euler space (Bunge notation), (c) deformation twinning during cold rolling of Goss oriented crystal.91 362 International Materials Reviews 70(5) and MnS as the inhibitors, i.e., the Nippon Steel method.84 Although in both methods, the Goss oriented grains selected for secondary recrystallisation are believed to ori- ginate from the hot rolling process, the two schemes of cold rolling do generate different textures.",45014,45026,,,Nippon Steel,,,Nippon Steel
13,recrystallisation,PROCESSING,,"The rotation of Goss during cold rolling: (a) formation of the {111}<211> orientations by slip (35° rotation around the TD or <011>), (b) the rotation of Goss during cold rolling as shown on the φ2 = 45° section of the Euler space (Bunge notation), (c) deformation twinning during cold rolling of Goss oriented crystal.91 362 International Materials Reviews 70(5) and MnS as the inhibitors, i.e., the Nippon Steel method.84 Although in both methods, the Goss oriented grains selected for secondary recrystallisation are believed to ori- ginate from the hot rolling process, the two schemes of cold rolling do generate different textures.",45111,45128,,,recrystallisation,,,recrystallisation
13,hot rolling,PROCESSING,,"The rotation of Goss during cold rolling: (a) formation of the {111}<211> orientations by slip (35° rotation around the TD or <011>), (b) the rotation of Goss during cold rolling as shown on the φ2 = 45° section of the Euler space (Bunge notation), (c) deformation twinning during cold rolling of Goss oriented crystal.91 362 International Materials Reviews 70(5) and MnS as the inhibitors, i.e., the Nippon Steel method.84 Although in both methods, the Goss oriented grains selected for secondary recrystallisation are believed to ori- ginate from the hot rolling process, the two schemes of cold rolling do generate different textures.",45166,45177,,,hot rolling,,,hot rolling
13,cold rolling,PROCESSING,,"The rotation of Goss during cold rolling: (a) formation of the {111}<211> orientations by slip (35° rotation around the TD or <011>), (b) the rotation of Goss during cold rolling as shown on the φ2 = 45° section of the Euler space (Bunge notation), (c) deformation twinning during cold rolling of Goss oriented crystal.91 362 International Materials Reviews 70(5) and MnS as the inhibitors, i.e., the Nippon Steel method.84 Although in both methods, the Goss oriented grains selected for secondary recrystallisation are believed to ori- ginate from the hot rolling process, the two schemes of cold rolling do generate different textures.",45206,45218,,,cold rolling,,,cold rolling
13,texture,PROCESSING,,The texture after cold rolling through both schemes contains typical BCC rolling textures such as α-ﬁbre and γ-ﬁbre.,45255,45262,,,texture,,,texture
13,cold rolling,PROCESSING,,The texture after cold rolling through both schemes contains typical BCC rolling textures such as α-ﬁbre and γ-ﬁbre.,45269,45281,,,cold rolling,,,cold rolling
13,cold rolling,PROCESSING,,"The intermedi- ate annealing in the two-stage cold rolling process generally reduces the overall intensity of the texture, i.e., the maximum intensities of the α- and γ-ﬁbres at both the surface and midplane are generally lower than those after single-stage cold rolling.",45514,45526,,,cold rolling,,,cold rolling
13,texture,PROCESSING,,"The intermedi- ate annealing in the two-stage cold rolling process generally reduces the overall intensity of the texture, i.e., the maximum intensities of the α- and γ-ﬁbres at both the surface and midplane are generally lower than those after single-stage cold rolling.",45582,45589,,,texture,,,texture
13,cold rolling,PROCESSING,,"The intermedi- ate annealing in the two-stage cold rolling process generally reduces the overall intensity of the texture, i.e., the maximum intensities of the α- and γ-ﬁbres at both the surface and midplane are generally lower than those after single-stage cold rolling.",45726,45738,,,cold rolling,,,cold rolling
13,rotated cube,PROCESSING,,The largest difference appears in the midplane: the maximum intensity of the α-ﬁbre (at rotated cube) after single-stage cold rolling is several times of that after two-stage cold rolling.84,45828,45840,,,rotated cube,,,rotated cube
13,cold rolling,PROCESSING,,The largest difference appears in the midplane: the maximum intensity of the α-ﬁbre (at rotated cube) after single-stage cold rolling is several times of that after two-stage cold rolling.84,45861,45873,,,cold rolling,,,cold rolling
13,cold rolling,PROCESSING,,"In both cases, AGG of the Goss component can occur and the major dif- ference is the deviation from the theoretical Goss: while the two-stage cold rolling leads to a larger deviation of about 7° (regular grade), the one-stage cold rolling results in a smaller deviation of 3° (high-permeability grade).",46073,46085,,,cold rolling,,,cold rolling
13,cold rolling,PROCESSING,,"In both cases, AGG of the Goss component can occur and the major dif- ference is the deviation from the theoretical Goss: while the two-stage cold rolling leads to a larger deviation of about 7° (regular grade), the one-stage cold rolling results in a smaller deviation of 3° (high-permeability grade).",46157,46169,,,cold rolling,,,cold rolling
13,recrystallisation,PROCESSING,,Primary recrystallisation Primary recrystallisation in GOES production normally occurs during the decarbonisation/nitriding annealing process.,46242,46259,,,recrystallisation,,,recrystallisation
13,recrystallisation,PROCESSING,,Primary recrystallisation Primary recrystallisation in GOES production normally occurs during the decarbonisation/nitriding annealing process.,46268,46285,,,recrystallisation,,,recrystallisation
13,GOES,COMPETING_MATERIAL,,Primary recrystallisation Primary recrystallisation in GOES production normally occurs during the decarbonisation/nitriding annealing process.,46289,46293,,,GOES,,,grain-oriented electric steel
13,recrystallisation,PROCESSING,,"A critical objective of this process is to create a microstructure that favours the selective growth of Goss grains during secondary recrystallisation, thus forming a perfect and sharp Goss texture in the ﬁnal microstructure.",46510,46527,,,recrystallisation,,,recrystallisation
13,Goss texture,PROCESSING,,"A critical objective of this process is to create a microstructure that favours the selective growth of Goss grains during secondary recrystallisation, thus forming a perfect and sharp Goss texture in the ﬁnal microstructure.",46562,46574,,,Goss texture,,,Goss texture
13,grain growth,PROCESSING,,"Many studies have been dedicated to this process46,93–98 and it is now generally accepted that the following should be achieved during primary recrystallisation5–7: 1. Recrystallisation is complete, but normal grain growth is supressed (e.g., inhibited by ﬁne precipitates).",46813,46825,,,grain growth,,,grain growth
13,texture,PROCESSING,,"The matrix texture is suitable for the fast growth of the Goss nuclei, e.g., a {111}<112> texture is preferred, which has a high mobility Σ9 boundary with respect to Goss.",46892,46899,,,texture,,,texture
13,texture,PROCESSING,,"The matrix texture is suitable for the fast growth of the Goss nuclei, e.g., a {111}<112> texture is preferred, which has a high mobility Σ9 boundary with respect to Goss.",46971,46978,,,texture,,,texture
13,texture,PROCESSING,,"The Goss nuclei are preferably located in the subsurface layer and with large enough size,5 but initial size advantage is not required, nor the requirement to form Goss colonies.7 Typical microstructure and texture of GOES after primary recrystallisation are shown in Figure 6.",47263,47270,,,texture,,,texture
13,GOES,COMPETING_MATERIAL,,"The Goss nuclei are preferably located in the subsurface layer and with large enough size,5 but initial size advantage is not required, nor the requirement to form Goss colonies.7 Typical microstructure and texture of GOES after primary recrystallisation are shown in Figure 6.",47274,47278,,,GOES,,,grain-oriented electric steel
13,recrystallisation,PROCESSING,,"The Goss nuclei are preferably located in the subsurface layer and with large enough size,5 but initial size advantage is not required, nor the requirement to form Goss colonies.7 Typical microstructure and texture of GOES after primary recrystallisation are shown in Figure 6.",47293,47310,,,recrystallisation,,,recrystallisation
13,hot rolling,PROCESSING,,"Goss is generated during hot rolling due to the friction between the steel and rolls, ii) cold rolling rotates Goss to {111}<112>, and iii) Goss reappears during primary recrystallisation.",47404,47415,,,hot rolling,,,hot rolling
13,cold rolling,PROCESSING,,"Goss is generated during hot rolling due to the friction between the steel and rolls, ii) cold rolling rotates Goss to {111}<112>, and iii) Goss reappears during primary recrystallisation.",47469,47481,,,cold rolling,,,cold rolling
13,recrystallisation,PROCESSING,,"Goss is generated during hot rolling due to the friction between the steel and rolls, ii) cold rolling rotates Goss to {111}<112>, and iii) Goss reappears during primary recrystallisation.",47549,47566,,,recrystallisation,,,recrystallisation
13,recrystallisation,PROCESSING,,"However, why and how Goss reappears during primary recrystallisation is still under debate.",47619,47636,,,recrystallisation,,,recrystallisation
13,cold rolling,PROCESSING,,"Many researchers5,6,86,89,90 attribute the Goss nuclei to the shear bands (bands of heterogeneous deformation) formed during cold rolling, mainly in grains with high Taylor factors, e.g., <111>//ND grains.",47785,47797,,,cold rolling,,,cold rolling
13,X-ray diffraction,TEST_METHOD,,"It is shown by X-ray diffraction that grains with the Goss orien- tation store the highest strain energy in the deformed matrix, thus the rate of nucleation by subgrain growth, recovery and recrystallisation of the Goss is the fastest.5",47881,47898,,,X-ray diffraction,,,X-ray diffraction
13,recrystallisation,PROCESSING,,"It is shown by X-ray diffraction that grains with the Goss orien- tation store the highest strain energy in the deformed matrix, thus the rate of nucleation by subgrain growth, recovery and recrystallisation of the Goss is the fastest.5",48056,48073,,,recrystallisation,,,recrystallisation
13,recrystallisation,PROCESSING,,"However, Dorner et al.6 reported that it is the Goss grains outside of the shear bands (between microbands) that are likely the nuclei for primary recrystallisation, while the Goss grains inside the shear bands mostly disappear.",48250,48267,,,recrystallisation,,,recrystallisation
13,recrystallisation,PROCESSING,,"After primary recrystallisation, Goss is a minor compo- nent if the steel has been cold rolled in one stage (high- permeability grade), while it is one of the major components if it has been cold rolled in two stages (regular grade).6",48346,48363,,,recrystallisation,,,recrystallisation
13,cold rolling,PROCESSING,,This is because the thickness reduction during cold rolling affects the Goss texture during primary recrystallisation.,48614,48626,,,cold rolling,,,cold rolling
13,Goss texture,PROCESSING,,This is because the thickness reduction during cold rolling affects the Goss texture during primary recrystallisation.,48639,48651,,,Goss texture,,,Goss texture
13,recrystallisation,PROCESSING,,This is because the thickness reduction during cold rolling affects the Goss texture during primary recrystallisation.,48667,48684,,,recrystallisation,,,recrystallisation
13,cold rolling,PROCESSING,,"If the reduction is moderate (about 70%), e.g., in two-stage cold rolling, a strong Goss texture may develop after primary recrystallisa- tion since the matrix texture, {111}<112>, is only stable at moderately high reductions.5",48747,48759,,,cold rolling,,,cold rolling
13,Goss texture,PROCESSING,,"If the reduction is moderate (about 70%), e.g., in two-stage cold rolling, a strong Goss texture may develop after primary recrystallisa- tion since the matrix texture, {111}<112>, is only stable at moderately high reductions.5",48770,48782,,,Goss texture,,,Goss texture
13,texture,PROCESSING,,"If the reduction is moderate (about 70%), e.g., in two-stage cold rolling, a strong Goss texture may develop after primary recrystallisa- tion since the matrix texture, {111}<112>, is only stable at moderately high reductions.5",48846,48853,,,texture,,,texture
13,GOES,COMPETING_MATERIAL,,"In GOES produced in a one- stage cold rolling process, the reduction is around 90%, which results in the weakening of the Goss texture after primary recrystallisation, due to the rotation of the deform- ation texture away from the {111}<112> orientation.",48917,48921,,,GOES,,,grain-oriented electric steel
13,cold rolling,PROCESSING,,"In GOES produced in a one- stage cold rolling process, the reduction is around 90%, which results in the weakening of the Goss texture after primary recrystallisation, due to the rotation of the deform- ation texture away from the {111}<112> orientation.",48947,48959,,,cold rolling,,,cold rolling
13,Goss texture,PROCESSING,,"In GOES produced in a one- stage cold rolling process, the reduction is around 90%, which results in the weakening of the Goss texture after primary recrystallisation, due to the rotation of the deform- ation texture away from the {111}<112> orientation.",49036,49048,,,Goss texture,,,Goss texture
13,recrystallisation,PROCESSING,,"In GOES produced in a one- stage cold rolling process, the reduction is around 90%, which results in the weakening of the Goss texture after primary recrystallisation, due to the rotation of the deform- ation texture away from the {111}<112> orientation.",49063,49080,,,recrystallisation,,,recrystallisation
13,texture,PROCESSING,,"In GOES produced in a one- stage cold rolling process, the reduction is around 90%, which results in the weakening of the Goss texture after primary recrystallisation, due to the rotation of the deform- ation texture away from the {111}<112> orientation.",49123,49130,,,texture,,,texture
13,cold rolling,PROCESSING,,The grain size before cold rolling also affects the Goss texture after primary recrystallisation.,49191,49203,,,cold rolling,,,cold rolling
13,Goss texture,PROCESSING,,The grain size before cold rolling also affects the Goss texture after primary recrystallisation.,49221,49233,,,Goss texture,,,Goss texture
13,recrystallisation,PROCESSING,,The grain size before cold rolling also affects the Goss texture after primary recrystallisation.,49248,49265,,,recrystallisation,,,recrystallisation
13,cold rolling,PROCESSING,,Coarse grains before cold rolling lead to the appearance of Goss in the grain interior as it is easy to develop deformation inhomo-,49288,49300,,,cold rolling,,,cold rolling
13,recrystallisation,PROCESSING,,"geneity and deformation bands/shear bands in large grains, which promotes the formation of Goss grains within the interior of grains during primary recrystallisation.",49547,49564,,,recrystallisation,,,recrystallisation
13,texture,PROCESSING,,"Typical microstructure and texture of GOES after primary recrystallisation: (a) microstructure with distributed Goss grains (±5°),95 (b) texture at the surface layer,99 (c) texture at the middle layer (ODF at φ2 = 45° section of the Euler space, Bunge notation).99 He and Kestens 363 Heating rate has been reported to inﬂuence the primary recrystallisation texture95,99 since the incubation time for nucleation depends on the orientation of the nuclei; thus, different heating rates may intensify different textures.",49603,49610,,,texture,,,texture
13,GOES,COMPETING_MATERIAL,,"Typical microstructure and texture of GOES after primary recrystallisation: (a) microstructure with distributed Goss grains (±5°),95 (b) texture at the surface layer,99 (c) texture at the middle layer (ODF at φ2 = 45° section of the Euler space, Bunge notation).99 He and Kestens 363 Heating rate has been reported to inﬂuence the primary recrystallisation texture95,99 since the incubation time for nucleation depends on the orientation of the nuclei; thus, different heating rates may intensify different textures.",49614,49618,,,GOES,,,grain-oriented electric steel
13,recrystallisation,PROCESSING,,"Typical microstructure and texture of GOES after primary recrystallisation: (a) microstructure with distributed Goss grains (±5°),95 (b) texture at the surface layer,99 (c) texture at the middle layer (ODF at φ2 = 45° section of the Euler space, Bunge notation).99 He and Kestens 363 Heating rate has been reported to inﬂuence the primary recrystallisation texture95,99 since the incubation time for nucleation depends on the orientation of the nuclei; thus, different heating rates may intensify different textures.",49633,49650,,,recrystallisation,,,recrystallisation
13,texture,PROCESSING,,"Typical microstructure and texture of GOES after primary recrystallisation: (a) microstructure with distributed Goss grains (±5°),95 (b) texture at the surface layer,99 (c) texture at the middle layer (ODF at φ2 = 45° section of the Euler space, Bunge notation).99 He and Kestens 363 Heating rate has been reported to inﬂuence the primary recrystallisation texture95,99 since the incubation time for nucleation depends on the orientation of the nuclei; thus, different heating rates may intensify different textures.",49713,49720,,,texture,,,texture
13,texture,PROCESSING,,"Typical microstructure and texture of GOES after primary recrystallisation: (a) microstructure with distributed Goss grains (±5°),95 (b) texture at the surface layer,99 (c) texture at the middle layer (ODF at φ2 = 45° section of the Euler space, Bunge notation).99 He and Kestens 363 Heating rate has been reported to inﬂuence the primary recrystallisation texture95,99 since the incubation time for nucleation depends on the orientation of the nuclei; thus, different heating rates may intensify different textures.",49749,49756,,,texture,,,texture
13,recrystallisation,PROCESSING,,"Typical microstructure and texture of GOES after primary recrystallisation: (a) microstructure with distributed Goss grains (±5°),95 (b) texture at the surface layer,99 (c) texture at the middle layer (ODF at φ2 = 45° section of the Euler space, Bunge notation).99 He and Kestens 363 Heating rate has been reported to inﬂuence the primary recrystallisation texture95,99 since the incubation time for nucleation depends on the orientation of the nuclei; thus, different heating rates may intensify different textures.",49915,49932,,,recrystallisation,,,recrystallisation
13,texture,PROCESSING,,"Rapid heating can suppress the nucleation of other grains while favouring the nucleation of the grains with the highest stored energy, e.g., {011}<100>, as these grains need the shortest incubation time to recrystallise.5 Finely dispersed precipitates not only retard the overall nucleation rate, but also selectively retard speciﬁc nucleation sites, e.g., the precipitation of AlN during heating has been reported to effectively enhance the <111>//ND texture while suppressing the {011}<100> texture.",50545,50552,,,texture,,,texture
13,texture,PROCESSING,,"Rapid heating can suppress the nucleation of other grains while favouring the nucleation of the grains with the highest stored energy, e.g., {011}<100>, as these grains need the shortest incubation time to recrystallise.5 Finely dispersed precipitates not only retard the overall nucleation rate, but also selectively retard speciﬁc nucleation sites, e.g., the precipitation of AlN during heating has been reported to effectively enhance the <111>//ND texture while suppressing the {011}<100> texture.",50586,50593,,,texture,,,texture
13,recrystallisation,PROCESSING,,Secondary recrystallisation The most critical processing step in GOES production is the high-temperature batch annealing (secondary recrystallisa- tion) which leads to the AGG of Goss and forming an extremely strong Goss texture.,50605,50622,,,recrystallisation,,,recrystallisation
13,GOES,COMPETING_MATERIAL,,Secondary recrystallisation The most critical processing step in GOES production is the high-temperature batch annealing (secondary recrystallisa- tion) which leads to the AGG of Goss and forming an extremely strong Goss texture.,50660,50664,,,GOES,,,grain-oriented electric steel
13,Goss texture,PROCESSING,,Secondary recrystallisation The most critical processing step in GOES production is the high-temperature batch annealing (secondary recrystallisa- tion) which leads to the AGG of Goss and forming an extremely strong Goss texture.,50811,50823,,,Goss texture,,,Goss texture
13,Goss texture,PROCESSING,,Many investigations have been dedicated to the understanding of the selective growth mechanisms of the Goss texture.,50928,50940,,,Goss texture,,,Goss texture
13,GOES,COMPETING_MATERIAL,,It is known that controlling the precipitation of inhibitors is the most critical industrial practice to successfully produce GOES.,51494,51498,,,GOES,,,grain-oriented electric steel
13,recrystallisation,PROCESSING,,"The Goss nuclei that are selected during secondary recrystallisation are believed to be inherited from hot rolling.7,30,31,82,86 As mentioned before, Goss at the subsur- face layer (10–25% depth) was produced by the shear deformation induced by the friction between the steel and the rolls, which was then subjected to hot band annealing, cold rolling (maybe with intermediate annealing) and primary recrystallisation, and ﬁnally survived in secondary recrystallisation.",51551,51568,,,recrystallisation,,,recrystallisation
13,hot band annealing,PROCESSING,,"The Goss nuclei that are selected during secondary recrystallisation are believed to be inherited from hot rolling.7,30,31,82,86 As mentioned before, Goss at the subsur- face layer (10–25% depth) was produced by the shear deformation induced by the friction between the steel and the rolls, which was then subjected to hot band annealing, cold rolling (maybe with intermediate annealing) and primary recrystallisation, and ﬁnally survived in secondary recrystallisation.",51819,51837,,,hot band annealing,,,hot band annealing
13,cold rolling,PROCESSING,,"The Goss nuclei that are selected during secondary recrystallisation are believed to be inherited from hot rolling.7,30,31,82,86 As mentioned before, Goss at the subsur- face layer (10–25% depth) was produced by the shear deformation induced by the friction between the steel and the rolls, which was then subjected to hot band annealing, cold rolling (maybe with intermediate annealing) and primary recrystallisation, and ﬁnally survived in secondary recrystallisation.",51839,51851,,,cold rolling,,,cold rolling
13,recrystallisation,PROCESSING,,"The Goss nuclei that are selected during secondary recrystallisation are believed to be inherited from hot rolling.7,30,31,82,86 As mentioned before, Goss at the subsur- face layer (10–25% depth) was produced by the shear deformation induced by the friction between the steel and the rolls, which was then subjected to hot band annealing, cold rolling (maybe with intermediate annealing) and primary recrystallisation, and ﬁnally survived in secondary recrystallisation.",51900,51917,,,recrystallisation,,,recrystallisation
13,recrystallisation,PROCESSING,,"The Goss nuclei that are selected during secondary recrystallisation are believed to be inherited from hot rolling.7,30,31,82,86 As mentioned before, Goss at the subsur- face layer (10–25% depth) was produced by the shear deformation induced by the friction between the steel and the rolls, which was then subjected to hot band annealing, cold rolling (maybe with intermediate annealing) and primary recrystallisation, and ﬁnally survived in secondary recrystallisation.",51952,51969,,,recrystallisation,,,recrystallisation
13,texture,PROCESSING,,"The Goss orientation shows a 35°<110> rota- tion from the {111}<112> orientation (the major texture after primary recrystallisation), which is close to the Σ9 (38.9°<110>)",52910,52917,,,texture,,,texture
13,recrystallisation,PROCESSING,,"The Goss orientation shows a 35°<110> rota- tion from the {111}<112> orientation (the major texture after primary recrystallisation), which is close to the Σ9 (38.9°<110>)",52932,52949,,,recrystallisation,,,recrystallisation
13,recrystallisation,PROCESSING,,"It has been shown that the Goss grains are surrounded by the highest fraction of CSL boundaries (among all {011}-grains),102 and the inten- sities of the Σ9 and Σ5 were stronger than the other Σ’s.103 It has been demonstrated that the Σ9 boundaries play a crit- ical role in the secondary recrystallisation of the Goss grains.104",53292,53309,,,recrystallisation,,,recrystallisation
13,GOES,COMPETING_MATERIAL,,"While all these models have attempted to explain the AGG of Goss in GOES production, none of them has been able to give a complete explanation or concrete under- standing of the phenomenon.",54961,54965,,,GOES,,,grain-oriented electric steel
13,Goss texture,PROCESSING,,"The heating rate of the secondary annealing is slow so that the high expansion rate of the {011} planes is achieved, avoiding the high expansion rate of other planes, thus leading to a sharp Goss texture.",57554,57566,,,Goss texture,,,Goss texture
13,GOES,COMPETING_MATERIAL,,"Another new theory, called Dislocation-Assisted Particle Dissolution (DAPD), was recently proposed by Yilmaz et al.100 to explain the AGG of Goss in GOES production, especially in the early stage of AGG (Figure 8).",58711,58715,,,GOES,,,grain-oriented electric steel
13,hot rolling,PROCESSING,,"This theory was based on the observation that in abnormally grown Goss grains there are subgrain structures (subgrain bound- aries and dislocations) which are believed to be inherited from the Goss after hot rolling and survived from the cold rolling, primary and secondary recrystallisation.",58981,58992,,,hot rolling,,,hot rolling
13,cold rolling,PROCESSING,,"This theory was based on the observation that in abnormally grown Goss grains there are subgrain structures (subgrain bound- aries and dislocations) which are believed to be inherited from the Goss after hot rolling and survived from the cold rolling, primary and secondary recrystallisation.",59015,59027,,,cold rolling,,,cold rolling
13,recrystallisation,PROCESSING,,"This theory was based on the observation that in abnormally grown Goss grains there are subgrain structures (subgrain bound- aries and dislocations) which are believed to be inherited from the Goss after hot rolling and survived from the cold rolling, primary and secondary recrystallisation.",59051,59068,,,recrystallisation,,,recrystallisation
13,recrystallisation,PROCESSING,,"However, as mentioned by the authors them- selves, an unequivocal experimental observation of obvious substructures of Goss grains after primary recrystallisation has yet to be provided.",59517,59534,,,recrystallisation,,,recrystallisation
13,recrystallisation,PROCESSING,,"In addition, how such struc- tures could survive the discontinuous solid-state transform- ation induced by primary recrystallisation?",59851,59868,,,recrystallisation,,,recrystallisation
13,texture,PROCESSING,,"Hayakawa et al.7,118 reported that a narrow grain size distribution and a strong texture accumulation can play a more important role than the inhibitors in the selective growth of the Goss grains during secondary recrystallisa- tion.",59951,59958,,,texture,,,texture
13,recrystallisation,PROCESSING,,He and Kestens 365 can cause the onset of secondary recrystallisation in steel that does not contain inhibitors.,60514,60531,,,recrystallisation,,,recrystallisation
13,cold rolling,PROCESSING,,"This was realised by repeated cold rolling and continuous short-time decarbon- isation, which produced a two-layer structure: a surface layer containing α-ferrite and an interior layer consisting of pearlite-like structure plus α-ferrite.",60778,60790,,,cold rolling,,,cold rolling
13,ferrite,COMPETING_MATERIAL,,"This was realised by repeated cold rolling and continuous short-time decarbon- isation, which produced a two-layer structure: a surface layer containing α-ferrite and an interior layer consisting of pearlite-like structure plus α-ferrite.",60903,60910,,,ferrite,,,ferrite
13,ferrite,COMPETING_MATERIAL,,"This was realised by repeated cold rolling and continuous short-time decarbon- isation, which produced a two-layer structure: a surface layer containing α-ferrite and an interior layer consisting of pearlite-like structure plus α-ferrite.",60978,60985,,,ferrite,,,ferrite
13,GOES,COMPETING_MATERIAL,,"However, these interesting and new methods for GOES development have not been studied by others and the theory regarding the Goss growth has not been investigated.",61247,61251,,,GOES,,,grain-oriented electric steel
13,texture,PROCESSING,,"Summary of the evolution of microstructure and texture in GOES production Based on the above discussion, the evolution of microstruc- ture and texture (the inheritance of Goss) during the pro- cessing of GOES can be summarised as follows (Figure 9): 1.",61411,61418,,,texture,,,texture
13,GOES,COMPETING_MATERIAL,,"Summary of the evolution of microstructure and texture in GOES production Based on the above discussion, the evolution of microstruc- ture and texture (the inheritance of Goss) during the pro- cessing of GOES can be summarised as follows (Figure 9): 1.",61422,61426,,,GOES,,,grain-oriented electric steel
13,texture,PROCESSING,,"Summary of the evolution of microstructure and texture in GOES production Based on the above discussion, the evolution of microstruc- ture and texture (the inheritance of Goss) during the pro- cessing of GOES can be summarised as follows (Figure 9): 1.",61507,61514,,,texture,,,texture
13,GOES,COMPETING_MATERIAL,,"Summary of the evolution of microstructure and texture in GOES production Based on the above discussion, the evolution of microstruc- ture and texture (the inheritance of Goss) during the pro- cessing of GOES can be summarised as follows (Figure 9): 1.",61568,61572,,,GOES,,,grain-oriented electric steel
13,texture,PROCESSING,,Continuous casting produces a three-layer microstruc- ture with a <001>//ND texture in the columnar grains.,61693,61700,,,texture,,,texture
13,texture,PROCESSING,,Hot rolling forms Goss grains in the subsurface layer and an α-ﬁbre texture in the centre layer; inhibitors may pre- cipitate during and after hot rolling.,61908,61915,,,texture,,,texture
13,hot rolling,PROCESSING,,Hot rolling forms Goss grains in the subsurface layer and an α-ﬁbre texture in the centre layer; inhibitors may pre- cipitate during and after hot rolling.,61983,61994,,,hot rolling,,,hot rolling
13,hot rolling,PROCESSING,,Hot band annealing produces a recrystallised structure with similar textures to those after hot rolling.,62091,62102,,,hot rolling,,,hot rolling
13,texture,PROCESSING,,Cold rolling (with or without intermediate annealing) deforms the recrystallised grains and generates a {111}<112> texture in the matrix and Goss grains near the surface.,62222,62229,,,texture,,,texture
13,recrystallisation,PROCESSING,,Primary recrystallisation produces a ﬁne microstructure with a {111}<112> texture in the matrix and large Goss grains near the surface.,62289,62306,,,recrystallisation,,,recrystallisation
13,texture,PROCESSING,,Primary recrystallisation produces a ﬁne microstructure with a {111}<112> texture in the matrix and large Goss grains near the surface.,62355,62362,,,texture,,,texture
13,recrystallisation,PROCESSING,,"7. Secondary recrystallisation promotes the AGG of Goss and prevents the growth of other grains, leading to a strong Goss texture in the ﬁnal sheet.",62430,62447,,,recrystallisation,,,recrystallisation
13,Goss texture,PROCESSING,,"7. Secondary recrystallisation promotes the AGG of Goss and prevents the growth of other grains, leading to a strong Goss texture in the ﬁnal sheet.",62534,62546,,,Goss texture,,,Goss texture
13,GOES,COMPETING_MATERIAL,,Coating and domain reﬁning Coating is an integral part of the GOES production process and plays an important role in reducing the eddy current loss.,62628,62632,,,GOES,,,grain-oriented electric steel
13,GOES,COMPETING_MATERIAL,,"In addition, removing the surface oxides and applying coating onto GOES sheets not only protect the steel from corrosion, but also improve the magnetic properties, i.e., reducing the core loss and magnetostriction by providing insulating resistance and improving the surface roughness (increase in the number of mobile domains).120,121",62782,62786,,,GOES,,,grain-oriented electric steel
13,GOES,COMPETING_MATERIAL,,"The separator coating (Mg2SiO4 glass ﬁlm) may be removed after secondary recrystallisa- tion and a layer of metallic plating, e.g., Zn, Sn, Cu or Ni, may be applied.120 Finally, a phosphate coating (a mixture of colloidal silica and aluminium orthophosphate) is applied and baked (350–450 °C) onto the GOES sheets121 to form the ﬁnal insulating coating.",63887,63891,,,GOES,,,grain-oriented electric steel
13,insulating coating,PROCESSING,,"The separator coating (Mg2SiO4 glass ﬁlm) may be removed after secondary recrystallisa- tion and a layer of metallic plating, e.g., Zn, Sn, Cu or Ni, may be applied.120 Finally, a phosphate coating (a mixture of colloidal silica and aluminium orthophosphate) is applied and baked (350–450 °C) onto the GOES sheets121 to form the ﬁnal insulating coating.",63919,63937,,,insulating coating,,,insulating coating
13,GOES,COMPETING_MATERIAL,,"The core loss of the GOES sheets can be further reduced by reﬁning the magnetic domains, normally through the introduction of mechanical or thermal strains (residual stresses) in the GOES sheets.122,123 While the production of high permeability GOES by reducing the deviation angle from 7° to 3° considerably improves the magnetic induction, the grain size is also increased from about 0.3 mm to 10 mm,121 which deteriorates the core loss.",63960,63964,,,GOES,,,grain-oriented electric steel
13,GOES,COMPETING_MATERIAL,,"The core loss of the GOES sheets can be further reduced by reﬁning the magnetic domains, normally through the introduction of mechanical or thermal strains (residual stresses) in the GOES sheets.122,123 While the production of high permeability GOES by reducing the deviation angle from 7° to 3° considerably improves the magnetic induction, the grain size is also increased from about 0.3 mm to 10 mm,121 which deteriorates the core loss.",64122,64126,,,GOES,,,grain-oriented electric steel
13,GOES,COMPETING_MATERIAL,,"The core loss of the GOES sheets can be further reduced by reﬁning the magnetic domains, normally through the introduction of mechanical or thermal strains (residual stresses) in the GOES sheets.122,123 While the production of high permeability GOES by reducing the deviation angle from 7° to 3° considerably improves the magnetic induction, the grain size is also increased from about 0.3 mm to 10 mm,121 which deteriorates the core loss.",64184,64188,,,GOES,,,grain-oriented electric steel
13,Goss texture,PROCESSING,,"Since it is difﬁcult to reduce the grain size while achieving the sharp Goss texture using metallurgical means, non- metallurgical techniques were developed, e.g., making Figure 8.",64451,64463,,,Goss texture,,,Goss texture
13,GOES,COMPETING_MATERIAL,,These methods are rela- tively simple to apply and can considerably improve the magnetic properties of the GOES sheets.,65032,65036,,,GOES,,,grain-oriented electric steel
13,GOES,COMPETING_MATERIAL,,"Future research and development With continued research and development in the past decades, the magnetic quality of GOES has been signiﬁ- cantly improved.27,124 However, since the 1970’s, the improvement of magnetic ﬂux density in GOES has been relatively small,125–129 as the magnetic induction (B8 = 2.0 T) is already very close to the saturation ﬂux density of 2.03 T (single {011}<100> crystal).130 While there is still some room to further reduce the core loss by reducing the sheet thickness and optimising the microstructure, the potential to improve the magnetic ﬂux density (B8) by texture optimisation is very limited as the deviation angle from the ideal Goss in high permeability GOES has already been reduced to about 3°, which is very close to the theoretical single crystal orientation.",65162,65166,,,GOES,,,grain-oriented electric steel
13,GOES,COMPETING_MATERIAL,,"Future research and development With continued research and development in the past decades, the magnetic quality of GOES has been signiﬁ- cantly improved.27,124 However, since the 1970’s, the improvement of magnetic ﬂux density in GOES has been relatively small,125–129 as the magnetic induction (B8 = 2.0 T) is already very close to the saturation ﬂux density of 2.03 T (single {011}<100> crystal).130 While there is still some room to further reduce the core loss by reducing the sheet thickness and optimising the microstructure, the potential to improve the magnetic ﬂux density (B8) by texture optimisation is very limited as the deviation angle from the ideal Goss in high permeability GOES has already been reduced to about 3°, which is very close to the theoretical single crystal orientation.",65277,65281,,,GOES,,,grain-oriented electric steel
13,B8,FLUX_DENSITY,COMPETITOR,"Future research and development With continued research and development in the past decades, the magnetic quality of GOES has been signiﬁ- cantly improved.27,124 However, since the 1970’s, the improvement of magnetic ﬂux density in GOES has been relatively small,125–129 as the magnetic induction (B8 = 2.0 T) is already very close to the saturation ﬂux density of 2.03 T (single {011}<100> crystal).130 While there is still some room to further reduce the core loss by reducing the sheet thickness and optimising the microstructure, the potential to improve the magnetic ﬂux density (B8) by texture optimisation is very limited as the deviation angle from the ideal Goss in high permeability GOES has already been reduced to about 3°, which is very close to the theoretical single crystal orientation.",65343,65345,,notation,B8,,,B8
13,2.0 T,FLUX_DENSITY,COMPETITOR,"Future research and development With continued research and development in the past decades, the magnetic quality of GOES has been signiﬁ- cantly improved.27,124 However, since the 1970’s, the improvement of magnetic ﬂux density in GOES has been relatively small,125–129 as the magnetic induction (B8 = 2.0 T) is already very close to the saturation ﬂux density of 2.03 T (single {011}<100> crystal).130 While there is still some room to further reduce the core loss by reducing the sheet thickness and optimising the microstructure, the potential to improve the magnetic ﬂux density (B8) by texture optimisation is very limited as the deviation angle from the ideal Goss in high permeability GOES has already been reduced to about 3°, which is very close to the theoretical single crystal orientation.",65348,65353,2.0,T,2.0 T,,,2.0 T
13,2.03 T,FLUX_DENSITY,COMPETITOR,"Future research and development With continued research and development in the past decades, the magnetic quality of GOES has been signiﬁ- cantly improved.27,124 However, since the 1970’s, the improvement of magnetic ﬂux density in GOES has been relatively small,125–129 as the magnetic induction (B8 = 2.0 T) is already very close to the saturation ﬂux density of 2.03 T (single {011}<100> crystal).130 While there is still some room to further reduce the core loss by reducing the sheet thickness and optimising the microstructure, the potential to improve the magnetic ﬂux density (B8) by texture optimisation is very limited as the deviation angle from the ideal Goss in high permeability GOES has already been reduced to about 3°, which is very close to the theoretical single crystal orientation.",65410,65416,2.03,T,2.03 T,,,2.03 T
13,B8,FLUX_DENSITY,COMPETITOR,"Future research and development With continued research and development in the past decades, the magnetic quality of GOES has been signiﬁ- cantly improved.27,124 However, since the 1970’s, the improvement of magnetic ﬂux density in GOES has been relatively small,125–129 as the magnetic induction (B8 = 2.0 T) is already very close to the saturation ﬂux density of 2.03 T (single {011}<100> crystal).130 While there is still some room to further reduce the core loss by reducing the sheet thickness and optimising the microstructure, the potential to improve the magnetic ﬂux density (B8) by texture optimisation is very limited as the deviation angle from the ideal Goss in high permeability GOES has already been reduced to about 3°, which is very close to the theoretical single crystal orientation.",65630,65632,,notation,B8,,,B8
13,texture,PROCESSING,,"Future research and development With continued research and development in the past decades, the magnetic quality of GOES has been signiﬁ- cantly improved.27,124 However, since the 1970’s, the improvement of magnetic ﬂux density in GOES has been relatively small,125–129 as the magnetic induction (B8 = 2.0 T) is already very close to the saturation ﬂux density of 2.03 T (single {011}<100> crystal).130 While there is still some room to further reduce the core loss by reducing the sheet thickness and optimising the microstructure, the potential to improve the magnetic ﬂux density (B8) by texture optimisation is very limited as the deviation angle from the ideal Goss in high permeability GOES has already been reduced to about 3°, which is very close to the theoretical single crystal orientation.",65637,65644,,,texture,,,texture
13,GOES,COMPETING_MATERIAL,,"Future research and development With continued research and development in the past decades, the magnetic quality of GOES has been signiﬁ- cantly improved.27,124 However, since the 1970’s, the improvement of magnetic ﬂux density in GOES has been relatively small,125–129 as the magnetic induction (B8 = 2.0 T) is already very close to the saturation ﬂux density of 2.03 T (single {011}<100> crystal).130 While there is still some room to further reduce the core loss by reducing the sheet thickness and optimising the microstructure, the potential to improve the magnetic ﬂux density (B8) by texture optimisation is very limited as the deviation angle from the ideal Goss in high permeability GOES has already been reduced to about 3°, which is very close to the theoretical single crystal orientation.",65738,65742,,,GOES,,,grain-oriented electric steel
13,GOES,COMPETING_MATERIAL,,"Thus, the focus of future research on GOES production should be placed on reducing the costs (e.g., using CSP, TRC, low- temperature slab reheating, etc.) and alleviating the envir- onmental impact (e.g., using electric arc furnace instead of blast furnace for steelmaking) while achieving excellent magnetic properties.",65886,65890,,,GOES,,,grain-oriented electric steel
13,GOES,COMPETING_MATERIAL,,"Although most GOES sheets are used at the power fre- quency of 50/60 Hz, there is a niche market for high frequency applications where ultra-thin (0.2–0.05 mm) or ultra high silicon (6.5% Si) GOES sheets have appar- ent advantages, i.e., much lower core losses than the conventional GOES sheets, zero magnetostriction, etc.",66342,66346,,,GOES,,,grain-oriented electric steel
13,6.5% Si,SI_CONTENT,COMPETITOR,"Although most GOES sheets are used at the power fre- quency of 50/60 Hz, there is a niche market for high frequency applications where ultra-thin (0.2–0.05 mm) or ultra high silicon (6.5% Si) GOES sheets have appar- ent advantages, i.e., much lower core losses than the conventional GOES sheets, zero magnetostriction, etc.",66511,66518,6.5,%,6.5 %,,,6.5% Si
13,GOES,COMPETING_MATERIAL,,"Although most GOES sheets are used at the power fre- quency of 50/60 Hz, there is a niche market for high frequency applications where ultra-thin (0.2–0.05 mm) or ultra high silicon (6.5% Si) GOES sheets have appar- ent advantages, i.e., much lower core losses than the conventional GOES sheets, zero magnetostriction, etc.",66520,66524,,,GOES,,,grain-oriented electric steel
13,GOES,COMPETING_MATERIAL,,"Although most GOES sheets are used at the power fre- quency of 50/60 Hz, there is a niche market for high frequency applications where ultra-thin (0.2–0.05 mm) or ultra high silicon (6.5% Si) GOES sheets have appar- ent advantages, i.e., much lower core losses than the conventional GOES sheets, zero magnetostriction, etc.",66611,66615,,,GOES,,,grain-oriented electric steel
13,GOES,COMPETING_MATERIAL,,"Developing technologies to economically produce such GOES products is a potential gamechanger in the future, though it remains uncertain if economically viable process-",66705,66709,,,GOES,,,grain-oriented electric steel
13,6.5% Si,SI_CONTENT,COMPETITOR,Increasing the silicon content of relatively low silicon (< 3.2%) steel after it is cold rolled to produce 6.5% Si GOES using more cost effective and environment friendly methods (other than chemical vapour deposition) may also be a route to pursue.,66992,66999,6.5,%,6.5 %,,,6.5% Si
13,GOES,COMPETING_MATERIAL,,Increasing the silicon content of relatively low silicon (< 3.2%) steel after it is cold rolled to produce 6.5% Si GOES using more cost effective and environment friendly methods (other than chemical vapour deposition) may also be a route to pursue.,67000,67004,,,GOES,,,grain-oriented electric steel
13,chemical vapour deposition,PROCESSING,,Increasing the silicon content of relatively low silicon (< 3.2%) steel after it is cold rolled to produce 6.5% Si GOES using more cost effective and environment friendly methods (other than chemical vapour deposition) may also be a route to pursue.,67076,67102,,,chemical vapour deposition,,,chemical vapour deposition
13,recrystallisation,PROCESSING,,"From a scientiﬁc point of view, the theory regarding the AGG of Goss is still not completely established, especially the mechanism that governs the preferential growth of Goss during the early stage of secondary recrystallisation.",67347,67364,,,recrystallisation,,,recrystallisation
13,hot rolling,PROCESSING,,"On the other hand, how is the Goss ‘inherited’ from the hot rolling process and survives/reappears after hot band annealing, cold rolling, primary recrystallisation, and ﬁnally grows abnormally during secondary recrystallisation is still not well understood, which deserves further investigation.",67663,67674,,,hot rolling,,,hot rolling
13,hot band annealing,PROCESSING,,"On the other hand, how is the Goss ‘inherited’ from the hot rolling process and survives/reappears after hot band annealing, cold rolling, primary recrystallisation, and ﬁnally grows abnormally during secondary recrystallisation is still not well understood, which deserves further investigation.",67712,67730,,,hot band annealing,,,hot band annealing
13,cold rolling,PROCESSING,,"On the other hand, how is the Goss ‘inherited’ from the hot rolling process and survives/reappears after hot band annealing, cold rolling, primary recrystallisation, and ﬁnally grows abnormally during secondary recrystallisation is still not well understood, which deserves further investigation.",67732,67744,,,cold rolling,,,cold rolling
13,recrystallisation,PROCESSING,,"On the other hand, how is the Goss ‘inherited’ from the hot rolling process and survives/reappears after hot band annealing, cold rolling, primary recrystallisation, and ﬁnally grows abnormally during secondary recrystallisation is still not well understood, which deserves further investigation.",67754,67771,,,recrystallisation,,,recrystallisation
13,recrystallisation,PROCESSING,,"On the other hand, how is the Goss ‘inherited’ from the hot rolling process and survives/reappears after hot band annealing, cold rolling, primary recrystallisation, and ﬁnally grows abnormally during secondary recrystallisation is still not well understood, which deserves further investigation.",67818,67835,,,recrystallisation,,,recrystallisation
13,GOES,COMPETING_MATERIAL,,"Overview of NOES processing Different from GOES where forming a sharp and single Goss texture with the <100> in the RD is the ﬁnal goal, NOES not only requires the <100> directions to be uni-",67947,67951,,,GOES,,,grain-oriented electric steel
13,Goss texture,PROCESSING,,"Overview of NOES processing Different from GOES where forming a sharp and single Goss texture with the <100> in the RD is the ﬁnal goal, NOES not only requires the <100> directions to be uni-",67985,67997,,,Goss texture,,,Goss texture
13,continuous casting,PROCESSING,,"Again, continuous casting is normally employed to produce NOES, which is followed by hot rolling, cold rolling, and annealing.",68311,68329,,,continuous casting,,,continuous casting
13,hot rolling,PROCESSING,,"Again, continuous casting is normally employed to produce NOES, which is followed by hot rolling, cold rolling, and annealing.",68389,68400,,,hot rolling,,,hot rolling
13,cold rolling,PROCESSING,,"Again, continuous casting is normally employed to produce NOES, which is followed by hot rolling, cold rolling, and annealing.",68402,68414,,,cold rolling,,,cold rolling
13,temper rolling,PROCESSING,,"For semi-processed NOES, a temper rolling process (also known as skin pass rolling) is Figure 9.",68540,68554,,,temper rolling,,,temper rolling
13,skin pass,PROCESSING,,"For semi-processed NOES, a temper rolling process (also known as skin pass rolling) is Figure 9.",68578,68587,,,skin pass,,,skin pass
13,GOES,COMPETING_MATERIAL,,The inheritance of the Goss grains through the processing steps employed during GOES production (the traditional Goss method).,68690,68694,,,GOES,,,grain-oriented electric steel
13,texture,PROCESSING,,"As mentioned before, the ideal ﬁnal texture for NOES is the <001>//ND ﬁbre texture (also known as θ- or λ- ﬁbre).",68897,68904,,,texture,,,texture
13,texture,PROCESSING,,"As mentioned before, the ideal ﬁnal texture for NOES is the <001>//ND ﬁbre texture (also known as θ- or λ- ﬁbre).",68936,68943,,,texture,,,texture
13,texture,PROCESSING,,"The evolution of texture in NOES essentially follows similar mechanisms to those of low-carbon steel, which have been extensively investigated.134–136 However, after conventional rolling and annealing, the ﬁnal NOES sheets normally show strong <111>//ND and <110>//RD ﬁbres, which are not the desired ﬁnal texture.",68992,68999,,,texture,,,texture
13,texture,PROCESSING,,"The evolution of texture in NOES essentially follows similar mechanisms to those of low-carbon steel, which have been extensively investigated.134–136 However, after conventional rolling and annealing, the ﬁnal NOES sheets normally show strong <111>//ND and <110>//RD ﬁbres, which are not the desired ﬁnal texture.",69281,69288,,,texture,,,texture
13,texture,PROCESSING,,How to obtain a uni- formly distributed <001>//ND texture in the ﬁnal sheet together with an optimal grain size is the focus of NOES research.,69340,69347,,,texture,,,texture
13,texture,PROCESSING,,"Before discussing the NOES processing steps, the correlation between the magnetic properties and the microstructure/texture of NOES is brieﬂy examined.",69549,69556,,,texture,,,texture
13,texture,PROCESSING,,Correlation between the magnetic properties and microstructure/texture,69648,69655,,,texture,,,texture
13,anisotropy,PROCESSING,,"On the other hand, the core loss is also propor- tional to the anisotropy parameter, A(⃗h), as shown in Figure 12(a).",70514,70524,,,anisotropy,,,anisotropy
13,texture,PROCESSING,,A texture that leads to a smaller A(⃗h) will give rise to a smaller core loss.,70571,70578,,,texture,,,texture
13,texture,PROCESSING,,"However, the effect of texture on core loss also depends on the grain size.17 When the grain size is small (<100 μm), the optimisation of texture may result in a considerable decrease of the core loss; when the grain size is large (>200 μm), the core loss is less sensitive to texture.",70671,70678,,,texture,,,texture
13,texture,PROCESSING,,"However, the effect of texture on core loss also depends on the grain size.17 When the grain size is small (<100 μm), the optimisation of texture may result in a considerable decrease of the core loss; when the grain size is large (>200 μm), the core loss is less sensitive to texture.",70786,70793,,,texture,,,texture
13,texture,PROCESSING,,"However, the effect of texture on core loss also depends on the grain size.17 When the grain size is small (<100 μm), the optimisation of texture may result in a considerable decrease of the core loss; when the grain size is large (>200 μm), the core loss is less sensitive to texture.",70925,70932,,,texture,,,texture
13,B50,FLUX_DENSITY,UNSPECIFIED,The relationship between the magnetic ﬂux density at 5000 A/m (B50) and the anisotropy parameter is shown in Figure 12(b).,70997,71000,,notation,B50,,,B50
13,anisotropy,PROCESSING,,The relationship between the magnetic ﬂux density at 5000 A/m (B50) and the anisotropy parameter is shown in Figure 12(b).,71010,71020,,,anisotropy,,,anisotropy
13,B50,FLUX_DENSITY,UNSPECIFIED,"The magnetic ﬂux density linearly decreases with A(⃗h)139,140: B50 = C1 −C2 A(⃗h) (8) where C1 and C2 are material constants depending on the alloying elements and grain size.",71120,71123,,notation,B50,,,B50
13,texture,PROCESSING,,Optimising the texture to reduce the A(⃗h) will increase the magnetic ﬂux density.,71248,71255,,,texture,,,texture
13,B50,FLUX_DENSITY,UNSPECIFIED,"It should be noted that, the B50 value is essentially only dependent on the crystallographic texture and not sensitive to the thickness, grain size, and inclusions.141 Nevertheless, Lee et al.17 reported that, grain size also slightly affects the magnetic ﬂux density: large grains somewhat reduce the magnetic ﬂux density due to the increase of eddy current with the grain size.",71345,71348,,notation,B50,,,B50
13,texture,PROCESSING,,"It should be noted that, the B50 value is essentially only dependent on the crystallographic texture and not sensitive to the thickness, grain size, and inclusions.141 Nevertheless, Lee et al.17 reported that, grain size also slightly affects the magnetic ﬂux density: large grains somewhat reduce the magnetic ﬂux density due to the increase of eddy current with the grain size.",71409,71416,,,texture,,,texture
13,texture,PROCESSING,,"It is thus seen that, during the processing of NOES, con- trolling the grain size is critical to achieving a minimum core loss, while producing a texture that minimises the anisotropy parameter (A(⃗h)) will increase the magnetic ﬂux density as well as decrease the core loss.",71842,71849,,,texture,,,texture
13,anisotropy,PROCESSING,,"It is thus seen that, during the processing of NOES, con- trolling the grain size is critical to achieving a minimum core loss, while producing a texture that minimises the anisotropy parameter (A(⃗h)) will increase the magnetic ﬂux density as well as decrease the core loss.",71869,71879,,,anisotropy,,,anisotropy
13,texture,PROCESSING,,The produc- tion of NOES is thus aimed at achieving an optimal grain size while obtaining a desired texture that minimises the anisotropy parameter.,72072,72079,,,texture,,,texture
13,anisotropy,PROCESSING,,The produc- tion of NOES is thus aimed at achieving an optimal grain size while obtaining a desired texture that minimises the anisotropy parameter.,72099,72109,,,anisotropy,,,anisotropy
13,texture,PROCESSING,,"However, since all the thermomecha- nical processing steps employed in steel production will change the microstructure and crystallographic texture sim- ultaneously, achieving both the desired grain size and texture is very challenging.",72261,72268,,,texture,,,texture
13,texture,PROCESSING,,"However, since all the thermomecha- nical processing steps employed in steel production will change the microstructure and crystallographic texture sim- ultaneously, achieving both the desired grain size and texture is very challenging.",72329,72336,,,texture,,,texture
13,texture,PROCESSING,,Recent progress in optimising the microstructure and texture of NOES is reviewed in the following sections.,72411,72418,,,texture,,,texture
13,texture,PROCESSING,,"Effect of alloying elements on microstructure, texture, and magnetic properties Silicon.",72513,72520,,,texture,,,texture
13,anisotropy,PROCESSING,,"The saturation induction, anisotropy constant, and magnetostriction decrease with the silicon content,144,145 while the yield strength and tensile strength increase with silicon.",72793,72803,,,anisotropy,,,anisotropy
13,6.5% silicon,SI_CONTENT,UNSPECIFIED,"A minimum total loss was observed at near 6.5% silicon, but the poor mechanical properties of this material at room temperature have essentially prevented the processing of this alloy through conventional routes.",72988,73000,6.5,%,6.5 %,,,6.5% silicon
13,chemical vapour deposition,PROCESSING,,"The development of a chemical vapour deposition (CVD) method to increase the silicon content of relatively low silicon steel sheets through siliconizing146,147 has enabled the commercial pro- duction of this steel, but the workability of the ﬁnal sheet is still low, and the associated cost is high, which limited its wide application.",73180,73206,,,chemical vapour deposition,,,chemical vapour deposition
13,6.5% Si,SI_CONTENT,UNSPECIFIED,Research on the 6.5% Si NOES has Figure 11.,73511,73518,6.5,%,6.5 %,,,6.5% Si
13,6.5% Si,SI_CONTENT,UNSPECIFIED,"The relationship between the core loss and grain size: (a) hysteresis loss (Ph), eddy current loss (Pcl) and total loss (Pt) vs. grain diameter,138 (b) excess loss (Pe) vs. grain size.137 He and Kestens 369 been increasing recently, and a comprehensive review on the 6.5% Si electrical steel has been given by Ouyang et al.34 Aluminium.",73806,73813,6.5,%,6.5 %,,,6.5% Si
13,texture,PROCESSING,,"Mn has been frequently added to electrical steels to increase the ductility of the material and facilitate the manufacturing.3 Mn has essentially no effect on the crystallographic texture or the magnetic properties.3 Adding Mn in NOES has shown contradictory results: Cardoso et al.149 reported the improvement of the <001>// ND texture in a 3.0% Si NOES by adding 0.54% Mn, and Homma et al.150 reported similar effect by adding 1.3% Mn in a 0.5% Si NOES.",74708,74715,,,texture,,,texture
13,texture,PROCESSING,,"Mn has been frequently added to electrical steels to increase the ductility of the material and facilitate the manufacturing.3 Mn has essentially no effect on the crystallographic texture or the magnetic properties.3 Adding Mn in NOES has shown contradictory results: Cardoso et al.149 reported the improvement of the <001>// ND texture in a 3.0% Si NOES by adding 0.54% Mn, and Homma et al.150 reported similar effect by adding 1.3% Mn in a 0.5% Si NOES.",74857,74864,,,texture,,,texture
13,3.0% Si,SI_CONTENT,UNSPECIFIED,"Mn has been frequently added to electrical steels to increase the ductility of the material and facilitate the manufacturing.3 Mn has essentially no effect on the crystallographic texture or the magnetic properties.3 Adding Mn in NOES has shown contradictory results: Cardoso et al.149 reported the improvement of the <001>// ND texture in a 3.0% Si NOES by adding 0.54% Mn, and Homma et al.150 reported similar effect by adding 1.3% Mn in a 0.5% Si NOES.",74870,74877,3.0,%,3.0 %,,,3.0% Si
13,0.5% Si,SI_CONTENT,UNSPECIFIED,"Mn has been frequently added to electrical steels to increase the ductility of the material and facilitate the manufacturing.3 Mn has essentially no effect on the crystallographic texture or the magnetic properties.3 Adding Mn in NOES has shown contradictory results: Cardoso et al.149 reported the improvement of the <001>// ND texture in a 3.0% Si NOES by adding 0.54% Mn, and Homma et al.150 reported similar effect by adding 1.3% Mn in a 0.5% Si NOES.",74970,74977,0.5,%,0.5 %,,,0.5% Si
13,3.0% Si,SI_CONTENT,UNSPECIFIED,Kubato151 indicated that adding up to 2.0% Mn to 3.0% Si steel increases the core losses and decreases the magnetic induction.,75033,75040,3.0,%,3.0 %,,,3.0% Si
13,2.66% Si,SI_CONTENT,UNSPECIFIED,Schulte et al.152 examined the effect of up to 1.38% of Mn on 2.66% Si steel.,75339,75347,2.66,%,2.66 %,,,2.66% Si
13,texture,PROCESSING,,It was found that Mn slightly improves the texture and reduces the core losses when the frequency is greater than 100 Hz.,75398,75405,,,texture,,,texture
13,B25,FLUX_DENSITY,UNSPECIFIED,"However, the saturation magnetic induction and B25 are reduced by Mn. Phosphorus.",75524,75527,,notation,B25,,,B25
13,2.0% Si,SI_CONTENT,UNSPECIFIED,"The works of Hou et al.153 and Park et al.154 showed an increase of both electrical resistivity and core loss due to the grain reﬁnement induced by the addition of P. Tanaka and Yashiki155,156 reported that the addition of 0.1% P in a 2.0% Si electrical steel only slightly reduces the magnetic induction when the thickness of the steel is reduced, while for the steel with 0.01% P, the magnetic induction drops signiﬁcantly with the reduction of thickness.",75885,75892,2.0,%,2.0 %,,,2.0% Si
13,recrystallisation,PROCESSING,,"However, the grain size is increased (although the recrystallisation was delayed) by the increase of the P content and the texture was improved as well, which reduced the hysteresis loss.",76287,76304,,,recrystallisation,,,recrystallisation
13,texture,PROCESSING,,"However, the grain size is increased (although the recrystallisation was delayed) by the increase of the P content and the texture was improved as well, which reduced the hysteresis loss.",76359,76366,,,texture,,,texture
13,3.0% Si,SI_CONTENT,UNSPECIFIED,"Lee et al.158 studied the effect of P on a 3.0% Si steel, and it was shown that the addition of 0.2% P in the steel can optimise the texture by promoting the cube {001}<100> texture while supressing the {111} <112> texture.",76467,76474,3.0,%,3.0 %,,,3.0% Si
13,texture,PROCESSING,,"Lee et al.158 studied the effect of P on a 3.0% Si steel, and it was shown that the addition of 0.2% P in the steel can optimise the texture by promoting the cube {001}<100> texture while supressing the {111} <112> texture.",76557,76564,,,texture,,,texture
13,texture,PROCESSING,,"Lee et al.158 studied the effect of P on a 3.0% Si steel, and it was shown that the addition of 0.2% P in the steel can optimise the texture by promoting the cube {001}<100> texture while supressing the {111} <112> texture.",76598,76605,,,texture,,,texture
13,texture,PROCESSING,,"Lee et al.158 studied the effect of P on a 3.0% Si steel, and it was shown that the addition of 0.2% P in the steel can optimise the texture by promoting the cube {001}<100> texture while supressing the {111} <112> texture.",76639,76646,,,texture,,,texture
13,recrystallisation,PROCESSING,,Sn is generally regarded as a harmful element for steel and is therefore not often considered as an alloying element.159 Sn is a surface-active element which segregates at surface and grain boundaries during recrystallisation.,76967,76984,,,recrystallisation,,,recrystallisation
13,anisotropy,PROCESSING,,"The relationship between the magnetic properties and the grain size and anisotropy parameter of NOES: (a) core loss at 1.5 T/50 Hz vs. the anisotropy parameter, (b) magnetic ﬂux density B50 vs. the anisotropy parameter.",77403,77413,,,anisotropy,,,anisotropy
13,anisotropy,PROCESSING,,"The relationship between the magnetic properties and the grain size and anisotropy parameter of NOES: (a) core loss at 1.5 T/50 Hz vs. the anisotropy parameter, (b) magnetic ﬂux density B50 vs. the anisotropy parameter.",77470,77480,,,anisotropy,,,anisotropy
13,B50,FLUX_DENSITY,UNSPECIFIED,"The relationship between the magnetic properties and the grain size and anisotropy parameter of NOES: (a) core loss at 1.5 T/50 Hz vs. the anisotropy parameter, (b) magnetic ﬂux density B50 vs. the anisotropy parameter.",77517,77520,,notation,B50,,,B50
13,anisotropy,PROCESSING,,"The relationship between the magnetic properties and the grain size and anisotropy parameter of NOES: (a) core loss at 1.5 T/50 Hz vs. the anisotropy parameter, (b) magnetic ﬂux density B50 vs. the anisotropy parameter.",77529,77539,,,anisotropy,,,anisotropy
13,recrystallisation,PROCESSING,,"NRD: normal rolled, CRD: cross rolled.17 370 International Materials Reviews 70(5) and thus retarding the onset of recrystallisation in {111} oriented grains.161 The works of Chang and Huang,162 Dong et al.,163",77716,77733,,,recrystallisation,,,recrystallisation
13,texture,PROCESSING,,and Hou et al.164 showed improved texture and thus low core loss and high magnetic ﬂux density.,77846,77853,,,texture,,,texture
13,texture,PROCESSING,,"Due to the positive effect of Sn on the texture and magnetic properties, a few patents were applied on the manufacturing of Sn-added non-oriented electrical steel.165,166 Antimony is another surface-active element usually added to NOES to improve the texture.167,168",77948,77955,,,texture,,,texture
13,texture,PROCESSING,,"Jenko et al.170,171 studied the effect of Sb addition on the texture of 1.8% and 2.0% Si steels",78642,78649,,,texture,,,texture
13,2.0% Si,SI_CONTENT,UNSPECIFIED,"Jenko et al.170,171 studied the effect of Sb addition on the texture of 1.8% and 2.0% Si steels",78662,78669,2.0,%,2.0 %,,,2.0% Si
13,texture,PROCESSING,,"It was also found that the addition of 0.04 to 0.05% Sb172,173 can promote the {001} texture while diminishing the {111} texture, thus reducing the core losses.",79095,79102,,,texture,,,texture
13,texture,PROCESSING,,"It was also found that the addition of 0.04 to 0.05% Sb172,173 can promote the {001} texture while diminishing the {111} texture, thus reducing the core losses.",79131,79138,,,texture,,,texture
13,texture,PROCESSING,,"Several more recent studies also conﬁrmed the inﬂuence of Sb on the development of the desired texture in NOES.174,175",79266,79273,,,texture,,,texture
13,grain growth,PROCESSING,,"Most of these elements (except Cu and Mg) tend to form precipi- tates with N and C (nitrides and carbides) in the steel, which suppress grain growth and hinder magnetic domain wall motion, resulting in the deterioration of magnetic proper- ties.176 Thus, these elements are usually kept as low as pos- sible, e.g., below 0.005∼0.002%.",79599,79611,,,grain growth,,,grain growth
13,6.5% Si steel,OOS_GRADE,,It was reported177 that adding up to 0.3% Cu in 6.5% Si steel was able to improve the plasticity of the steel due to the dissolution of Cu in solid solution which reduces the long-range order- ing.,79846,79859,,,6.5% Si steel,,,6.5% Si steel
13,6.5% Si steel,OOS_GRADE,,"The core loss of the 6.5% Si steel with up to 0.5% Cu was reported to be lower than that without Cu, which was caused by the larger grain size after recrystallisation resulted from the addition of Cu.178 C, N, S, O and B.",80017,80030,,,6.5% Si steel,,,6.5% Si steel
13,recrystallisation,PROCESSING,,"The core loss of the 6.5% Si steel with up to 0.5% Cu was reported to be lower than that without Cu, which was caused by the larger grain size after recrystallisation resulted from the addition of Cu.178 C, N, S, O and B.",80145,80162,,,recrystallisation,,,recrystallisation
13,rotated cube,PROCESSING,,"It has also been shown that the development of crystal orienta- tions in electrical steels is sensitive to impurities, e.g., ﬁne aluminium oxide may inhibit proper growth of favourably oriented grains.181 Carbon has been reported to have unique effects on the changes of slip activation and twin- ning deformation182 as well as on the phases of electrical steels.3,183 The changes of slip activation and twinning deformation promote the formation of the rotated cube texture ({001}<110>).",81175,81187,,,rotated cube,,,rotated cube
13,texture,PROCESSING,,"It has also been shown that the development of crystal orienta- tions in electrical steels is sensitive to impurities, e.g., ﬁne aluminium oxide may inhibit proper growth of favourably oriented grains.181 Carbon has been reported to have unique effects on the changes of slip activation and twin- ning deformation182 as well as on the phases of electrical steels.3,183 The changes of slip activation and twinning deformation promote the formation of the rotated cube texture ({001}<110>).",81188,81195,,,texture,,,texture
13,ferrite,COMPETING_MATERIAL,,The addition of carbon extends the austenite + ferrite region in Fe-Si.,81257,81264,,,ferrite,,,ferrite
13,texture,PROCESSING,,"The effect of various elements on the microstructure, texture, and magnetic properties of NOES is summarised in Table 3.",81703,81710,,,texture,,,texture
13,texture,PROCESSING,,"Effect of processing steps on microstructure, texture, and magnetic properties Casting.",81816,81823,,,texture,,,texture
13,GOES,COMPETING_MATERIAL,,"Like in GOES, the casting structure normally consists of equiaxed, columnar, and equiaxed grains, from the surface to the center.187,188 While the equiaxed grains usually do not show preferred orientations, the columnar crystals normally exhibit relatively strong texture.",81959,81963,,,GOES,,,grain-oriented electric steel
13,texture,PROCESSING,,"Like in GOES, the casting structure normally consists of equiaxed, columnar, and equiaxed grains, from the surface to the center.187,188 While the equiaxed grains usually do not show preferred orientations, the columnar crystals normally exhibit relatively strong texture.",82215,82222,,,texture,,,texture
13,texture,PROCESSING,,"For cubic metals or alloys, the long axis of the columnar grain is usually aligned in the <100> direction, which grows along the thermal gradient, i.e., perpendicular to the mould wall.188 As a result, a <001>//ND texture can be obtained after solidiﬁcation.141 Although similar issues such as shrinkage and segregation also exist, reports regarding the continuous casting process are rarely seen in the literature, since only major steel companies own such facilities, and the data are nor- mally kept as technical secret.50 Considerable recent research on NOES has been dedi- cated to the TRC process.60,189,190 Büchner & Schmitz191 investigated the possibility to produce Fe-6.0% Si strips using TRC and found that a complete columnar structure could form if non-moving rolls were used.",82438,82445,,,texture,,,texture
13,continuous casting,PROCESSING,,"For cubic metals or alloys, the long axis of the columnar grain is usually aligned in the <100> direction, which grows along the thermal gradient, i.e., perpendicular to the mould wall.188 As a result, a <001>//ND texture can be obtained after solidiﬁcation.141 Although similar issues such as shrinkage and segregation also exist, reports regarding the continuous casting process are rarely seen in the literature, since only major steel companies own such facilities, and the data are nor- mally kept as technical secret.50 Considerable recent research on NOES has been dedi- cated to the TRC process.60,189,190 Büchner & Schmitz191 investigated the possibility to produce Fe-6.0% Si strips using TRC and found that a complete columnar structure could form if non-moving rolls were used.",82578,82596,,,continuous casting,,,continuous casting
13,texture,PROCESSING,,"Park et al.192,193 reported the microstructure and texture of 4.3% and 4.5% Si steels processed by TRC.",83065,83072,,,texture,,,texture
13,4.5% Si,SI_CONTENT,UNSPECIFIED,"Park et al.192,193 reported the microstructure and texture of 4.3% and 4.5% Si steels processed by TRC.",83085,83092,4.5,%,4.5 %,,,4.5% Si
13,{100} texture,PROCESSING,,"As a result, the textures along the plate thick- ness direction can be clearly distinguished as: {100} texture at the surface due to solidiﬁcation (without deformation), Goss, copper, and brass in subsurface due to shear, and combined solidiﬁcation and plane strain compression tex- tures such as {100}, α-ﬁbre and γ-ﬁbre in the centre (Figure 13).",83490,83503,,,{100} texture,,,{100} texture
13,texture,PROCESSING,,"It is also demonstrated that both the superheat193,194 and cooling rate195 have signiﬁcant effects on the microstruc- ture and texture of the casting.",83869,83876,,,texture,,,texture
13,texture,PROCESSING,,"A higher superheat promotes the {001} texture (mainly by forming the columnar structure), while a lower superheat tends to form a more random texture (mainly equiaxed microstruc- ture).",84257,84264,,,texture,,,texture
13,texture,PROCESSING,,"A higher superheat promotes the {001} texture (mainly by forming the columnar structure), while a lower superheat tends to form a more random texture (mainly equiaxed microstruc- ture).",84361,84368,,,texture,,,texture
13,texture,PROCESSING,,"In most cases, the cast structure and texture are not able to be retained to the ﬁnal microstructure after hot rolling, cold rolling, and ﬁnal annealing.",84443,84450,,,texture,,,texture
13,hot rolling,PROCESSING,,"In most cases, the cast structure and texture are not able to be retained to the ﬁnal microstructure after hot rolling, cold rolling, and ﬁnal annealing.",84512,84523,,,hot rolling,,,hot rolling
13,cold rolling,PROCESSING,,"In most cases, the cast structure and texture are not able to be retained to the ﬁnal microstructure after hot rolling, cold rolling, and ﬁnal annealing.",84525,84537,,,cold rolling,,,cold rolling
13,<001> texture,PROCESSING,,"However, Cheng et al.193 reported that the columnar <001> texture formed in the cast structure could be retained by controlling the hot rolling reduction and temperature, intermediate cold rolling reduction, and ﬁnal annealing temperature, in which it is believed that an exact initial <001> with strong cube orientation is required to retain the <001> texture.",84611,84624,,,<001> texture,,,<001> texture
13,hot rolling,PROCESSING,,"However, Cheng et al.193 reported that the columnar <001> texture formed in the cast structure could be retained by controlling the hot rolling reduction and temperature, intermediate cold rolling reduction, and ﬁnal annealing temperature, in which it is believed that an exact initial <001> with strong cube orientation is required to retain the <001> texture.",84691,84702,,,hot rolling,,,hot rolling
13,cold rolling,PROCESSING,,"However, Cheng et al.193 reported that the columnar <001> texture formed in the cast structure could be retained by controlling the hot rolling reduction and temperature, intermediate cold rolling reduction, and ﬁnal annealing temperature, in which it is believed that an exact initial <001> with strong cube orientation is required to retain the <001> texture.",84743,84755,,,cold rolling,,,cold rolling
13,<001> texture,PROCESSING,,"However, Cheng et al.193 reported that the columnar <001> texture formed in the cast structure could be retained by controlling the hot rolling reduction and temperature, intermediate cold rolling reduction, and ﬁnal annealing temperature, in which it is believed that an exact initial <001> with strong cube orientation is required to retain the <001> texture.",84906,84919,,,<001> texture,,,<001> texture
13,texture,PROCESSING,,"Nevertheless, no other evidence on the retention of the <001> casting texture has been reported in the literature.",84991,84998,,,texture,,,texture
13,GOES,COMPETING_MATERIAL,,"Like in GOES production, hot rolling is also a necessary procedure to produce NOES.",85057,85061,,,GOES,,,grain-oriented electric steel
13,hot rolling,PROCESSING,,"Like in GOES production, hot rolling is also a necessary procedure to produce NOES.",85074,85085,,,hot rolling,,,hot rolling
13,hot rolling,PROCESSING,,"A few parameters can be varied during the hot rolling process to control the microstructure and texture, e.g., the reheating temperature and soaking time, the starting and ﬁnishing rolling tempera- tures, the number of rolling passes, the inter-pass time, the total amount of reduction, the coiling temperature and time, etc.",85175,85186,,,hot rolling,,,hot rolling
13,texture,PROCESSING,,"A few parameters can be varied during the hot rolling process to control the microstructure and texture, e.g., the reheating temperature and soaking time, the starting and ﬁnishing rolling tempera- tures, the number of rolling passes, the inter-pass time, the total amount of reduction, the coiling temperature and time, etc.",85229,85236,,,texture,,,texture
13,hot rolling,PROCESSING,,"During hot rolling and the subsequent coiling, Table 3.",85466,85477,,,hot rolling,,,hot rolling
13,ferrite,COMPETING_MATERIAL,,Stabilises ferrite phase and reduces austenite region.,85716,85723,,,ferrite,,,ferrite
13,anisotropy,PROCESSING,,Reduces magnetic anisotropy and magnetostriction.,85779,85789,,,anisotropy,,,anisotropy
13,texture,PROCESSING,,Essentially does not affect texture.,85917,85924,,,texture,,,texture
13,texture,PROCESSING,,Essentially does not affect texture.,86183,86190,,,texture,,,texture
13,grain growth,PROCESSING,,Promotes grain growth and reduces core loss.,86275,86287,,,grain growth,,,grain growth
13,texture,PROCESSING,,Contradictory in the effect of Mn on texture and core loss in NOES.,86350,86357,,,texture,,,texture
13,texture,PROCESSING,,"Contradictory results in the effect of P on texture, core loss, and magnetic induction.",86533,86540,,,texture,,,texture
13,texture,PROCESSING,,"Sn, Sb 0–0.21 • Both are surface-active elements and improve texture.",86638,86645,,,texture,,,texture
13,6.5% Si,SI_CONTENT,UNSPECIFIED,• 0.5% Cu increases plasticity and reduces core loss in 6.5% Si NOES.,86984,86991,6.5,%,6.5 %,,,6.5% Si
13,ferrite,COMPETING_MATERIAL,,C extends austenite + ferrite region and retains austenite phase when Si content is high.,87215,87222,,,ferrite,,,ferrite
13,4.5% Si,SI_CONTENT,UNSPECIFIED,"Textures of a 4.5% Si steel after twin-roll casting193: (a) surface layer, (b) subsurface layer, (c) centre layer.",87308,87315,4.5,%,4.5 %,,,4.5% Si
13,recrystallisation,PROCESSING,,"372 International Materials Reviews 70(5) important metallurgical phenomena occur, e.g., work hard- ening, recovery, recrystallisation, precipitation, phase trans- formation, etc., which will affect the deformation behaviour, microstructure, and texture of the steel during the subsequent cold rolling, as well as the ﬁnal microstruc- ture and texture after annealing.",87526,87543,,,recrystallisation,,,recrystallisation
13,texture,PROCESSING,,"372 International Materials Reviews 70(5) important metallurgical phenomena occur, e.g., work hard- ening, recovery, recrystallisation, precipitation, phase trans- formation, etc., which will affect the deformation behaviour, microstructure, and texture of the steel during the subsequent cold rolling, as well as the ﬁnal microstruc- ture and texture after annealing.",87655,87662,,,texture,,,texture
13,cold rolling,PROCESSING,,"372 International Materials Reviews 70(5) important metallurgical phenomena occur, e.g., work hard- ening, recovery, recrystallisation, precipitation, phase trans- formation, etc., which will affect the deformation behaviour, microstructure, and texture of the steel during the subsequent cold rolling, as well as the ﬁnal microstruc- ture and texture after annealing.",87698,87710,,,cold rolling,,,cold rolling
13,texture,PROCESSING,,"372 International Materials Reviews 70(5) important metallurgical phenomena occur, e.g., work hard- ening, recovery, recrystallisation, precipitation, phase trans- formation, etc., which will affect the deformation behaviour, microstructure, and texture of the steel during the subsequent cold rolling, as well as the ﬁnal microstruc- ture and texture after annealing.",87753,87760,,,texture,,,texture
13,texture,PROCESSING,,Typical cross-section microstructure and texture of hot-rolled NOES (3.2% Si) are shown in Figure 14.196,87819,87826,,,texture,,,texture
13,3.2% Si,SI_CONTENT,UNSPECIFIED,Typical cross-section microstructure and texture of hot-rolled NOES (3.2% Si) are shown in Figure 14.196,87847,87854,3.2,%,3.2 %,,,3.2% Si
13,texture,PROCESSING,,"The texture of the surface region (Figure 14(b)) is similar to that of the shear deformation texture in BCC metals, i.e., mainly copper ({112}<111>), brass ({110} <112>) and Goss ({110}<100>).",88307,88314,,,texture,,,texture
13,texture,PROCESSING,,"The texture of the surface region (Figure 14(b)) is similar to that of the shear deformation texture in BCC metals, i.e., mainly copper ({112}<111>), brass ({110} <112>) and Goss ({110}<100>).",88396,88403,,,texture,,,texture
13,grain growth,PROCESSING,,"Since no signiﬁcant grain growth has occurred, the recrys- tallised texture is close to the shear deformation texture.",88705,88717,,,grain growth,,,grain growth
13,texture,PROCESSING,,"Since no signiﬁcant grain growth has occurred, the recrys- tallised texture is close to the shear deformation texture.",88753,88760,,,texture,,,texture
13,texture,PROCESSING,,"Since no signiﬁcant grain growth has occurred, the recrys- tallised texture is close to the shear deformation texture.",88795,88802,,,texture,,,texture
13,recrystallisation,PROCESSING,,The main softening mech- anism is recovery (although recrystallisation is also occa- sionally noticed).,88943,88960,,,recrystallisation,,,recrystallisation
13,texture,PROCESSING,,"The texture (Figure 14(c)) is similar to the BCC shear deform- ation texture (copper, brass and Goss).",89091,89098,,,texture,,,texture
13,texture,PROCESSING,,"The texture (Figure 14(c)) is similar to the BCC shear deform- ation texture (copper, brass and Goss).",89156,89163,,,texture,,,texture
13,texture,PROCESSING,,A weak {001} <120> texture is also noticed.,89209,89216,,,texture,,,texture
13,texture,PROCESSING,,"As a result, the grains are elon- gated and the texture (Figure 14(d)) is typical of BCC metals after rolling, i.e., mainly consisting of α- and γ- ﬁbres.",89447,89454,,,texture,,,texture
13,texture,PROCESSING,,"Cross-thickness microstructure and texture of hot rolled 3.2% Si steel196: (a) IPF map, (b) texture of surface, (c) texture of sub-surface, (d) texture of centre, (e) overall texture.",89643,89650,,,texture,,,texture
13,3.2% Si,SI_CONTENT,UNSPECIFIED,"Cross-thickness microstructure and texture of hot rolled 3.2% Si steel196: (a) IPF map, (b) texture of surface, (c) texture of sub-surface, (d) texture of centre, (e) overall texture.",89665,89672,3.2,%,3.2 %,,,3.2% Si
13,texture,PROCESSING,,"Cross-thickness microstructure and texture of hot rolled 3.2% Si steel196: (a) IPF map, (b) texture of surface, (c) texture of sub-surface, (d) texture of centre, (e) overall texture.",89700,89707,,,texture,,,texture
13,texture,PROCESSING,,"Cross-thickness microstructure and texture of hot rolled 3.2% Si steel196: (a) IPF map, (b) texture of surface, (c) texture of sub-surface, (d) texture of centre, (e) overall texture.",89724,89731,,,texture,,,texture
13,texture,PROCESSING,,"Cross-thickness microstructure and texture of hot rolled 3.2% Si steel196: (a) IPF map, (b) texture of surface, (c) texture of sub-surface, (d) texture of centre, (e) overall texture.",89752,89759,,,texture,,,texture
13,texture,PROCESSING,,"Cross-thickness microstructure and texture of hot rolled 3.2% Si steel196: (a) IPF map, (b) texture of surface, (c) texture of sub-surface, (d) texture of centre, (e) overall texture.",89783,89790,,,texture,,,texture
13,texture,PROCESSING,,He and Kestens 373 overall texture is a combination of the textures from the three layers (Figure 14(e)).,89819,89826,,,texture,,,texture
13,texture,PROCESSING,,"Lyudkovsky and Southwick198 investigated the effect of thermomechanical processing history on the precipitation, microstructure, texture, and magnetic properties of a 2.0% Si electrical steel with different carbon and aluminium con- tents.",90027,90034,,,texture,,,texture
13,2.0% Si,SI_CONTENT,UNSPECIFIED,"Lyudkovsky and Southwick198 investigated the effect of thermomechanical processing history on the precipitation, microstructure, texture, and magnetic properties of a 2.0% Si electrical steel with different carbon and aluminium con- tents.",90065,90072,2.0,%,2.0 %,,,2.0% Si
13,ferrite,COMPETING_MATERIAL,,"For steels with phase transformation (containing 0.01–0.015% C), the reheating at a lower temperature (1150°C) resulted in a smaller ferrite grain size before hot rolling, which led to complete recrystallisation after coiling at a higher temperature (760°C).",90271,90278,,,ferrite,,,ferrite
13,hot rolling,PROCESSING,,"For steels with phase transformation (containing 0.01–0.015% C), the reheating at a lower temperature (1150°C) resulted in a smaller ferrite grain size before hot rolling, which led to complete recrystallisation after coiling at a higher temperature (760°C).",90297,90308,,,hot rolling,,,hot rolling
13,recrystallisation,PROCESSING,,"For steels with phase transformation (containing 0.01–0.015% C), the reheating at a lower temperature (1150°C) resulted in a smaller ferrite grain size before hot rolling, which led to complete recrystallisation after coiling at a higher temperature (760°C).",90332,90349,,,recrystallisation,,,recrystallisation
13,ferrite,COMPETING_MATERIAL,,"The smaller ferrite grain size was due to the presence of austenite, which formed at the ferrite grain boundaries during cooling and hot rolling.",90409,90416,,,ferrite,,,ferrite
13,ferrite,COMPETING_MATERIAL,,"The smaller ferrite grain size was due to the presence of austenite, which formed at the ferrite grain boundaries during cooling and hot rolling.",90486,90493,,,ferrite,,,ferrite
13,hot rolling,PROCESSING,,"The smaller ferrite grain size was due to the presence of austenite, which formed at the ferrite grain boundaries during cooling and hot rolling.",90530,90541,,,hot rolling,,,hot rolling
13,recrystallisation,PROCESSING,,"Since a smaller starting grain size provides more nucleation sites and requires a lower critical deformation for recrystallisation to occur, it is easier to recrystallise after coiling at a higher temperature.",90656,90673,,,recrystallisation,,,recrystallisation
13,ferrite,COMPETING_MATERIAL,,"For the steel without phase transformation (0.003% C), the reheat- ing temperature did not signiﬁcantly affect the ferrite grain size before hot rolling (grain size was large).",90868,90875,,,ferrite,,,ferrite
13,hot rolling,PROCESSING,,"For the steel without phase transformation (0.003% C), the reheat- ing temperature did not signiﬁcantly affect the ferrite grain size before hot rolling (grain size was large).",90894,90905,,,hot rolling,,,hot rolling
13,hot rolling,PROCESSING,,The hot rolling and the following coiling could not result in complete recrystallisation of the microstructure no matter what the reheating or coiling condition was.,90934,90945,,,hot rolling,,,hot rolling
13,recrystallisation,PROCESSING,,The hot rolling and the following coiling could not result in complete recrystallisation of the microstructure no matter what the reheating or coiling condition was.,91001,91018,,,recrystallisation,,,recrystallisation
13,hot rolling,PROCESSING,,"The difference in micro- structure after hot rolling resulted in differences in the ﬁnal grain size after continuous annealing or decarburisation annealing, and ﬁnally differences in the core loss of the steel.",91137,91148,,,hot rolling,,,hot rolling
13,continuous annealing,PROCESSING,,"The difference in micro- structure after hot rolling resulted in differences in the ﬁnal grain size after continuous annealing or decarburisation annealing, and ﬁnally differences in the core loss of the steel.",91202,91222,,,continuous annealing,,,continuous annealing
13,decarburisation,PROCESSING,,"The difference in micro- structure after hot rolling resulted in differences in the ﬁnal grain size after continuous annealing or decarburisation annealing, and ﬁnally differences in the core loss of the steel.",91226,91241,,,decarburisation,,,decarburisation
13,texture,PROCESSING,,"It was also shown that when the reheating temperature was lower, and the coiling temperature was higher, the texture was optimal.",91416,91423,,,texture,,,texture
13,hot rolling,PROCESSING,,"Fischer and Schneider183 studied the effect of deform- ation process, especially hot rolling, on the texture and magnetic properties of NOES.",91518,91529,,,hot rolling,,,hot rolling
13,texture,PROCESSING,,"Fischer and Schneider183 studied the effect of deform- ation process, especially hot rolling, on the texture and magnetic properties of NOES.",91538,91545,,,texture,,,texture
13,hot rolling,PROCESSING,,"It was indicated that (Figure 15), for NOES exhibiting an austenite phase (Si + Al content less than ∼2.0%), the hot rolling performed in the austenite region, ferrite region, austenite-ferrite two phase region, or two phase plus ferrite region will give rise to signiﬁcantly different hot rolling microstructures and textures.",91692,91703,,,hot rolling,,,hot rolling
13,ferrite,COMPETING_MATERIAL,,"It was indicated that (Figure 15), for NOES exhibiting an austenite phase (Si + Al content less than ∼2.0%), the hot rolling performed in the austenite region, ferrite region, austenite-ferrite two phase region, or two phase plus ferrite region will give rise to signiﬁcantly different hot rolling microstructures and textures.",91739,91746,,,ferrite,,,ferrite
13,ferrite,COMPETING_MATERIAL,,"It was indicated that (Figure 15), for NOES exhibiting an austenite phase (Si + Al content less than ∼2.0%), the hot rolling performed in the austenite region, ferrite region, austenite-ferrite two phase region, or two phase plus ferrite region will give rise to signiﬁcantly different hot rolling microstructures and textures.",91765,91772,,,ferrite,,,ferrite
13,ferrite,COMPETING_MATERIAL,,"It was indicated that (Figure 15), for NOES exhibiting an austenite phase (Si + Al content less than ∼2.0%), the hot rolling performed in the austenite region, ferrite region, austenite-ferrite two phase region, or two phase plus ferrite region will give rise to signiﬁcantly different hot rolling microstructures and textures.",91809,91816,,,ferrite,,,ferrite
13,hot rolling,PROCESSING,,"It was indicated that (Figure 15), for NOES exhibiting an austenite phase (Si + Al content less than ∼2.0%), the hot rolling performed in the austenite region, ferrite region, austenite-ferrite two phase region, or two phase plus ferrite region will give rise to signiﬁcantly different hot rolling microstructures and textures.",91865,91876,,,hot rolling,,,hot rolling
13,recrystallisation,PROCESSING,,This is due to the differences in the deform- ation and recrystallisation behaviours of the two phases as well as the changes in microstructure and texture associated with the phase transformation process.,91963,91980,,,recrystallisation,,,recrystallisation
13,texture,PROCESSING,,This is due to the differences in the deform- ation and recrystallisation behaviours of the two phases as well as the changes in microstructure and texture associated with the phase transformation process.,92055,92062,,,texture,,,texture
13,hot rolling,PROCESSING,,"On the other hand, due to the difference in ﬂow stress of the two phases, hot rolling in different regions may lead to signiﬁcant variations in the roll forces, which poses challenges to the control of hot rolling during mass production.",92187,92198,,,hot rolling,,,hot rolling
13,hot rolling,PROCESSING,,"On the other hand, due to the difference in ﬂow stress of the two phases, hot rolling in different regions may lead to signiﬁcant variations in the roll forces, which poses challenges to the control of hot rolling during mass production.",92315,92326,,,hot rolling,,,hot rolling
13,hot rolling,PROCESSING,,Knowledge on the ﬂow behaviour of different grades of NOES at high tem- peratures is crucial to the hot rolling process.,92451,92462,,,hot rolling,,,hot rolling
13,hot rolling,PROCESSING,,"However, this data is rarely seen in the literature as it needs to be extracted from the data logs of hot rolling mills, which is commonly considered as highly conﬁdential information by most steel companies.",92574,92585,,,hot rolling,,,hot rolling
13,hot rolling,PROCESSING,,The effect of hot rolling on the microstructure and texture of NOES shows diverse results in the literature.,92695,92706,,,hot rolling,,,hot rolling
13,texture,PROCESSING,,The effect of hot rolling on the microstructure and texture of NOES shows diverse results in the literature.,92733,92740,,,texture,,,texture
13,hot rolling,PROCESSING,,"Da Costa Paolinelli et al.199 investigated the effect of hot rolling ﬁnishing temperature (920–1120°C) on the grain size, texture, and magnetic properties of a 2.0% Si NOES after ﬁnal annealing.",92847,92858,,,hot rolling,,,hot rolling
13,texture,PROCESSING,,"Da Costa Paolinelli et al.199 investigated the effect of hot rolling ﬁnishing temperature (920–1120°C) on the grain size, texture, and magnetic properties of a 2.0% Si NOES after ﬁnal annealing.",92912,92919,,,texture,,,texture
13,2.0% Si,SI_CONTENT,UNSPECIFIED,"Da Costa Paolinelli et al.199 investigated the effect of hot rolling ﬁnishing temperature (920–1120°C) on the grain size, texture, and magnetic properties of a 2.0% Si NOES after ﬁnal annealing.",92950,92957,2.0,%,2.0 %,,,2.0% Si
13,hot rolling,PROCESSING,,"It was shown that increasing the hot rolling ﬁnishing temperature to above 1040°C enhanced the cube and Goss textures and reduced the {111}<112> fraction of the ﬁnal annealed sheets (Figure 16(a)), thus improving the magnetic induction (Figure 16(c)).",93018,93029,,,hot rolling,,,hot rolling
13,hot rolling,PROCESSING,,It was also shown that the variation of hot rolling temperature only resulted in a small variation in the hot rolling textures.,93549,93560,,,hot rolling,,,hot rolling
13,hot rolling,PROCESSING,,It was also shown that the variation of hot rolling temperature only resulted in a small variation in the hot rolling textures.,93615,93626,,,hot rolling,,,hot rolling
13,hot rolling,PROCESSING,,"Da Cunha and Da Costa Paolinelli200 investigated the hot rolling of a 1.3% Si steel, and it was shown that a combination of high hot rolling temperature and hot band annealing resulted in lower core losses and higher permeabilities.",93690,93701,,,hot rolling,,,hot rolling
13,1.3% Si,SI_CONTENT,UNSPECIFIED,"Da Cunha and Da Costa Paolinelli200 investigated the hot rolling of a 1.3% Si steel, and it was shown that a combination of high hot rolling temperature and hot band annealing resulted in lower core losses and higher permeabilities.",93707,93714,1.3,%,1.3 %,,,1.3% Si
13,hot rolling,PROCESSING,,"Da Cunha and Da Costa Paolinelli200 investigated the hot rolling of a 1.3% Si steel, and it was shown that a combination of high hot rolling temperature and hot band annealing resulted in lower core losses and higher permeabilities.",93766,93777,,,hot rolling,,,hot rolling
13,hot band annealing,PROCESSING,,"Da Cunha and Da Costa Paolinelli200 investigated the hot rolling of a 1.3% Si steel, and it was shown that a combination of high hot rolling temperature and hot band annealing resulted in lower core losses and higher permeabilities.",93794,93812,,,hot band annealing,,,hot band annealing
13,hot rolling,PROCESSING,,"Hot rolling of NOES183: (a) Fe-rich portion of Fe-(Si + 2Al) phase diagram superimposed by the dynamic Ar3 and Ar1 critical temperatures, (b) various hot rolling routes.",94047,94058,,,hot rolling,,,hot rolling
13,1.0% Si,SI_CONTENT,UNSPECIFIED,"374 International Materials Reviews 70(5) a 1.0% Si NOES, An et al.201 showed that combining a low-ﬁnishing-rolling temperature with hot band annealing led to appropriate textures and large grain size, thus resulting in high magnetic induction and low core losses.",94111,94118,1.0,%,1.0 %,,,1.0% Si
13,hot band annealing,PROCESSING,,"374 International Materials Reviews 70(5) a 1.0% Si NOES, An et al.201 showed that combining a low-ﬁnishing-rolling temperature with hot band annealing led to appropriate textures and large grain size, thus resulting in high magnetic induction and low core losses.",94200,94218,,,hot band annealing,,,hot band annealing
13,hot rolling,PROCESSING,,The effect of hot rolling temperature on the texture and magnetic properties of a 3.0% Si was investigated by De Dafé et al.202,94346,94357,,,hot rolling,,,hot rolling
13,texture,PROCESSING,,The effect of hot rolling temperature on the texture and magnetic properties of a 3.0% Si was investigated by De Dafé et al.202,94377,94384,,,texture,,,texture
13,3.0% Si,SI_CONTENT,UNSPECIFIED,The effect of hot rolling temperature on the texture and magnetic properties of a 3.0% Si was investigated by De Dafé et al.202,94414,94421,3.0,%,3.0 %,,,3.0% Si
13,texture,PROCESSING,,It was found that shear band formation in the material played an important role in determining the ﬁnal texture of the steel after cold rolling and ﬁnal anneal- ing.,94564,94571,,,texture,,,texture
13,cold rolling,PROCESSING,,It was found that shear band formation in the material played an important role in determining the ﬁnal texture of the steel after cold rolling and ﬁnal anneal- ing.,94591,94603,,,cold rolling,,,cold rolling
13,hot rolling,PROCESSING,,Verbeken et al.203 investigated the effect of cooling condition after hot rolling on the texture of a 2.4% Si steel.,94696,94707,,,hot rolling,,,hot rolling
13,texture,PROCESSING,,Verbeken et al.203 investigated the effect of cooling condition after hot rolling on the texture of a 2.4% Si steel.,94715,94722,,,texture,,,texture
13,2.4% Si,SI_CONTENT,UNSPECIFIED,Verbeken et al.203 investigated the effect of cooling condition after hot rolling on the texture of a 2.4% Si steel.,94728,94735,2.4,%,2.4 %,,,2.4% Si
13,hot rolling,PROCESSING,,"Effect of hot rolling ﬁnishing temperature on the ﬁnal texture, grain size and magnetic properties of a 2.0 wt% Si NOES199: (a) volume fractions of texture components, (b) hot band and ﬁnal grain sizes, (c) magnetic induction (B50, 5000 A/m) and core loss (W1.5, 1.5 T/60 Hz).",94813,94824,,,hot rolling,,,hot rolling
13,texture,PROCESSING,,"Effect of hot rolling ﬁnishing temperature on the ﬁnal texture, grain size and magnetic properties of a 2.0 wt% Si NOES199: (a) volume fractions of texture components, (b) hot band and ﬁnal grain sizes, (c) magnetic induction (B50, 5000 A/m) and core loss (W1.5, 1.5 T/60 Hz).",94858,94865,,,texture,,,texture
13,2.0 wt% Si,SI_CONTENT,UNSPECIFIED,"Effect of hot rolling ﬁnishing temperature on the ﬁnal texture, grain size and magnetic properties of a 2.0 wt% Si NOES199: (a) volume fractions of texture components, (b) hot band and ﬁnal grain sizes, (c) magnetic induction (B50, 5000 A/m) and core loss (W1.5, 1.5 T/60 Hz).",94907,94917,2.0,%,2.0 %,,,2.0 wt% Si
13,texture,PROCESSING,,"Effect of hot rolling ﬁnishing temperature on the ﬁnal texture, grain size and magnetic properties of a 2.0 wt% Si NOES199: (a) volume fractions of texture components, (b) hot band and ﬁnal grain sizes, (c) magnetic induction (B50, 5000 A/m) and core loss (W1.5, 1.5 T/60 Hz).",94951,94958,,,texture,,,texture
13,B50,FLUX_DENSITY,UNSPECIFIED,"Effect of hot rolling ﬁnishing temperature on the ﬁnal texture, grain size and magnetic properties of a 2.0 wt% Si NOES199: (a) volume fractions of texture components, (b) hot band and ﬁnal grain sizes, (c) magnetic induction (B50, 5000 A/m) and core loss (W1.5, 1.5 T/60 Hz).",95030,95033,,notation,B50,,,B50
13,rotated cube,PROCESSING,,He and Kestens 375 could essentially eliminate the γ-ﬁbre and promote the rotated cube texture.,95154,95166,,,rotated cube,,,rotated cube
13,texture,PROCESSING,,He and Kestens 375 could essentially eliminate the γ-ﬁbre and promote the rotated cube texture.,95167,95174,,,texture,,,texture
13,cold rolling,PROCESSING,,"After cold rolling, a strong rotated cube texture was formed.",95182,95194,,,cold rolling,,,cold rolling
13,rotated cube,PROCESSING,,"After cold rolling, a strong rotated cube texture was formed.",95205,95217,,,rotated cube,,,rotated cube
13,texture,PROCESSING,,"After cold rolling, a strong rotated cube texture was formed.",95218,95225,,,texture,,,texture
13,texture,PROCESSING,,"However, after annealing, the texture did not seem to be very different between slow cooling from 800°C to 200°C and rapid cooling from 820°C to 400°C.",95268,95275,,,texture,,,texture
13,hot rolling,PROCESSING,,"Apparently, hot rolling does have important effects on the ﬁnal microstructure, texture, and magnetic properties.",95402,95413,,,hot rolling,,,hot rolling
13,texture,PROCESSING,,"Apparently, hot rolling does have important effects on the ﬁnal microstructure, texture, and magnetic properties.",95470,95477,,,texture,,,texture
13,hot rolling,PROCESSING,,"These effects, however, may not be obviously reﬂected in the ﬁnal material since the structures and textures after hot rolling are destroyed in the subsequent processing stages, e.g., hot band annealing, cold rolling, intermediate annealing, and ﬁnal annealing.",95619,95630,,,hot rolling,,,hot rolling
13,hot band annealing,PROCESSING,,"These effects, however, may not be obviously reﬂected in the ﬁnal material since the structures and textures after hot rolling are destroyed in the subsequent processing stages, e.g., hot band annealing, cold rolling, intermediate annealing, and ﬁnal annealing.",95688,95706,,,hot band annealing,,,hot band annealing
13,cold rolling,PROCESSING,,"These effects, however, may not be obviously reﬂected in the ﬁnal material since the structures and textures after hot rolling are destroyed in the subsequent processing stages, e.g., hot band annealing, cold rolling, intermediate annealing, and ﬁnal annealing.",95708,95720,,,cold rolling,,,cold rolling
13,texture,PROCESSING,,"Furthermore, for low silicon steel or NOES containing a relatively high amount of carbon,3 phase transformation plays an important role in determining the microstructure and texture of the hot rolled material.",95940,95947,,,texture,,,texture
13,hot rolling,PROCESSING,,"Therefore, the hot rolling operational para- meters may signiﬁcantly affect the ﬁnal material properties.",95991,96002,,,hot rolling,,,hot rolling
13,texture,PROCESSING,,"Low silicon steels normally show better texture than those of high silicon steels, which may suggest that phase trans- formation plays a vital role in determining the ﬁnal texture.",96122,96129,,,texture,,,texture
13,texture,PROCESSING,,"Low silicon steels normally show better texture than those of high silicon steels, which may suggest that phase trans- formation plays a vital role in determining the ﬁnal texture.",96254,96261,,,texture,,,texture
13,texture,PROCESSING,,Systematic studies on the effect of phase transformation on the microstructure and texture are needed to trace the changes of microstructure and texture from hot rolling to ﬁnal annealing and verify the inﬂuence of various hot rolling parameters on the mater- ial properties.,96426,96433,,,texture,,,texture
13,texture,PROCESSING,,Systematic studies on the effect of phase transformation on the microstructure and texture are needed to trace the changes of microstructure and texture from hot rolling to ﬁnal annealing and verify the inﬂuence of various hot rolling parameters on the mater- ial properties.,96488,96495,,,texture,,,texture
13,hot rolling,PROCESSING,,Systematic studies on the effect of phase transformation on the microstructure and texture are needed to trace the changes of microstructure and texture from hot rolling to ﬁnal annealing and verify the inﬂuence of various hot rolling parameters on the mater- ial properties.,96501,96512,,,hot rolling,,,hot rolling
13,hot rolling,PROCESSING,,Systematic studies on the effect of phase transformation on the microstructure and texture are needed to trace the changes of microstructure and texture from hot rolling to ﬁnal annealing and verify the inﬂuence of various hot rolling parameters on the mater- ial properties.,96566,96577,,,hot rolling,,,hot rolling
13,hot band annealing,PROCESSING,,"However, many studies have shown that hot band annealing can considerably modify the ﬁnal microstructure and texture after cold rolling and annealing, thus affecting the magnetic properties of NOES.",96834,96852,,,hot band annealing,,,hot band annealing
13,texture,PROCESSING,,"However, many studies have shown that hot band annealing can considerably modify the ﬁnal microstructure and texture after cold rolling and annealing, thus affecting the magnetic properties of NOES.",96905,96912,,,texture,,,texture
13,cold rolling,PROCESSING,,"However, many studies have shown that hot band annealing can considerably modify the ﬁnal microstructure and texture after cold rolling and annealing, thus affecting the magnetic properties of NOES.",96919,96931,,,cold rolling,,,cold rolling
13,2.8% Si,SI_CONTENT,UNSPECIFIED,"Figure 17 compares the microstructures and textures of a 2.8% Si NOES after hot rolling and after hot band annealing.196 The layered, heter- ogenous microstructure after hot rolling (Figure 17(a)) is replaced by a more homogenous, equiaxed structure after hot band annealing (Figure 17(b)).",97052,97059,2.8,%,2.8 %,,,2.8% Si
13,hot rolling,PROCESSING,,"Figure 17 compares the microstructures and textures of a 2.8% Si NOES after hot rolling and after hot band annealing.196 The layered, heter- ogenous microstructure after hot rolling (Figure 17(a)) is replaced by a more homogenous, equiaxed structure after hot band annealing (Figure 17(b)).",97071,97082,,,hot rolling,,,hot rolling
13,hot rolling,PROCESSING,,"Figure 17 compares the microstructures and textures of a 2.8% Si NOES after hot rolling and after hot band annealing.196 The layered, heter- ogenous microstructure after hot rolling (Figure 17(a)) is replaced by a more homogenous, equiaxed structure after hot band annealing (Figure 17(b)).",97165,97176,,,hot rolling,,,hot rolling
13,hot band annealing,PROCESSING,,"Figure 17 compares the microstructures and textures of a 2.8% Si NOES after hot rolling and after hot band annealing.196 The layered, heter- ogenous microstructure after hot rolling (Figure 17(a)) is replaced by a more homogenous, equiaxed structure after hot band annealing (Figure 17(b)).",97251,97269,,,hot band annealing,,,hot band annealing
13,hot rolling,PROCESSING,,"The textures of the layered structure after hot rolling are altered by hot band annealing,204 although some of the texture components are inherited (Figs. 17(c) and 17(d)).",97330,97341,,,hot rolling,,,hot rolling
13,texture,PROCESSING,,"The textures of the layered structure after hot rolling are altered by hot band annealing,204 although some of the texture components are inherited (Figs. 17(c) and 17(d)).",97401,97408,,,texture,,,texture
13,texture,PROCESSING,,"The inheritance of these texture components from the hot rolled steel is due to the recrystallisation in the surface region that has already occurred during hot rolling, which gives rise to strain-free crystals such as brass, Goss and copper.",97612,97619,,,texture,,,texture
13,recrystallisation,PROCESSING,,"The inheritance of these texture components from the hot rolled steel is due to the recrystallisation in the surface region that has already occurred during hot rolling, which gives rise to strain-free crystals such as brass, Goss and copper.",97671,97688,,,recrystallisation,,,recrystallisation
13,hot rolling,PROCESSING,,"The inheritance of these texture components from the hot rolled steel is due to the recrystallisation in the surface region that has already occurred during hot rolling, which gives rise to strain-free crystals such as brass, Goss and copper.",97744,97755,,,hot rolling,,,hot rolling
13,recrystallisation,PROCESSING,,"These grains can preferentially grow into the neighbouring deformed grains that have higher stored energy, thus forming strong recrystallisation textures.",97957,97974,,,recrystallisation,,,recrystallisation
13,hot band annealing,PROCESSING,,"New {001}<350> and {110}<110> orientations appear in the surface region after hot band annealing (Figure 17(d)), which are not seen in the hot-rolled material (Figure 17(c)).",98063,98081,,,hot band annealing,,,hot band annealing
13,texture,PROCESSING,,"The centre region shows a signiﬁcant change of texture after hot band annealing, because the recrystal- lisation starts from a deformed (but recovered) microstructure after hot rolling.",98207,98214,,,texture,,,texture
13,hot band annealing,PROCESSING,,"The centre region shows a signiﬁcant change of texture after hot band annealing, because the recrystal- lisation starts from a deformed (but recovered) microstructure after hot rolling.",98221,98239,,,hot band annealing,,,hot band annealing
13,hot rolling,PROCESSING,,"The centre region shows a signiﬁcant change of texture after hot band annealing, because the recrystal- lisation starts from a deformed (but recovered) microstructure after hot rolling.",98333,98344,,,hot rolling,,,hot rolling
13,hot band annealing,PROCESSING,,"The very strong deformed {001}<110> and {112}<110> components (Figure 17(c)) are replaced by the {001}<120>-{001}<350> and {113} <110> orientations after hot band annealing (Figure 17(d)), while a number of new orientations such as Goss and rotated Goss are also noted.",98500,98518,,,hot band annealing,,,hot band annealing
13,texture,PROCESSING,,"The overall texture across the thickness after hot band annealing (Figure 17(d)) is composed of Goss, brass, copper, {113}<110>, and {001}<120>-{001} <350>, a combination of both the surface and centre regions.",98700,98707,,,texture,,,texture
13,hot band annealing,PROCESSING,,"The overall texture across the thickness after hot band annealing (Figure 17(d)) is composed of Goss, brass, copper, {113}<110>, and {001}<120>-{001} <350>, a combination of both the surface and centre regions.",98735,98753,,,hot band annealing,,,hot band annealing
13,hot band annealing,PROCESSING,,"Shimanaka et al.168 reported that hot band annealing could enhance the {001} texture, while Yashiki and Kaneko205 showed that a {110} texture was promoted by hot band annealing.",98933,98951,,,hot band annealing,,,hot band annealing
13,texture,PROCESSING,,"Shimanaka et al.168 reported that hot band annealing could enhance the {001} texture, while Yashiki and Kaneko205 showed that a {110} texture was promoted by hot band annealing.",98976,98983,,,texture,,,texture
13,texture,PROCESSING,,"Shimanaka et al.168 reported that hot band annealing could enhance the {001} texture, while Yashiki and Kaneko205 showed that a {110} texture was promoted by hot band annealing.",99033,99040,,,texture,,,texture
13,hot band annealing,PROCESSING,,"Shimanaka et al.168 reported that hot band annealing could enhance the {001} texture, while Yashiki and Kaneko205 showed that a {110} texture was promoted by hot band annealing.",99057,99075,,,hot band annealing,,,hot band annealing
13,hot band annealing,PROCESSING,,the hot band annealing temperature plays an important role in determining the texture.,99127,99145,,,hot band annealing,,,hot band annealing
13,texture,PROCESSING,,the hot band annealing temperature plays an important role in determining the texture.,99201,99208,,,texture,,,texture
13,hot band annealing,PROCESSING,,It was noted that hot band annealing at 800°C led to the highest intensity of the favourable {200} textures and the lowest intensity of the unfavourable {222} textures (Figure 18(a)).,99228,99246,,,hot band annealing,,,hot band annealing
13,0.57% Si,SI_CONTENT,UNSPECIFIED,Gutiérrez-Castañeda and Salinas-Rodríguez207 showed similar results in the study of a 0.57% Si (with 0.05% C) steel by varying the hot band annealing temperature from 700 to 1050°C.,99480,99488,0.57,%,0.57 %,,,0.57% Si
13,hot band annealing,PROCESSING,,Gutiérrez-Castañeda and Salinas-Rodríguez207 showed similar results in the study of a 0.57% Si (with 0.05% C) steel by varying the hot band annealing temperature from 700 to 1050°C.,99525,99543,,,hot band annealing,,,hot band annealing
13,decarburisation,PROCESSING,,"It was shown that annealing in the intercri- tical region (800–850°C) led to rapid decarburisation and the development of large columnar ferrite grains, which gave rise to a {001} ﬁbre texture after cold rolling and ﬁnal annealing at temperatures up to 850°C.",99659,99674,,,decarburisation,,,decarburisation
13,ferrite,COMPETING_MATERIAL,,"It was shown that annealing in the intercri- tical region (800–850°C) led to rapid decarburisation and the development of large columnar ferrite grains, which gave rise to a {001} ﬁbre texture after cold rolling and ﬁnal annealing at temperatures up to 850°C.",99713,99720,,,ferrite,,,ferrite
13,texture,PROCESSING,,"It was shown that annealing in the intercri- tical region (800–850°C) led to rapid decarburisation and the development of large columnar ferrite grains, which gave rise to a {001} ﬁbre texture after cold rolling and ﬁnal annealing at temperatures up to 850°C.",99761,99768,,,texture,,,texture
13,cold rolling,PROCESSING,,"It was shown that annealing in the intercri- tical region (800–850°C) led to rapid decarburisation and the development of large columnar ferrite grains, which gave rise to a {001} ﬁbre texture after cold rolling and ﬁnal annealing at temperatures up to 850°C.",99775,99787,,,cold rolling,,,cold rolling
13,hot band annealing,PROCESSING,,Liu et al.208 studied the effect of hot band annealing on the texture of a 4.2% Si steel and it was shown that hot band annealing promoted the <100>//RD ﬁbre and supressed the γ-ﬁbre.,99872,99890,,,hot band annealing,,,hot band annealing
13,texture,PROCESSING,,Liu et al.208 studied the effect of hot band annealing on the texture of a 4.2% Si steel and it was shown that hot band annealing promoted the <100>//RD ﬁbre and supressed the γ-ﬁbre.,99898,99905,,,texture,,,texture
13,4.2% Si,SI_CONTENT,UNSPECIFIED,Liu et al.208 studied the effect of hot band annealing on the texture of a 4.2% Si steel and it was shown that hot band annealing promoted the <100>//RD ﬁbre and supressed the γ-ﬁbre.,99911,99918,4.2,%,4.2 %,,,4.2% Si
13,hot band annealing,PROCESSING,,Liu et al.208 studied the effect of hot band annealing on the texture of a 4.2% Si steel and it was shown that hot band annealing promoted the <100>//RD ﬁbre and supressed the γ-ﬁbre.,99947,99965,,,hot band annealing,,,hot band annealing
13,hot band annealing,PROCESSING,,"However, the study of Wu et al.209 showed that hot band annealing (at 920 and 980°C) promoted the formation of the {411}<148> texture as compared to the {111}<112> texture in the steel without hot band annealing.",100067,100085,,,hot band annealing,,,hot band annealing
13,texture,PROCESSING,,"However, the study of Wu et al.209 showed that hot band annealing (at 920 and 980°C) promoted the formation of the {411}<148> texture as compared to the {111}<112> texture in the steel without hot band annealing.",100146,100153,,,texture,,,texture
13,texture,PROCESSING,,"However, the study of Wu et al.209 showed that hot band annealing (at 920 and 980°C) promoted the formation of the {411}<148> texture as compared to the {111}<112> texture in the steel without hot band annealing.",100184,100191,,,texture,,,texture
13,hot band annealing,PROCESSING,,"However, the study of Wu et al.209 showed that hot band annealing (at 920 and 980°C) promoted the formation of the {411}<148> texture as compared to the {111}<112> texture in the steel without hot band annealing.",100213,100231,,,hot band annealing,,,hot band annealing
13,hot band annealing,PROCESSING,,"Hot band annealing temperature also affects the ﬁnal grain size of the cold-rolled sheets after annealing.206 With the increase of the hot band annealing temperature, the ﬁnal grain size increases (Figure 18(b)), mainly due to the coarsening of the MnS inclusions, which decreases the retardation effect on grain growth.",100368,100386,,,hot band annealing,,,hot band annealing
13,grain growth,PROCESSING,,"Hot band annealing temperature also affects the ﬁnal grain size of the cold-rolled sheets after annealing.206 With the increase of the hot band annealing temperature, the ﬁnal grain size increases (Figure 18(b)), mainly due to the coarsening of the MnS inclusions, which decreases the retardation effect on grain growth.",100540,100552,,,grain growth,,,grain growth
13,texture,PROCESSING,,It has been shown before that both grain size and texture inﬂuence the mag- netic properties of the ﬁnal sheet.,100604,100611,,,texture,,,texture
13,hot band annealing,PROCESSING,,"From Figure 18(b) it is seen that the lowest core loss was not observed in the sample after hot band annealing at 800°C, which has the highest intensity of {001} and the lowest intensity of {222} (Figure 18(a)).",100758,100776,,,hot band annealing,,,hot band annealing
13,B50,FLUX_DENSITY,UNSPECIFIED,"The relatively large core loss at this temperature is mainly due to the small ﬁnal grain size (not optimal).17 Similarly, the magnetic ﬂux density at 5000 A/m (B50) does not match the texture, i.e., the maximum B50 is not at 800°C where the {100} is the stron- gest and the {111} is the weakest, but at 900°C (Figure 18(a)).",101038,101041,,notation,B50,,,B50
13,texture,PROCESSING,,"The relatively large core loss at this temperature is mainly due to the small ﬁnal grain size (not optimal).17 Similarly, the magnetic ﬂux density at 5000 A/m (B50) does not match the texture, i.e., the maximum B50 is not at 800°C where the {100} is the stron- gest and the {111} is the weakest, but at 900°C (Figure 18(a)).",101062,101069,,,texture,,,texture
13,B50,FLUX_DENSITY,UNSPECIFIED,"The relatively large core loss at this temperature is mainly due to the small ﬁnal grain size (not optimal).17 Similarly, the magnetic ﬂux density at 5000 A/m (B50) does not match the texture, i.e., the maximum B50 is not at 800°C where the {100} is the stron- gest and the {111} is the weakest, but at 900°C (Figure 18(a)).",101089,101092,,notation,B50,,,B50
13,texture,PROCESSING,,"This may also be attributed to the effect of both the texture and grain size on the ﬂux density.17,206 In the study of a steel with 2.0% Si, Park and Szpunar210 investigated the effect of grain size (after hot band anneal- ing) before cold rolling on the texture and magnetic proper- ties.",101257,101264,,,texture,,,texture
13,2.0% Si,SI_CONTENT,UNSPECIFIED,"This may also be attributed to the effect of both the texture and grain size on the ﬂux density.17,206 In the study of a steel with 2.0% Si, Park and Szpunar210 investigated the effect of grain size (after hot band anneal- ing) before cold rolling on the texture and magnetic proper- ties.",101335,101342,2.0,%,2.0 %,,,2.0% Si
13,cold rolling,PROCESSING,,"This may also be attributed to the effect of both the texture and grain size on the ﬂux density.17,206 In the study of a steel with 2.0% Si, Park and Szpunar210 investigated the effect of grain size (after hot band anneal- ing) before cold rolling on the texture and magnetic proper- ties.",101438,101450,,,cold rolling,,,cold rolling
13,texture,PROCESSING,,"This may also be attributed to the effect of both the texture and grain size on the ﬂux density.17,206 In the study of a steel with 2.0% Si, Park and Szpunar210 investigated the effect of grain size (after hot band anneal- ing) before cold rolling on the texture and magnetic proper- ties.",101458,101465,,,texture,,,texture
13,texture,PROCESSING,,"It was demonstrated that a coarse-grained steel led to a 376 International Materials Reviews 70(5) stronger Goss and a weaker <111>//ND texture than ﬁne- grained steel after cold rolling and ﬁnal annealing, which gave rise to better magnetic induction but with only slight effect on the core loss.",101629,101636,,,texture,,,texture
13,cold rolling,PROCESSING,,"It was demonstrated that a coarse-grained steel led to a 376 International Materials Reviews 70(5) stronger Goss and a weaker <111>//ND texture than ﬁne- grained steel after cold rolling and ﬁnal annealing, which gave rise to better magnetic induction but with only slight effect on the core loss.",101667,101679,,,cold rolling,,,cold rolling
13,hot band annealing,PROCESSING,,"Chang and Huang211 showed that by hot band annealing, the core loss was reduced while the ﬂux density was increased after ﬁnal annealing, which was realised through the increase of the ﬁnal grain size and the optimisation of the texture (higher cube and lower γ-ﬁbre).",101825,101843,,,hot band annealing,,,hot band annealing
13,texture,PROCESSING,,"Chang and Huang211 showed that by hot band annealing, the core loss was reduced while the ﬂux density was increased after ﬁnal annealing, which was realised through the increase of the ﬁnal grain size and the optimisation of the texture (higher cube and lower γ-ﬁbre).",102020,102027,,,texture,,,texture
13,hot band annealing,PROCESSING,,"Wang et al.214) have also been carried out to investigate the effect of hot band annealing on the microstructure, texture, and magnetic properties of twin-roll cast electrical steels.",102176,102194,,,hot band annealing,,,hot band annealing
13,texture,PROCESSING,,"Wang et al.214) have also been carried out to investigate the effect of hot band annealing on the microstructure, texture, and magnetic properties of twin-roll cast electrical steels.",102218,102225,,,texture,,,texture
13,texture,PROCESSING,,"It is thus shown that the hot-band grain size signiﬁcantly affects the microstructure, texture, and magnetic properties of the ﬁnal product.",102461,102468,,,texture,,,texture
13,texture,PROCESSING,,"However, since the core loss of the steel depends on both the grain size and texture, it is difﬁcult to Figure 17.",102592,102599,,,texture,,,texture
13,texture,PROCESSING,,"The microstructure and texture of a 2.8% Si NOES204: (a) IPF map after hot rolling at 1040 °C, (b) IPF map after hot band annealing at 840 °C for 60 h, (c) texture after hot rolling at 1040 °C, (d) texture after hot band annealing at 840 °C for 60 h.",102653,102660,,,texture,,,texture
13,2.8% Si,SI_CONTENT,UNSPECIFIED,"The microstructure and texture of a 2.8% Si NOES204: (a) IPF map after hot rolling at 1040 °C, (b) IPF map after hot band annealing at 840 °C for 60 h, (c) texture after hot rolling at 1040 °C, (d) texture after hot band annealing at 840 °C for 60 h.",102666,102673,2.8,%,2.8 %,,,2.8% Si
13,hot rolling,PROCESSING,,"The microstructure and texture of a 2.8% Si NOES204: (a) IPF map after hot rolling at 1040 °C, (b) IPF map after hot band annealing at 840 °C for 60 h, (c) texture after hot rolling at 1040 °C, (d) texture after hot band annealing at 840 °C for 60 h.",102701,102712,,,hot rolling,,,hot rolling
13,hot band annealing,PROCESSING,,"The microstructure and texture of a 2.8% Si NOES204: (a) IPF map after hot rolling at 1040 °C, (b) IPF map after hot band annealing at 840 °C for 60 h, (c) texture after hot rolling at 1040 °C, (d) texture after hot band annealing at 840 °C for 60 h.",102743,102761,,,hot band annealing,,,hot band annealing
13,texture,PROCESSING,,"The microstructure and texture of a 2.8% Si NOES204: (a) IPF map after hot rolling at 1040 °C, (b) IPF map after hot band annealing at 840 °C for 60 h, (c) texture after hot rolling at 1040 °C, (d) texture after hot band annealing at 840 °C for 60 h.",102786,102793,,,texture,,,texture
13,hot rolling,PROCESSING,,"The microstructure and texture of a 2.8% Si NOES204: (a) IPF map after hot rolling at 1040 °C, (b) IPF map after hot band annealing at 840 °C for 60 h, (c) texture after hot rolling at 1040 °C, (d) texture after hot band annealing at 840 °C for 60 h.",102800,102811,,,hot rolling,,,hot rolling
13,texture,PROCESSING,,"The microstructure and texture of a 2.8% Si NOES204: (a) IPF map after hot rolling at 1040 °C, (b) IPF map after hot band annealing at 840 °C for 60 h, (c) texture after hot rolling at 1040 °C, (d) texture after hot band annealing at 840 °C for 60 h.",102828,102835,,,texture,,,texture
13,hot band annealing,PROCESSING,,"The microstructure and texture of a 2.8% Si NOES204: (a) IPF map after hot rolling at 1040 °C, (b) IPF map after hot band annealing at 840 °C for 60 h, (c) texture after hot rolling at 1040 °C, (d) texture after hot band annealing at 840 °C for 60 h.",102842,102860,,,hot band annealing,,,hot band annealing
13,texture,PROCESSING,,He and Kestens 377 distinguish the effect of texture from that of the grain size.,102926,102933,,,texture,,,texture
13,2.0% Si,SI_CONTENT,UNSPECIFIED,Lee et al.215 investigated a 2.0% Si steel by producing hot bands with different grain sizes (150 and 500 μm) but almost the same texture (almost random).,102992,102999,2.0,%,2.0 %,,,2.0% Si
13,texture,PROCESSING,,Lee et al.215 investigated a 2.0% Si steel by producing hot bands with different grain sizes (150 and 500 μm) but almost the same texture (almost random).,103093,103100,,,texture,,,texture
13,cold rolling,PROCESSING,,"After cold rolling, the macrotextures of the two steels were essentially identical, but the microtextures and microstructures were signiﬁcantly different.",103124,103136,,,cold rolling,,,cold rolling
13,cold rolling,PROCESSING,,"The controllable parameters during cold rolling include thick- ness reduction, roll diameter and surface roughness, initial grain size, initial texture, deformation mode, thickness reduction per pass, intermediate annealing between passes, etc.",103620,103632,,,cold rolling,,,cold rolling
13,texture,PROCESSING,,"The controllable parameters during cold rolling include thick- ness reduction, roll diameter and surface roughness, initial grain size, initial texture, deformation mode, thickness reduction per pass, intermediate annealing between passes, etc.",103729,103736,,,texture,,,texture
13,cold rolling,PROCESSING,,"The importance of cold rolling on the magnetic properties of NOES lies in the fact that the microstructure, substructure, texture, and stored energy generated in this process directly determine the microstructure and texture of the steel sheets after ﬁnal annealing.",103848,103860,,,cold rolling,,,cold rolling
13,texture,PROCESSING,,"The importance of cold rolling on the magnetic properties of NOES lies in the fact that the microstructure, substructure, texture, and stored energy generated in this process directly determine the microstructure and texture of the steel sheets after ﬁnal annealing.",103952,103959,,,texture,,,texture
13,texture,PROCESSING,,"The importance of cold rolling on the magnetic properties of NOES lies in the fact that the microstructure, substructure, texture, and stored energy generated in this process directly determine the microstructure and texture of the steel sheets after ﬁnal annealing.",104047,104054,,,texture,,,texture
13,cold rolling,PROCESSING,,"During cold rolling, a small amount of the plastic work applied to the material is retained in the format of lattice defects, e.g., dis- locations.216 The movement of dislocations accommodates the macroscopic shape change and plastic strain and changes the microstructure and the orientations of the crys- tals.",104104,104116,,,cold rolling,,,cold rolling
13,recrystallisation,PROCESSING,,The stored energy provides the driving force for recov- ery and recrystallisation during the subsequent annealing.,104473,104490,,,recrystallisation,,,recrystallisation
13,EBSD,TEST_METHOD,,"Figure 19 shows examples of EBSD scans on cold rolled NOES across the thickness.196,217",104552,104556,,,EBSD,,,EBSD
13,texture,PROCESSING,,"These textures are similar to the typical textures of low carbon steels.218 The variation of cold reduction causes differences in the deformed microstructure, substructure, and texture,219 thus affecting the microstructure and texture after ﬁnal anneal- ing.",105254,105261,,,texture,,,texture
13,texture,PROCESSING,,Lee and De Cooman220 investigated the effect of thick- ness reduction on the texture and magnetic properties of a 3.0% Si NOES.,105363,105370,,,texture,,,texture
13,3.0% Si,SI_CONTENT,UNSPECIFIED,Lee and De Cooman220 investigated the effect of thick- ness reduction on the texture and magnetic properties of a 3.0% Si NOES.,105400,105407,3.0,%,3.0 %,,,3.0% Si
13,cold rolling,PROCESSING,,"It was shown that with the increase of the cold rolling reduction, the {411}<148> and {111}<112> textures are increased while the {110}<001> is decreased, which decreases the B50 magnetic ﬂux density.",105457,105469,,,cold rolling,,,cold rolling
13,B50,FLUX_DENSITY,UNSPECIFIED,"It was shown that with the increase of the cold rolling reduction, the {411}<148> and {111}<112> textures are increased while the {110}<001> is decreased, which decreases the B50 magnetic ﬂux density.",105589,105592,,notation,B50,,,B50
13,cold rolling,PROCESSING,,Kawamata et al.221 investigated the effect of cold rolling condition on the texture and magnetic properties of a low silicon steel (0.26% Si).,105661,105673,,,cold rolling,,,cold rolling
13,texture,PROCESSING,,Kawamata et al.221 investigated the effect of cold rolling condition on the texture and magnetic properties of a low silicon steel (0.26% Si).,105691,105698,,,texture,,,texture
13,0.26% Si,SI_CONTENT,UNSPECIFIED,Kawamata et al.221 investigated the effect of cold rolling condition on the texture and magnetic properties of a low silicon steel (0.26% Si).,105747,105755,0.26,%,0.26 %,,,0.26% Si
13,texture,PROCESSING,,"It was shown that the smaller the RSF (the smaller the roll diameter or the larger the mean strip thick- ness), the larger the surface strain, and the more heteroge- neous the strain along the thickness, which results in a larger deviation of the surface texture from the central plane-strain texture (normally the α-ﬁbre and γ-ﬁbre).",106252,106259,,,texture,,,texture
13,texture,PROCESSING,,"It was shown that the smaller the RSF (the smaller the roll diameter or the larger the mean strip thick- ness), the larger the surface strain, and the more heteroge- neous the strain along the thickness, which results in a larger deviation of the surface texture from the central plane-strain texture (normally the α-ﬁbre and γ-ﬁbre).",106290,106297,,,texture,,,texture
13,texture,PROCESSING,,The ﬁnal result is the formation of a stronger {001}<110> texture after cold rolling and close to cube texture after recrystallisation and grain growth.,106390,106397,,,texture,,,texture
13,cold rolling,PROCESSING,,The ﬁnal result is the formation of a stronger {001}<110> texture after cold rolling and close to cube texture after recrystallisation and grain growth.,106404,106416,,,cold rolling,,,cold rolling
13,cube texture,PROCESSING,,The ﬁnal result is the formation of a stronger {001}<110> texture after cold rolling and close to cube texture after recrystallisation and grain growth.,106430,106442,,,cube texture,,,cube texture
13,recrystallisation,PROCESSING,,The ﬁnal result is the formation of a stronger {001}<110> texture after cold rolling and close to cube texture after recrystallisation and grain growth.,106449,106466,,,recrystallisation,,,recrystallisation
13,grain growth,PROCESSING,,The ﬁnal result is the formation of a stronger {001}<110> texture after cold rolling and close to cube texture after recrystallisation and grain growth.,106471,106483,,,grain growth,,,grain growth
13,B50,FLUX_DENSITY,UNSPECIFIED,The improvement of the B50 due to a lower RSF is caused by the improvement of the texture.,106508,106511,,notation,B50,,,B50
13,texture,PROCESSING,,The improvement of the B50 due to a lower RSF is caused by the improvement of the texture.,106567,106574,,,texture,,,texture
13,texture,PROCESSING,,"A special rolling scheme that can signiﬁcantly change the texture (while not altering the microstructure) is cross rolling,69,222 in which cold rolling is performed along the transverse direction (TD) of the hot rolled plate (90° rota- tion around the ND).",106634,106641,,,texture,,,texture
13,cold rolling,PROCESSING,,"A special rolling scheme that can signiﬁcantly change the texture (while not altering the microstructure) is cross rolling,69,222 in which cold rolling is performed along the transverse direction (TD) of the hot rolled plate (90° rota- tion around the ND).",106715,106727,,,cold rolling,,,cold rolling
13,texture,PROCESSING,,"Due to the rotation, the initial texture before cold rolling is rotated, but the microstructure is not changed.",106866,106873,,,texture,,,texture
13,cold rolling,PROCESSING,,"Due to the rotation, the initial texture before cold rolling is rotated, but the microstructure is not changed.",106881,106893,,,cold rolling,,,cold rolling
13,hot band annealing,PROCESSING,,"The effect of hot band annealing temperature on texture, microstructure, and magnetic properties of a 0.31% Si NOES206: (a) texture intensities and magnetic ﬂux density (B50) vs. hot band annealing temperature, (b) ﬁnal grain size and core loss vs. hot band annealing temperature.",107008,107026,,,hot band annealing,,,hot band annealing
13,texture,PROCESSING,,"The effect of hot band annealing temperature on texture, microstructure, and magnetic properties of a 0.31% Si NOES206: (a) texture intensities and magnetic ﬂux density (B50) vs. hot band annealing temperature, (b) ﬁnal grain size and core loss vs. hot band annealing temperature.",107042,107049,,,texture,,,texture
13,0.31% Si,SI_CONTENT,UNSPECIFIED,"The effect of hot band annealing temperature on texture, microstructure, and magnetic properties of a 0.31% Si NOES206: (a) texture intensities and magnetic ﬂux density (B50) vs. hot band annealing temperature, (b) ﬁnal grain size and core loss vs. hot band annealing temperature.",107096,107104,0.31,%,0.31 %,,,0.31% Si
13,texture,PROCESSING,,"The effect of hot band annealing temperature on texture, microstructure, and magnetic properties of a 0.31% Si NOES206: (a) texture intensities and magnetic ﬂux density (B50) vs. hot band annealing temperature, (b) ﬁnal grain size and core loss vs. hot band annealing temperature.",107118,107125,,,texture,,,texture
13,B50,FLUX_DENSITY,UNSPECIFIED,"The effect of hot band annealing temperature on texture, microstructure, and magnetic properties of a 0.31% Si NOES206: (a) texture intensities and magnetic ﬂux density (B50) vs. hot band annealing temperature, (b) ﬁnal grain size and core loss vs. hot band annealing temperature.",107164,107167,,notation,B50,,,B50
13,hot band annealing,PROCESSING,,"The effect of hot band annealing temperature on texture, microstructure, and magnetic properties of a 0.31% Si NOES206: (a) texture intensities and magnetic ﬂux density (B50) vs. hot band annealing temperature, (b) ﬁnal grain size and core loss vs. hot band annealing temperature.",107173,107191,,,hot band annealing,,,hot band annealing
13,hot band annealing,PROCESSING,,"The effect of hot band annealing temperature on texture, microstructure, and magnetic properties of a 0.31% Si NOES206: (a) texture intensities and magnetic ﬂux density (B50) vs. hot band annealing temperature, (b) ﬁnal grain size and core loss vs. hot band annealing temperature.",107243,107261,,,hot band annealing,,,hot band annealing
13,texture,PROCESSING,,"378 International Materials Reviews 70(5) orientation ﬂow during plastic deformation is affected.18 The typical α-ﬁbre texture (<110>//RD) after hot rolling (Figure 20(a)) is rotated to a <110>//TD ﬁbre (Figure 20(b)), which is highly unstable during cold rolling.",107394,107401,,,texture,,,texture
13,hot rolling,PROCESSING,,"378 International Materials Reviews 70(5) orientation ﬂow during plastic deformation is affected.18 The typical α-ﬁbre texture (<110>//RD) after hot rolling (Figure 20(a)) is rotated to a <110>//TD ﬁbre (Figure 20(b)), which is highly unstable during cold rolling.",107420,107431,,,hot rolling,,,hot rolling
13,cold rolling,PROCESSING,,"378 International Materials Reviews 70(5) orientation ﬂow during plastic deformation is affected.18 The typical α-ﬁbre texture (<110>//RD) after hot rolling (Figure 20(a)) is rotated to a <110>//TD ﬁbre (Figure 20(b)), which is highly unstable during cold rolling.",107526,107538,,,cold rolling,,,cold rolling
13,rotated cube,PROCESSING,,"All the components of this ﬁbre rotate towards the semi-stable orientation {001}<110> (rotated cube), forming an extremely strong (156×) rotated cube texture (Figure 20(c)).",107627,107639,,,rotated cube,,,rotated cube
13,rotated cube,PROCESSING,,"All the components of this ﬁbre rotate towards the semi-stable orientation {001}<110> (rotated cube), forming an extremely strong (156×) rotated cube texture (Figure 20(c)).",107677,107689,,,rotated cube,,,rotated cube
13,texture,PROCESSING,,"All the components of this ﬁbre rotate towards the semi-stable orientation {001}<110> (rotated cube), forming an extremely strong (156×) rotated cube texture (Figure 20(c)).",107690,107697,,,texture,,,texture
13,texture,PROCESSING,,"The ﬁnal texture after recrystallisation is a <001>//ND ﬁbre with a very strong (50×) rotated cube com- ponent.18 Similar deformation texture (i.e., extremely strong rotated cube) is also observed in 6.5% Si NOES after warm cross rolling.223 He et al.224 used another special rolling technique (inclined rolling) to intentionally change the initial texture before cold rolling by simply rotating the cold rolling direc- tion (CRD) by an angle (≤90°) from the hot rolling direction (HRD).",107723,107730,,,texture,,,texture
13,recrystallisation,PROCESSING,,"The ﬁnal texture after recrystallisation is a <001>//ND ﬁbre with a very strong (50×) rotated cube com- ponent.18 Similar deformation texture (i.e., extremely strong rotated cube) is also observed in 6.5% Si NOES after warm cross rolling.223 He et al.224 used another special rolling technique (inclined rolling) to intentionally change the initial texture before cold rolling by simply rotating the cold rolling direc- tion (CRD) by an angle (≤90°) from the hot rolling direction (HRD).",107737,107754,,,recrystallisation,,,recrystallisation
13,rotated cube,PROCESSING,,"The ﬁnal texture after recrystallisation is a <001>//ND ﬁbre with a very strong (50×) rotated cube com- ponent.18 Similar deformation texture (i.e., extremely strong rotated cube) is also observed in 6.5% Si NOES after warm cross rolling.223 He et al.224 used another special rolling technique (inclined rolling) to intentionally change the initial texture before cold rolling by simply rotating the cold rolling direc- tion (CRD) by an angle (≤90°) from the hot rolling direction (HRD).",107800,107812,,,rotated cube,,,rotated cube
13,texture,PROCESSING,,"The ﬁnal texture after recrystallisation is a <001>//ND ﬁbre with a very strong (50×) rotated cube com- ponent.18 Similar deformation texture (i.e., extremely strong rotated cube) is also observed in 6.5% Si NOES after warm cross rolling.223 He et al.224 used another special rolling technique (inclined rolling) to intentionally change the initial texture before cold rolling by simply rotating the cold rolling direc- tion (CRD) by an angle (≤90°) from the hot rolling direction (HRD).",107848,107855,,,texture,,,texture
13,rotated cube,PROCESSING,,"The ﬁnal texture after recrystallisation is a <001>//ND ﬁbre with a very strong (50×) rotated cube com- ponent.18 Similar deformation texture (i.e., extremely strong rotated cube) is also observed in 6.5% Si NOES after warm cross rolling.223 He et al.224 used another special rolling technique (inclined rolling) to intentionally change the initial texture before cold rolling by simply rotating the cold rolling direc- tion (CRD) by an angle (≤90°) from the hot rolling direction (HRD).",107880,107892,,,rotated cube,,,rotated cube
13,6.5% Si,SI_CONTENT,UNSPECIFIED,"The ﬁnal texture after recrystallisation is a <001>//ND ﬁbre with a very strong (50×) rotated cube com- ponent.18 Similar deformation texture (i.e., extremely strong rotated cube) is also observed in 6.5% Si NOES after warm cross rolling.223 He et al.224 used another special rolling technique (inclined rolling) to intentionally change the initial texture before cold rolling by simply rotating the cold rolling direc- tion (CRD) by an angle (≤90°) from the hot rolling direction (HRD).",107914,107921,6.5,%,6.5 %,,,6.5% Si
13,texture,PROCESSING,,"The ﬁnal texture after recrystallisation is a <001>//ND ﬁbre with a very strong (50×) rotated cube com- ponent.18 Similar deformation texture (i.e., extremely strong rotated cube) is also observed in 6.5% Si NOES after warm cross rolling.223 He et al.224 used another special rolling technique (inclined rolling) to intentionally change the initial texture before cold rolling by simply rotating the cold rolling direc- tion (CRD) by an angle (≤90°) from the hot rolling direction (HRD).",108063,108070,,,texture,,,texture
13,cold rolling,PROCESSING,,"The ﬁnal texture after recrystallisation is a <001>//ND ﬁbre with a very strong (50×) rotated cube com- ponent.18 Similar deformation texture (i.e., extremely strong rotated cube) is also observed in 6.5% Si NOES after warm cross rolling.223 He et al.224 used another special rolling technique (inclined rolling) to intentionally change the initial texture before cold rolling by simply rotating the cold rolling direc- tion (CRD) by an angle (≤90°) from the hot rolling direction (HRD).",108078,108090,,,cold rolling,,,cold rolling
13,cold rolling,PROCESSING,,"The ﬁnal texture after recrystallisation is a <001>//ND ﬁbre with a very strong (50×) rotated cube com- ponent.18 Similar deformation texture (i.e., extremely strong rotated cube) is also observed in 6.5% Si NOES after warm cross rolling.223 He et al.224 used another special rolling technique (inclined rolling) to intentionally change the initial texture before cold rolling by simply rotating the cold rolling direc- tion (CRD) by an angle (≤90°) from the hot rolling direction (HRD).",108114,108126,,,cold rolling,,,cold rolling
13,hot rolling,PROCESSING,,"The ﬁnal texture after recrystallisation is a <001>//ND ﬁbre with a very strong (50×) rotated cube com- ponent.18 Similar deformation texture (i.e., extremely strong rotated cube) is also observed in 6.5% Si NOES after warm cross rolling.223 He et al.224 used another special rolling technique (inclined rolling) to intentionally change the initial texture before cold rolling by simply rotating the cold rolling direc- tion (CRD) by an angle (≤90°) from the hot rolling direction (HRD).",108173,108184,,,hot rolling,,,hot rolling
13,texture,PROCESSING,,"The rotation of the initial texture around the ND not only intensiﬁed the textures after cold rolling (as compared to that without rotation), but also alters the relative intensities between the {001}<110> and {112} <110> components and between the {111}<110> and {111}<112> orientations.",108230,108237,,,texture,,,texture
13,cold rolling,PROCESSING,,"The rotation of the initial texture around the ND not only intensiﬁed the textures after cold rolling (as compared to that without rotation), but also alters the relative intensities between the {001}<110> and {112} <110> components and between the {111}<110> and {111}<112> orientations.",108291,108303,,,cold rolling,,,cold rolling
13,Goss texture,PROCESSING,,"Especially, it is possible to create the rotated Goss texture which is not commonly pro- duced in conventional rolling; the cold rolling of the rotated Goss grains and the formation of shear bands within these grains can signiﬁcantly change the recrystallisation texture during ﬁnal annealing (see the Final annealing section).",108540,108552,,,Goss texture,,,Goss texture
13,cold rolling,PROCESSING,,"Especially, it is possible to create the rotated Goss texture which is not commonly pro- duced in conventional rolling; the cold rolling of the rotated Goss grains and the formation of shear bands within these grains can signiﬁcantly change the recrystallisation texture during ﬁnal annealing (see the Final annealing section).",108615,108627,,,cold rolling,,,cold rolling
13,recrystallisation,PROCESSING,,"Especially, it is possible to create the rotated Goss texture which is not commonly pro- duced in conventional rolling; the cold rolling of the rotated Goss grains and the formation of shear bands within these grains can signiﬁcantly change the recrystallisation texture during ﬁnal annealing (see the Final annealing section).",108736,108753,,,recrystallisation,,,recrystallisation
13,texture,PROCESSING,,"Especially, it is possible to create the rotated Goss texture which is not commonly pro- duced in conventional rolling; the cold rolling of the rotated Goss grains and the formation of shear bands within these grains can signiﬁcantly change the recrystallisation texture during ﬁnal annealing (see the Final annealing section).",108754,108761,,,texture,,,texture
13,cold rolling,PROCESSING,,A few studies have been carried out to investigate the effect of deformation mode during cold rolling on the texture and microstructure of NOES.,108908,108920,,,cold rolling,,,cold rolling
13,texture,PROCESSING,,A few studies have been carried out to investigate the effect of deformation mode during cold rolling on the texture and microstructure of NOES.,108928,108935,,,texture,,,texture
13,0.88% Si,SI_CONTENT,UNSPECIFIED,"Microtextures of cold-rolled NOES: (a) inverse pole ﬁgure map of a 0.88% Si NOES,217 (b) inverse pole ﬁgure map of a 2.8% Si NOES,204 (c) texture of the 0.88% Si NOES, (d) texture of the 2.8% Si NOES.",109122,109130,0.88,%,0.88 %,,,0.88% Si
13,2.8% Si,SI_CONTENT,UNSPECIFIED,"Microtextures of cold-rolled NOES: (a) inverse pole ﬁgure map of a 0.88% Si NOES,217 (b) inverse pole ﬁgure map of a 2.8% Si NOES,204 (c) texture of the 0.88% Si NOES, (d) texture of the 2.8% Si NOES.",109172,109179,2.8,%,2.8 %,,,2.8% Si
13,texture,PROCESSING,,"Microtextures of cold-rolled NOES: (a) inverse pole ﬁgure map of a 0.88% Si NOES,217 (b) inverse pole ﬁgure map of a 2.8% Si NOES,204 (c) texture of the 0.88% Si NOES, (d) texture of the 2.8% Si NOES.",109193,109200,,,texture,,,texture
13,0.88% Si,SI_CONTENT,UNSPECIFIED,"Microtextures of cold-rolled NOES: (a) inverse pole ﬁgure map of a 0.88% Si NOES,217 (b) inverse pole ﬁgure map of a 2.8% Si NOES,204 (c) texture of the 0.88% Si NOES, (d) texture of the 2.8% Si NOES.",109208,109216,0.88,%,0.88 %,,,0.88% Si
13,texture,PROCESSING,,"Microtextures of cold-rolled NOES: (a) inverse pole ﬁgure map of a 0.88% Si NOES,217 (b) inverse pole ﬁgure map of a 2.8% Si NOES,204 (c) texture of the 0.88% Si NOES, (d) texture of the 2.8% Si NOES.",109227,109234,,,texture,,,texture
13,2.8% Si,SI_CONTENT,UNSPECIFIED,"Microtextures of cold-rolled NOES: (a) inverse pole ﬁgure map of a 0.88% Si NOES,217 (b) inverse pole ﬁgure map of a 2.8% Si NOES,204 (c) texture of the 0.88% Si NOES, (d) texture of the 2.8% Si NOES.",109242,109249,2.8,%,2.8 %,,,2.8% Si
13,cold rolling,PROCESSING,,Sha et al.225 studied the effect of asymmetric cold rolling on the ﬁnal recrystallisation texture and magnetic properties of a 2.1% Si NOES.,109401,109413,,,cold rolling,,,cold rolling
13,recrystallisation,PROCESSING,,Sha et al.225 studied the effect of asymmetric cold rolling on the ﬁnal recrystallisation texture and magnetic properties of a 2.1% Si NOES.,109426,109443,,,recrystallisation,,,recrystallisation
13,texture,PROCESSING,,Sha et al.225 studied the effect of asymmetric cold rolling on the ﬁnal recrystallisation texture and magnetic properties of a 2.1% Si NOES.,109444,109451,,,texture,,,texture
13,2.1% Si,SI_CONTENT,UNSPECIFIED,Sha et al.225 studied the effect of asymmetric cold rolling on the ﬁnal recrystallisation texture and magnetic properties of a 2.1% Si NOES.,109481,109488,2.1,%,2.1 %,,,2.1% Si
13,cold rolling,PROCESSING,,It was demonstrated that asymmetric cold rolling could improve the recrystallisation texture by enhancing the <001>//ND ﬁbre and lead to a decrease of the core loss and an increase of the magnetic induction.,109531,109543,,,cold rolling,,,cold rolling
13,recrystallisation,PROCESSING,,It was demonstrated that asymmetric cold rolling could improve the recrystallisation texture by enhancing the <001>//ND ﬁbre and lead to a decrease of the core loss and an increase of the magnetic induction.,109562,109579,,,recrystallisation,,,recrystallisation
13,texture,PROCESSING,,It was demonstrated that asymmetric cold rolling could improve the recrystallisation texture by enhancing the <001>//ND ﬁbre and lead to a decrease of the core loss and an increase of the magnetic induction.,109580,109587,,,texture,,,texture
13,3.3% Si,SI_CONTENT,UNSPECIFIED,"Fang et al.226 investigated a 3.3% Si NOES by asymmetric cold rolling, which also illustrated that asym- metric cold rolling could signiﬁcantly increase the inten- sities of the {001}<100> and {110}<100> textures after the completion of recrystallisation.",109733,109740,3.3,%,3.3 %,,,3.3% Si
13,cold rolling,PROCESSING,,"Fang et al.226 investigated a 3.3% Si NOES by asymmetric cold rolling, which also illustrated that asym- metric cold rolling could signiﬁcantly increase the inten- sities of the {001}<100> and {110}<100> textures after the completion of recrystallisation.",109760,109772,,,cold rolling,,,cold rolling
13,cold rolling,PROCESSING,,"Fang et al.226 investigated a 3.3% Si NOES by asymmetric cold rolling, which also illustrated that asym- metric cold rolling could signiﬁcantly increase the inten- sities of the {001}<100> and {110}<100> textures after the completion of recrystallisation.",109815,109827,,,cold rolling,,,cold rolling
13,recrystallisation,PROCESSING,,"Fang et al.226 investigated a 3.3% Si NOES by asymmetric cold rolling, which also illustrated that asym- metric cold rolling could signiﬁcantly increase the inten- sities of the {001}<100> and {110}<100> textures after the completion of recrystallisation.",109940,109957,,,recrystallisation,,,recrystallisation
13,hot rolling,PROCESSING,,"Asymmetric hot rolling, however, did not produce the desired texture in the ﬁnal annealed NOES, although higher <001>//ND and lower <111>//ND textures did form in the asymmetrically hot rolled bands.227",109970,109981,,,hot rolling,,,hot rolling
13,texture,PROCESSING,,"Asymmetric hot rolling, however, did not produce the desired texture in the ﬁnal annealed NOES, although higher <001>//ND and lower <111>//ND textures did form in the asymmetrically hot rolled bands.227",110020,110027,,,texture,,,texture
13,cold rolling,PROCESSING,,"It was shown that this rolling scheme could produce signiﬁcantly different cold rolling textures from conven- tional rolling (Figure 21), i.e., drastically increasing the <001>//ND texture while signiﬁcantly reducing the <111>//ND texture at larger skew angles (30°−45°).",110677,110689,,,cold rolling,,,cold rolling
13,texture,PROCESSING,,"It was shown that this rolling scheme could produce signiﬁcantly different cold rolling textures from conven- tional rolling (Figure 21), i.e., drastically increasing the <001>//ND texture while signiﬁcantly reducing the <111>//ND texture at larger skew angles (30°−45°).",110783,110790,,,texture,,,texture
13,texture,PROCESSING,,"It was shown that this rolling scheme could produce signiﬁcantly different cold rolling textures from conven- tional rolling (Figure 21), i.e., drastically increasing the <001>//ND texture while signiﬁcantly reducing the <111>//ND texture at larger skew angles (30°−45°).",110833,110840,,,texture,,,texture
13,texture,PROCESSING,,"The differences in deformation texture after skew rolling were attributed to the different initial textures before cold rolling (rotation around ND) and to the different deform- ation mode (e.g., with a strong shear strain in TD) in the skew rolling process.",110905,110912,,,texture,,,texture
13,cold rolling,PROCESSING,,"The differences in deformation texture after skew rolling were attributed to the different initial textures before cold rolling (rotation around ND) and to the different deform- ation mode (e.g., with a strong shear strain in TD) in the skew rolling process.",110989,111001,,,cold rolling,,,cold rolling
13,texture,PROCESSING,,Tamimi et al.229 investigated a special processing technique called repetitive bending under tension (R-BUT) on the mechanical properties and texture of a 1.8% Si NOES.,111275,111282,,,texture,,,texture
13,1.8% Si,SI_CONTENT,UNSPECIFIED,Tamimi et al.229 investigated a special processing technique called repetitive bending under tension (R-BUT) on the mechanical properties and texture of a 1.8% Si NOES.,111288,111295,1.8,%,1.8 %,,,1.8% Si
13,texture,PROCESSING,,Cheong et al.133 investigated the effect of temper mill extension and work roll roughness on the texture and mag- netic properties of semi-processed NOES.,112131,112138,,,texture,,,texture
13,anisotropy,PROCESSING,,"Upon ﬁnal annealing, this may induce signiﬁcantly different textures, leading to large anisotropy in magnetic properties between the rolling and transverse directions.",112465,112475,,,anisotropy,,,anisotropy
13,temper rolling,PROCESSING,,"The temper rolling thickness reduction also affects the ﬁnal microstructure, texture, and magnetic prop- erties of semi-processed electrical steel, since the amount of strain induced in the temper rolling process is critical to determining if nucleation occurs (instead of only grain growth), which will dramatically change the ﬁnal texture.",112727,112741,,,temper rolling,,,temper rolling
13,texture,PROCESSING,,"The temper rolling thickness reduction also affects the ﬁnal microstructure, texture, and magnetic prop- erties of semi-processed electrical steel, since the amount of strain induced in the temper rolling process is critical to determining if nucleation occurs (instead of only grain growth), which will dramatically change the ﬁnal texture.",112800,112807,,,texture,,,texture
13,temper rolling,PROCESSING,,"The temper rolling thickness reduction also affects the ﬁnal microstructure, texture, and magnetic prop- erties of semi-processed electrical steel, since the amount of strain induced in the temper rolling process is critical to determining if nucleation occurs (instead of only grain growth), which will dramatically change the ﬁnal texture.",112913,112927,,,temper rolling,,,temper rolling
13,grain growth,PROCESSING,,"The temper rolling thickness reduction also affects the ﬁnal microstructure, texture, and magnetic prop- erties of semi-processed electrical steel, since the amount of strain induced in the temper rolling process is critical to determining if nucleation occurs (instead of only grain growth), which will dramatically change the ﬁnal texture.",113001,113013,,,grain growth,,,grain growth
13,texture,PROCESSING,,"The temper rolling thickness reduction also affects the ﬁnal microstructure, texture, and magnetic prop- erties of semi-processed electrical steel, since the amount of strain induced in the temper rolling process is critical to determining if nucleation occurs (instead of only grain growth), which will dramatically change the ﬁnal texture.",113056,113063,,,texture,,,texture
13,temper rolling,PROCESSING,,Barros et al.231 investigated the effect of temper rolling reduction on the ﬁnal microstructure and texture of a 1.3% Si steel.,113109,113123,,,temper rolling,,,temper rolling
13,texture,PROCESSING,,Barros et al.231 investigated the effect of temper rolling reduction on the ﬁnal microstructure and texture of a 1.3% Si steel.,113165,113172,,,texture,,,texture
13,1.3% Si,SI_CONTENT,UNSPECIFIED,Barros et al.231 investigated the effect of temper rolling reduction on the ﬁnal microstructure and texture of a 1.3% Si steel.,113178,113185,1.3,%,1.3 %,,,1.3% Si
13,temper rolling,PROCESSING,,"It was shown that 1–4% temper rolling reduc- tion produced a very inhomogeneous microstructure con- sisting of both ﬁne and coarse grains after ﬁnal annealing, which showed signiﬁcantly different crystallographic tex- tures.",113216,113230,,,temper rolling,,,temper rolling
13,texture,PROCESSING,,"It should be stressed that two microstructural character- istics of cold deformation are of paramount importance in determining the ﬁnal microstructure and texture during recrystallisation, i.e., grain fragmentation (subdivision)232 and shear banding.233 Fragmentation of grains into regions of different orientations may provide the initial Figure 20.",113634,113641,,,texture,,,texture
13,recrystallisation,PROCESSING,,"It should be stressed that two microstructural character- istics of cold deformation are of paramount importance in determining the ﬁnal microstructure and texture during recrystallisation, i.e., grain fragmentation (subdivision)232 and shear banding.233 Fragmentation of grains into regions of different orientations may provide the initial Figure 20.",113649,113666,,,recrystallisation,,,recrystallisation
13,texture,PROCESSING,,"Effect of cross rolling on the texture of NOES18: (a) texture after hot rolling, (b) hot band texture after 90° rotation about ND (before cold rolling), (c) texture after cross rolling.",113862,113869,,,texture,,,texture
13,texture,PROCESSING,,"Effect of cross rolling on the texture of NOES18: (a) texture after hot rolling, (b) hot band texture after 90° rotation about ND (before cold rolling), (c) texture after cross rolling.",113885,113892,,,texture,,,texture
13,hot rolling,PROCESSING,,"Effect of cross rolling on the texture of NOES18: (a) texture after hot rolling, (b) hot band texture after 90° rotation about ND (before cold rolling), (c) texture after cross rolling.",113899,113910,,,hot rolling,,,hot rolling
13,texture,PROCESSING,,"Effect of cross rolling on the texture of NOES18: (a) texture after hot rolling, (b) hot band texture after 90° rotation about ND (before cold rolling), (c) texture after cross rolling.",113925,113932,,,texture,,,texture
13,cold rolling,PROCESSING,,"Effect of cross rolling on the texture of NOES18: (a) texture after hot rolling, (b) hot band texture after 90° rotation about ND (before cold rolling), (c) texture after cross rolling.",113969,113981,,,cold rolling,,,cold rolling
13,texture,PROCESSING,,"Effect of cross rolling on the texture of NOES18: (a) texture after hot rolling, (b) hot band texture after 90° rotation about ND (before cold rolling), (c) texture after cross rolling.",113988,113995,,,texture,,,texture
13,recrystallisation,PROCESSING,,"380 International Materials Reviews 70(5) nuclei during recrystallisation, which determines the orien- tations of the early recrystallised grains.",114073,114090,,,recrystallisation,,,recrystallisation
13,recrystallisation,PROCESSING,,"Generally, shear bands tend to form in crystals with high Taylor factors.136,216,234 The for- mation of shear bands in the deformed microstructure signiﬁ- cantly inﬂuences the recrystallisation process during annealing, as detailed in the next section.",115015,115032,,,recrystallisation,,,recrystallisation
13,texture,PROCESSING,,"Final annealing is required in NOES pro- duction to release the stresses accumulated during the pre- vious processing steps, and to develop the desired ﬁnal microstructure and texture to achieve optimal magnetic properties.",115285,115292,,,texture,,,texture
13,texture,PROCESSING,,"During ﬁnal annealing (either batch or continu- ous), the cold deformed steel is heated to an elevated tem- perature and held for a speciﬁc time to allow the deformed microstructure to completely recrystallise, forming a struc- ture with speciﬁc grain size, morphology, and crystallo- graphic texture, which directly affects the magnetic properties.",115626,115633,,,texture,,,texture
13,texture,PROCESSING,,It is of supreme importance to control the ﬁnal annealing process to obtain the optimal microstructure and texture that deliver the best magnetic properties.,115790,115797,,,texture,,,texture
13,texture,PROCESSING,,"The main objective of the ﬁnal annealing of NOES is to obtain an optimal grain size while achieving the desired <001>//ND texture, which is, however, proved to be very challenging to attain.",115963,115970,,,texture,,,texture
13,recrystallisation,PROCESSING,,"Although with extensive research on the recrystallisation phenomena, and with a large amount of literature available, many aspects of the recrystallisation process are still not well understood.197 As a result, the experimental data and the results reported in the literature regarding the recrystallisa- tion of NOES may not be complete and sometimes even con- ﬂicting.",116072,116089,,,recrystallisation,,,recrystallisation
13,recrystallisation,PROCESSING,,"Although with extensive research on the recrystallisation phenomena, and with a large amount of literature available, many aspects of the recrystallisation process are still not well understood.197 As a result, the experimental data and the results reported in the literature regarding the recrystallisa- tion of NOES may not be complete and sometimes even con- ﬂicting.",116170,116187,,,recrystallisation,,,recrystallisation
13,recrystallisation,PROCESSING,,"It has long been recognised that the recrystallisation textures in various BCC metals at equivalent temperatures and from similar deformation textures are quite similar.219 For NOES, the common recrystallisation textures (in almost all commercial NOES) are the α-ﬁbre and γ-ﬁbre, which are not the desired <001>//ND ﬁbre texture.",116440,116457,,,recrystallisation,,,recrystallisation
13,recrystallisation,PROCESSING,,"It has long been recognised that the recrystallisation textures in various BCC metals at equivalent temperatures and from similar deformation textures are quite similar.219 For NOES, the common recrystallisation textures (in almost all commercial NOES) are the α-ﬁbre and γ-ﬁbre, which are not the desired <001>//ND ﬁbre texture.",116597,116614,,,recrystallisation,,,recrystallisation
13,texture,PROCESSING,,"It has long been recognised that the recrystallisation textures in various BCC metals at equivalent temperatures and from similar deformation textures are quite similar.219 For NOES, the common recrystallisation textures (in almost all commercial NOES) are the α-ﬁbre and γ-ﬁbre, which are not the desired <001>//ND ﬁbre texture.",116724,116731,,,texture,,,texture
13,texture,PROCESSING,,"A lot of research has been dedicated to the development of the <001>//ND texture, especially the cube component.",116806,116813,,,texture,,,texture
13,cube texture,PROCESSING,,"and Walter et al.,237 very thin silicon-iron sheets (∼0.1 mm) were produced with a very strong cube texture (90%), nor- mally through secondary recrystallisation.",116999,117011,,,cube texture,,,cube texture
13,recrystallisation,PROCESSING,,"and Walter et al.,237 very thin silicon-iron sheets (∼0.1 mm) were produced with a very strong cube texture (90%), nor- mally through secondary recrystallisation.",117048,117065,,,recrystallisation,,,recrystallisation
13,grain growth,PROCESSING,,"The mechanism for the abnormal cube grain growth was proved to be a surface-energy-driven process (i.e., {001} planes have lower surface energy than other matrix planes),238,239 very similar to the formation of the Goss texture in GOES.",117103,117115,,,grain growth,,,grain growth
13,Goss texture,PROCESSING,,"The mechanism for the abnormal cube grain growth was proved to be a surface-energy-driven process (i.e., {001} planes have lower surface energy than other matrix planes),238,239 very similar to the formation of the Goss texture in GOES.",117282,117294,,,Goss texture,,,Goss texture
13,GOES,COMPETING_MATERIAL,,"The mechanism for the abnormal cube grain growth was proved to be a surface-energy-driven process (i.e., {001} planes have lower surface energy than other matrix planes),238,239 very similar to the formation of the Goss texture in GOES.",117298,117302,,,GOES,,,grain-oriented electric steel
13,0.88% Si,SI_CONTENT,UNSPECIFIED,"Effect of skew rolling angle on the textures of a 0.88% Si NOES228: (a) 0° (conventional rolling), (b) 15°, (c) 22.5°, (d) 30°, (e) 45°.",117710,117718,0.88,%,0.88 %,,,0.88% Si
13,XRD,TEST_METHOD,,The textures were measured by XRD on the mid-thickness plane.,117827,117830,,,XRD,,,XRD
13,cube texture,PROCESSING,,A different method was developed by Taguchi and Sakakura69 to produce cube texture by cross rolling.,118227,118239,,,cube texture,,,cube texture
13,Goss texture,PROCESSING,,"Again, this method is very similar to the production of the Goss texture in GOES.",118318,118330,,,Goss texture,,,Goss texture
13,GOES,COMPETING_MATERIAL,,"Again, this method is very similar to the production of the Goss texture in GOES.",118334,118338,,,GOES,,,grain-oriented electric steel
13,grain growth,PROCESSING,,"AlN precipitates were present to inhibit grain growth in primary recrystallisation, and high temperature secondary recrystallisation was needed to produce the cube texture, but the grain size was large.",118381,118393,,,grain growth,,,grain growth
13,recrystallisation,PROCESSING,,"AlN precipitates were present to inhibit grain growth in primary recrystallisation, and high temperature secondary recrystallisation was needed to produce the cube texture, but the grain size was large.",118405,118422,,,recrystallisation,,,recrystallisation
13,recrystallisation,PROCESSING,,"AlN precipitates were present to inhibit grain growth in primary recrystallisation, and high temperature secondary recrystallisation was needed to produce the cube texture, but the grain size was large.",118455,118472,,,recrystallisation,,,recrystallisation
13,cube texture,PROCESSING,,"AlN precipitates were present to inhibit grain growth in primary recrystallisation, and high temperature secondary recrystallisation was needed to produce the cube texture, but the grain size was large.",118499,118511,,,cube texture,,,cube texture
13,texture evolution,PROCESSING,,Vanderschueren et al.222 investigated the texture evolution of a 0.57% Si steel using cross rolling and produced a strong <001>//ND,118709,118726,,,texture evolution,,,texture evolution
13,0.57% Si,SI_CONTENT,UNSPECIFIED,Vanderschueren et al.222 investigated the texture evolution of a 0.57% Si steel using cross rolling and produced a strong <001>//ND,118732,118740,0.57,%,0.57 %,,,0.57% Si
13,texture,PROCESSING,,ﬁbre texture (32×rotated cube and 8×cube) after decarbonisation annealing.,118804,118811,,,texture,,,texture
13,cube texture,PROCESSING,,"Again, to obtain a strong cube texture, secondary recrystallisation is needed.",119041,119053,,,cube texture,,,cube texture
13,recrystallisation,PROCESSING,,"Again, to obtain a strong cube texture, secondary recrystallisation is needed.",119065,119082,,,recrystallisation,,,recrystallisation
13,cube texture,PROCESSING,,"Another method to produce NOES sheets with a strong cube texture and a much ﬁner grain size was developed by Tomida et al.130 In this method, a NOES with 3.0% Si, 1.1% Mn, and 0.05% C was ﬁrst processed using a two-stage cold rolling strategy (with intermediate annealing), and was then decarburised using a silicon dioxide separator, during which columnar cube grains (more than 90%) grew from the surface to the centre, with ﬁnal grain size around 0.4 mm.",119146,119158,,,cube texture,,,cube texture
13,3.0% Si,SI_CONTENT,UNSPECIFIED,"Another method to produce NOES sheets with a strong cube texture and a much ﬁner grain size was developed by Tomida et al.130 In this method, a NOES with 3.0% Si, 1.1% Mn, and 0.05% C was ﬁrst processed using a two-stage cold rolling strategy (with intermediate annealing), and was then decarburised using a silicon dioxide separator, during which columnar cube grains (more than 90%) grew from the surface to the centre, with ﬁnal grain size around 0.4 mm.",119248,119255,3.0,%,3.0 %,,,3.0% Si
13,cold rolling,PROCESSING,,"Another method to produce NOES sheets with a strong cube texture and a much ﬁner grain size was developed by Tomida et al.130 In this method, a NOES with 3.0% Si, 1.1% Mn, and 0.05% C was ﬁrst processed using a two-stage cold rolling strategy (with intermediate annealing), and was then decarburised using a silicon dioxide separator, during which columnar cube grains (more than 90%) grew from the surface to the centre, with ﬁnal grain size around 0.4 mm.",119315,119327,,,cold rolling,,,cold rolling
13,1.2 W/kg,CORE_LOSS,UNSPECIFIED,"As a result, the core loss was reduced to 1.2 W/kg at 1.5 T and 60 Hz.",119594,119602,1.2,W/kg,1.2 W/kg,,,1.2 W/kg
13,1.5 T,FLUX_DENSITY,UNSPECIFIED,"As a result, the core loss was reduced to 1.2 W/kg at 1.5 T and 60 Hz.",119606,119611,1.5,T,1.5 T,,,1.5 T
13,cold rolling,PROCESSING,,"A similar process without using the two- stage cold rolling was also developed,241 which resulted in the {001}<120> texture with a grain size of 0.6 mm.",119670,119682,,,cold rolling,,,cold rolling
13,texture,PROCESSING,,"A similar process without using the two- stage cold rolling was also developed,241 which resulted in the {001}<120> texture with a grain size of 0.6 mm.",119739,119746,,,texture,,,texture
13,decarburisation,PROCESSING,,"In both pro- cesses, vacuum decarburisation in the austenite-ferrite two- phase region played an important role in developing the ﬁnal {001} textures.",119804,119819,,,decarburisation,,,decarburisation
13,ferrite,COMPETING_MATERIAL,,"In both pro- cesses, vacuum decarburisation in the austenite-ferrite two- phase region played an important role in developing the ﬁnal {001} textures.",119837,119844,,,ferrite,,,ferrite
13,texture,PROCESSING,,"In addition, prolonged heat treatment at relatively high temperatures and the use of oxide separators were needed to produce the desired microstructure and texture.",120083,120090,,,texture,,,texture
13,texture,PROCESSING,,"To form the <001>//ND texture at relatively low tempera- tures without secondary recrystallisation, Sung et al.185 reported a method taking the advantages of austenite-to-ferrite phase transformation in a 0.97% Si steel where the cold rolled steel was annealed at a temperature above the austenite region and cooled relatively slowly.",120114,120121,,,texture,,,texture
13,recrystallisation,PROCESSING,,"To form the <001>//ND texture at relatively low tempera- tures without secondary recrystallisation, Sung et al.185 reported a method taking the advantages of austenite-to-ferrite phase transformation in a 0.97% Si steel where the cold rolled steel was annealed at a temperature above the austenite region and cooled relatively slowly.",120173,120190,,,recrystallisation,,,recrystallisation
13,ferrite,COMPETING_MATERIAL,,"To form the <001>//ND texture at relatively low tempera- tures without secondary recrystallisation, Sung et al.185 reported a method taking the advantages of austenite-to-ferrite phase transformation in a 0.97% Si steel where the cold rolled steel was annealed at a temperature above the austenite region and cooled relatively slowly.",120263,120270,,,ferrite,,,ferrite
13,0.97% Si,SI_CONTENT,COMPETITOR,"To form the <001>//ND texture at relatively low tempera- tures without secondary recrystallisation, Sung et al.185 reported a method taking the advantages of austenite-to-ferrite phase transformation in a 0.97% Si steel where the cold rolled steel was annealed at a temperature above the austenite region and cooled relatively slowly.",120297,120305,0.97,%,0.97 %,,,0.97% Si
13,cube texture,PROCESSING,,The grain size of the cube texture is in the order of the sheet thickness (0.35 mm).,120715,120727,,,cube texture,,,cube texture
13,cube texture,PROCESSING,,"The formation of cube texture in 2.8% Si NOES by twin-roll casting243: (a) cube grains at shear bands in {111}<110> deformed matrix, (b) cube grains at shear bands in {111}<112> deformed matrix, (c) cube grains in {001}<210> deformed matrix, (d) cube grains in {113}<631> deformed matrix, (e) inverse pole ﬁgure map after ﬁnal annealing, (f) texture of the ﬁnal annealed steel.",120834,120846,,,cube texture,,,cube texture
13,2.8% Si,SI_CONTENT,UNSPECIFIED,"The formation of cube texture in 2.8% Si NOES by twin-roll casting243: (a) cube grains at shear bands in {111}<110> deformed matrix, (b) cube grains at shear bands in {111}<112> deformed matrix, (c) cube grains in {001}<210> deformed matrix, (d) cube grains in {113}<631> deformed matrix, (e) inverse pole ﬁgure map after ﬁnal annealing, (f) texture of the ﬁnal annealed steel.",120850,120857,2.8,%,2.8 %,,,2.8% Si
13,texture,PROCESSING,,"The formation of cube texture in 2.8% Si NOES by twin-roll casting243: (a) cube grains at shear bands in {111}<110> deformed matrix, (b) cube grains at shear bands in {111}<112> deformed matrix, (c) cube grains in {001}<210> deformed matrix, (d) cube grains in {113}<631> deformed matrix, (e) inverse pole ﬁgure map after ﬁnal annealing, (f) texture of the ﬁnal annealed steel.",121159,121166,,,texture,,,texture
13,texture,PROCESSING,,"382 International Materials Reviews 70(5) {001} texture and the relatively small grain size, the core loss was reduced by 25% and the permeability increased by 2–5 times.242 Cube texture with ﬁne equiaxed grains (non columnar) was developed by Sha et al.243 in a 2.8% Si steel through TRC and relatively high temperature annealing (without secondary recrystallisation).",121243,121250,,,texture,,,texture
13,texture,PROCESSING,,"382 International Materials Reviews 70(5) {001} texture and the relatively small grain size, the core loss was reduced by 25% and the permeability increased by 2–5 times.242 Cube texture with ﬁne equiaxed grains (non columnar) was developed by Sha et al.243 in a 2.8% Si steel through TRC and relatively high temperature annealing (without secondary recrystallisation).",121374,121381,,,texture,,,texture
13,2.8% Si,SI_CONTENT,UNSPECIFIED,"382 International Materials Reviews 70(5) {001} texture and the relatively small grain size, the core loss was reduced by 25% and the permeability increased by 2–5 times.242 Cube texture with ﬁne equiaxed grains (non columnar) was developed by Sha et al.243 in a 2.8% Si steel through TRC and relatively high temperature annealing (without secondary recrystallisation).",121458,121465,2.8,%,2.8 %,,,2.8% Si
13,recrystallisation,PROCESSING,,"382 International Materials Reviews 70(5) {001} texture and the relatively small grain size, the core loss was reduced by 25% and the permeability increased by 2–5 times.242 Cube texture with ﬁne equiaxed grains (non columnar) was developed by Sha et al.243 in a 2.8% Si steel through TRC and relatively high temperature annealing (without secondary recrystallisation).",121545,121562,,,recrystallisation,,,recrystallisation
13,recrystallisation,PROCESSING,,"It was claimed that the cube recrystallisation texture was due to the frequency advantage of the initial cube grains, i.e., mainly due to an oriented nucleation mechanism.",121819,121836,,,recrystallisation,,,recrystallisation
13,texture,PROCESSING,,"It was claimed that the cube recrystallisation texture was due to the frequency advantage of the initial cube grains, i.e., mainly due to an oriented nucleation mechanism.",121837,121844,,,texture,,,texture
13,1.3% Si,SI_CONTENT,UNSPECIFIED,"In another study by Jiao et al.244 (also using TRC, but in a 1.3% Si steel), it was shown that the major nucleation sites of the cube grains were the {114}<481> and {112} <241> deformation bands, including other sites such as the shear bands within the {114} <110>, {112} <110> and {111} <112> matrix.",122129,122136,1.3,%,1.3 %,,,1.3% Si
13,cube texture,PROCESSING,,It was pointed out that large blocks of deformed cube could become recrystallised cube grains by extended recovery and the thin strip thick- ness and the coarse initial microstructure with strong cube texture were the key to producing the cube texture.,122566,122578,,,cube texture,,,cube texture
13,cube texture,PROCESSING,,It was pointed out that large blocks of deformed cube could become recrystallised cube grains by extended recovery and the thin strip thick- ness and the coarse initial microstructure with strong cube texture were the key to producing the cube texture.,122609,122621,,,cube texture,,,cube texture
13,3.0% Si,SI_CONTENT,UNSPECIFIED,Takajo et al.245 investigated the nucleation and growth of cube grains in a 3.0% Si steel using both in-situ and ex-situ EBSD techniques.,122699,122706,3.0,%,3.0 %,,,3.0% Si
13,EBSD,TEST_METHOD,,Takajo et al.245 investigated the nucleation and growth of cube grains in a 3.0% Si steel using both in-situ and ex-situ EBSD techniques.,122744,122748,,,EBSD,,,EBSD
13,cube texture,PROCESSING,,"When the anneal- ing temperature was 800°C and 850°C, the cube texture could still be retained due to their relatively large size.",123396,123408,,,cube texture,,,cube texture
13,1.2% Si,SI_CONTENT,UNSPECIFIED,"Nguyen-Minh et al.246 investigated a 1.2% Si steel and observed that cube crystallites could be formed within the shear bands of rotated Goss grains ({110}<110>) after cold rolling (Figure 24(a)), which served as the preferred nuclei during recrystallisation.",123608,123615,1.2,%,1.2 %,,,1.2% Si
13,cold rolling,PROCESSING,,"Nguyen-Minh et al.246 investigated a 1.2% Si steel and observed that cube crystallites could be formed within the shear bands of rotated Goss grains ({110}<110>) after cold rolling (Figure 24(a)), which served as the preferred nuclei during recrystallisation.",123739,123751,,,cold rolling,,,cold rolling
13,recrystallisation,PROCESSING,,"Nguyen-Minh et al.246 investigated a 1.2% Si steel and observed that cube crystallites could be formed within the shear bands of rotated Goss grains ({110}<110>) after cold rolling (Figure 24(a)), which served as the preferred nuclei during recrystallisation.",123812,123829,,,recrystallisation,,,recrystallisation
13,Goss texture,PROCESSING,,"The rotated Goss texture is not a common rolling texture for NOES, and its appearance may be attributed to the phase transformation of the low silicon steel (which may not occur in high silicon steel), or to the original {110} texture after strip casting.247 Mehdi et al.248 used the inclined rolling technique224 to intentionally create a rotated Goss texture by rotating the hot band around the ND for 55°−60°, and then cold rolled the steel to 50–80% reduction.",123843,123855,,,Goss texture,,,Goss texture
13,texture,PROCESSING,,"The rotated Goss texture is not a common rolling texture for NOES, and its appearance may be attributed to the phase transformation of the low silicon steel (which may not occur in high silicon steel), or to the original {110} texture after strip casting.247 Mehdi et al.248 used the inclined rolling technique224 to intentionally create a rotated Goss texture by rotating the hot band around the ND for 55°−60°, and then cold rolled the steel to 50–80% reduction.",123880,123887,,,texture,,,texture
13,high silicon steel,OOS_GRADE,,"The rotated Goss texture is not a common rolling texture for NOES, and its appearance may be attributed to the phase transformation of the low silicon steel (which may not occur in high silicon steel), or to the original {110} texture after strip casting.247 Mehdi et al.248 used the inclined rolling technique224 to intentionally create a rotated Goss texture by rotating the hot band around the ND for 55°−60°, and then cold rolled the steel to 50–80% reduction.",124012,124030,,,high silicon steel,,,high silicon steel
13,texture,PROCESSING,,"The rotated Goss texture is not a common rolling texture for NOES, and its appearance may be attributed to the phase transformation of the low silicon steel (which may not occur in high silicon steel), or to the original {110} texture after strip casting.247 Mehdi et al.248 used the inclined rolling technique224 to intentionally create a rotated Goss texture by rotating the hot band around the ND for 55°−60°, and then cold rolled the steel to 50–80% reduction.",124058,124065,,,texture,,,texture
13,Goss texture,PROCESSING,,"The rotated Goss texture is not a common rolling texture for NOES, and its appearance may be attributed to the phase transformation of the low silicon steel (which may not occur in high silicon steel), or to the original {110} texture after strip casting.247 Mehdi et al.248 used the inclined rolling technique224 to intentionally create a rotated Goss texture by rotating the hot band around the ND for 55°−60°, and then cold rolled the steel to 50–80% reduction.",124179,124191,,,Goss texture,,,Goss texture
13,3.0% Si,SI_CONTENT,UNSPECIFIED,"The evolution of microstructure and microtexture during annealing of a 3.0% Si NOES as observed by in-situ EBSD techniques245: (a) room temperature, (b) 600°C, (c) 650°C, (d) 700°C, (e) 750°C, (f) 800°C, (g) 850°C, (h) 950°C.",124854,124861,3.0,%,3.0 %,,,3.0% Si
13,EBSD,TEST_METHOD,,"The evolution of microstructure and microtexture during annealing of a 3.0% Si NOES as observed by in-situ EBSD techniques245: (a) room temperature, (b) 600°C, (c) 650°C, (d) 700°C, (e) 750°C, (f) 800°C, (g) 850°C, (h) 950°C.",124890,124894,,,EBSD,,,EBSD
13,recrystallisation,PROCESSING,,"He and Kestens 383 nuclei during recrystallisation, which ﬁrst grew within the shear bands and ﬁnally crossed the boundaries between the shear bands and the matrix, consuming the deformed matrix, thus producing a cube texture.",125042,125059,,,recrystallisation,,,recrystallisation
13,cube texture,PROCESSING,,"He and Kestens 383 nuclei during recrystallisation, which ﬁrst grew within the shear bands and ﬁnally crossed the boundaries between the shear bands and the matrix, consuming the deformed matrix, thus producing a cube texture.",125222,125234,,,cube texture,,,cube texture
13,cube texture,PROCESSING,,"As can be seen, a very strong cube texture may be devel- oped in NOES through columnar grain growth using several different technical routes.",125266,125278,,,cube texture,,,cube texture
13,grain growth,PROCESSING,,"As can be seen, a very strong cube texture may be devel- oped in NOES through columnar grain growth using several different technical routes.",125323,125335,,,grain growth,,,grain growth
13,recrystallisation,PROCESSING,,"However, these routes mostly require secondary recrystallisation to create the cube texture, which is similar to the formation of the Goss texture in GOES.",125425,125442,,,recrystallisation,,,recrystallisation
13,cube texture,PROCESSING,,"However, these routes mostly require secondary recrystallisation to create the cube texture, which is similar to the formation of the Goss texture in GOES.",125457,125469,,,cube texture,,,cube texture
13,Goss texture,PROCESSING,,"However, these routes mostly require secondary recrystallisation to create the cube texture, which is similar to the formation of the Goss texture in GOES.",125512,125524,,,Goss texture,,,Goss texture
13,GOES,COMPETING_MATERIAL,,"However, these routes mostly require secondary recrystallisation to create the cube texture, which is similar to the formation of the Goss texture in GOES.",125528,125532,,,GOES,,,grain-oriented electric steel
13,cube texture,PROCESSING,,The technical routes that are able to produce a cube texture with a ﬁne grain size usually can only produce the cube texture with reduced intensity as compared to those formed by columnar growth.,125718,125730,,,cube texture,,,cube texture
13,cube texture,PROCESSING,,The technical routes that are able to produce a cube texture with a ﬁne grain size usually can only produce the cube texture with reduced intensity as compared to those formed by columnar growth.,125782,125794,,,cube texture,,,cube texture
13,cube texture,PROCESSING,,How to intensify the cube texture in the NOES while maintaining an optimal grain size (∼150 μm) using traditional routes is still a challenge.,125887,125899,,,cube texture,,,cube texture
13,texture,PROCESSING,,Another issue is that it is still not clear under what conditions can the cube crystals grow to form the ﬁnal texture when competing with other recrystallised grains during the later grain growth stage.,126469,126476,,,texture,,,texture
13,grain growth,PROCESSING,,Another issue is that it is still not clear under what conditions can the cube crystals grow to form the ﬁnal texture when competing with other recrystallised grains during the later grain growth stage.,126542,126554,,,grain growth,,,grain growth
13,texture,PROCESSING,,"Thus, it is shown that the ideal ﬁnal texture for NOES, i.e., a uniformly distributed <001>//ND ﬁbre or a sharp single cube component (like Goss in GOES), has not been produced in commercial NOES products in mass pro- duction, although the texture formation mechanisms are similar to those of low carbon steel which have been exten- sively studied.",126600,126607,,,texture,,,texture
13,GOES,COMPETING_MATERIAL,,"Thus, it is shown that the ideal ﬁnal texture for NOES, i.e., a uniformly distributed <001>//ND ﬁbre or a sharp single cube component (like Goss in GOES), has not been produced in commercial NOES products in mass pro- duction, although the texture formation mechanisms are similar to those of low carbon steel which have been exten- sively studied.",126710,126714,,,GOES,,,grain-oriented electric steel
13,texture,PROCESSING,,"Thus, it is shown that the ideal ﬁnal texture for NOES, i.e., a uniformly distributed <001>//ND ﬁbre or a sharp single cube component (like Goss in GOES), has not been produced in commercial NOES products in mass pro- duction, although the texture formation mechanisms are similar to those of low carbon steel which have been exten- sively studied.",126802,126809,,,texture,,,texture
13,texture,PROCESSING,,A technique route that can produce a strong <001>//ND texture together with an optimal grain size in commercial NOES sheets has yet to be developed.,126965,126972,,,texture,,,texture
13,GOES,COMPETING_MATERIAL,,"Coating and core manufacturing Like in GOES, insulating coating is also needed on NOES sheets to reduce the eddy current loss and protect the lami- nates from corrosion.",127099,127103,,,GOES,,,grain-oriented electric steel
13,insulating coating,PROCESSING,,"Coating and core manufacturing Like in GOES, insulating coating is also needed on NOES sheets to reduce the eddy current loss and protect the lami- nates from corrosion.",127105,127123,,,insulating coating,,,insulating coating
13,punching,PROCESSING,,"Since the NOES cores for electric motors and generators are normally manufactured by a punching or stamping process, a coating that can improve the punchability of the steel and extend the life of the punching dies is preferred.249 Because the NOES laminates are usually welded after stacking, a coating with good weld- ability is desired.",127317,127325,,,punching,,,punching
13,stamping,PROCESSING,,"Since the NOES cores for electric motors and generators are normally manufactured by a punching or stamping process, a coating that can improve the punchability of the steel and extend the life of the punching dies is preferred.249 Because the NOES laminates are usually welded after stacking, a coating with good weld- ability is desired.",127329,127337,,,stamping,,,stamping
13,punchability,PROCESSING,,"Since the NOES cores for electric motors and generators are normally manufactured by a punching or stamping process, a coating that can improve the punchability of the steel and extend the life of the punching dies is preferred.249 Because the NOES laminates are usually welded after stacking, a coating with good weld- ability is desired.",127378,127390,,,punchability,,,punchability
13,punching,PROCESSING,,"Since the NOES cores for electric motors and generators are normally manufactured by a punching or stamping process, a coating that can improve the punchability of the steel and extend the life of the punching dies is preferred.249 Because the NOES laminates are usually welded after stacking, a coating with good weld- ability is desired.",127431,127439,,,punching,,,punching
13,welding,PROCESSING,,"Various welding technologies can be used, e.g., tungsten inert gas (TIG) welding, metal active gas (MAG) welding, laser welding, electron beam welding, plasma arc (PA) welding, etc.",127578,127585,,,welding,,,welding
13,welding,PROCESSING,,"Various welding technologies can be used, e.g., tungsten inert gas (TIG) welding, metal active gas (MAG) welding, laser welding, electron beam welding, plasma arc (PA) welding, etc.",127643,127650,,,welding,,,welding
13,welding,PROCESSING,,"Various welding technologies can be used, e.g., tungsten inert gas (TIG) welding, metal active gas (MAG) welding, laser welding, electron beam welding, plasma arc (PA) welding, etc.",127675,127682,,,welding,,,welding
13,welding,PROCESSING,,"Various welding technologies can be used, e.g., tungsten inert gas (TIG) welding, metal active gas (MAG) welding, laser welding, electron beam welding, plasma arc (PA) welding, etc.",127690,127697,,,welding,,,welding
13,welding,PROCESSING,,"Various welding technologies can be used, e.g., tungsten inert gas (TIG) welding, metal active gas (MAG) welding, laser welding, electron beam welding, plasma arc (PA) welding, etc.",127713,127720,,,welding,,,welding
13,welding,PROCESSING,,"Various welding technologies can be used, e.g., tungsten inert gas (TIG) welding, metal active gas (MAG) welding, laser welding, electron beam welding, plasma arc (PA) welding, etc.",127738,127745,,,welding,,,welding
13,welding,PROCESSING,,The selected welding technology should have minimum impact on the properties of the lamination.,127765,127772,,,welding,,,welding
13,stress-relief annealing,PROCESSING,,"In some cases, the coated NOES sheets may be subjected to stress-relief annealing, which requires the coating be able to withstand tempera- tures as high as 815°C.250 Depending on the applications, several different types of coatings are speciﬁed in the ASTM Standard A976,250 which include organic, inor- ganic, and mixed organic and inorganic coatings.",128086,128109,,,stress-relief annealing,,,stress-relief annealing
13,interlocking,PROCESSING,,"When manufacturing soft magnetic cores for motors and generators from NOES sheets, the cutting, interlocking, and Figure 24.",128479,128491,,,interlocking,,,interlocking
13,1.2% Si,SI_CONTENT,UNSPECIFIED,"The nucleation of cube grains from shear bands of deformed {110}<110> (rotated Goss) matrix: (a) in a 1.2% Si NOES,246 (b) in a 2.8% Si NOES,248 (c) IPF map showing the orientations of the matrix grain and the shear band of a 2.8% Si NOES, (d) image quality (IQ) map showing the difference in IQ within the shear bands.",128610,128617,1.2,%,1.2 %,,,1.2% Si
13,2.8% Si,SI_CONTENT,UNSPECIFIED,"The nucleation of cube grains from shear bands of deformed {110}<110> (rotated Goss) matrix: (a) in a 1.2% Si NOES,246 (b) in a 2.8% Si NOES,248 (c) IPF map showing the orientations of the matrix grain and the shear band of a 2.8% Si NOES, (d) image quality (IQ) map showing the difference in IQ within the shear bands.",128636,128643,2.8,%,2.8 %,,,2.8% Si
13,2.8% Si,SI_CONTENT,UNSPECIFIED,"The nucleation of cube grains from shear bands of deformed {110}<110> (rotated Goss) matrix: (a) in a 1.2% Si NOES,246 (b) in a 2.8% Si NOES,248 (c) IPF map showing the orientations of the matrix grain and the shear band of a 2.8% Si NOES, (d) image quality (IQ) map showing the difference in IQ within the shear bands.",128734,128741,2.8,%,2.8 %,,,2.8% Si
13,Epstein frame,TEST_METHOD,,"Each of the cutting, stacking, bonding/interconnecting, and shrink ﬁtting processes is known to lead to additional core losses, especially for machines having small sizes.251 It has been shown that the differences in core loss between the results provided by the steel manufacturers and those measured on the ﬁnal assembled soft magnetic core can reach more than 40%.252 Figure 25 shows the effect of strip width on the magnetic properties of NOES sheets as measured by Epstein frame tests.",129568,129581,,,Epstein frame,,,Epstein frame
13,stress-relief annealing,PROCESSING,,"Thus, a stress-relief annealing step is normally recommended to recover the magnetic properties after the soft magnetic core is assembled.",130305,130328,,,stress-relief annealing,,,stress-relief annealing
13,texture,PROCESSING,,"Future research and development How to produce NOES with the ideal <001>//ND texture (with all the other textures eliminated, like in GOES) while maintaining an optimal grain size in mass production is still a big challenge and remains as an interesting area for NOES research.",130513,130520,,,texture,,,texture
13,GOES,COMPETING_MATERIAL,,"Future research and development How to produce NOES with the ideal <001>//ND texture (with all the other textures eliminated, like in GOES) while maintaining an optimal grain size in mass production is still a big challenge and remains as an interesting area for NOES research.",130570,130574,,,GOES,,,grain-oriented electric steel
13,texture,PROCESSING,,There still lacks a cost-effective and efﬁ- cient processing method to produce a strong <001>//ND texture like the sharp Goss texture in GOES.,130812,130819,,,texture,,,texture
13,Goss texture,PROCESSING,,There still lacks a cost-effective and efﬁ- cient processing method to produce a strong <001>//ND texture like the sharp Goss texture in GOES.,130835,130847,,,Goss texture,,,Goss texture
13,GOES,COMPETING_MATERIAL,,There still lacks a cost-effective and efﬁ- cient processing method to produce a strong <001>//ND texture like the sharp Goss texture in GOES.,130851,130855,,,GOES,,,grain-oriented electric steel
13,texture,PROCESSING,,"Since the mechanisms governing the formation of the microstructure and texture of the ﬁnal steel sheets are still not completely understood, much effort should be made to understand these processes using advanced characterisation techniques, e.g., using in-situ EBSD to help understand how the initial nuclei evolve to form the ﬁrst crystals during early stage of recrystallisation and how crystals with different orientations grow at high temperatures, and using In-situ TEM to evalu- ate the change of dislocation density and the diffusion of elements during the recrystallisation process.",130928,130935,,,texture,,,texture
13,EBSD,TEST_METHOD,,"Since the mechanisms governing the formation of the microstructure and texture of the ﬁnal steel sheets are still not completely understood, much effort should be made to understand these processes using advanced characterisation techniques, e.g., using in-situ EBSD to help understand how the initial nuclei evolve to form the ﬁrst crystals during early stage of recrystallisation and how crystals with different orientations grow at high temperatures, and using In-situ TEM to evalu- ate the change of dislocation density and the diffusion of elements during the recrystallisation process.",131119,131123,,,EBSD,,,EBSD
13,recrystallisation,PROCESSING,,"Since the mechanisms governing the formation of the microstructure and texture of the ﬁnal steel sheets are still not completely understood, much effort should be made to understand these processes using advanced characterisation techniques, e.g., using in-situ EBSD to help understand how the initial nuclei evolve to form the ﬁrst crystals during early stage of recrystallisation and how crystals with different orientations grow at high temperatures, and using In-situ TEM to evalu- ate the change of dislocation density and the diffusion of elements during the recrystallisation process.",131221,131238,,,recrystallisation,,,recrystallisation
13,recrystallisation,PROCESSING,,"Since the mechanisms governing the formation of the microstructure and texture of the ﬁnal steel sheets are still not completely understood, much effort should be made to understand these processes using advanced characterisation techniques, e.g., using in-situ EBSD to help understand how the initial nuclei evolve to form the ﬁrst crystals during early stage of recrystallisation and how crystals with different orientations grow at high temperatures, and using In-situ TEM to evalu- ate the change of dislocation density and the diffusion of elements during the recrystallisation process.",131422,131439,,,recrystallisation,,,recrystallisation
13,recrystallisation,PROCESSING,,"Although computer simulation of the recrystallisation process has also been investigated, there still lacks a physical model that can faithfully describe the nucleation and grain growth processes so that the simulations can be used to reli- ably predict the recrystallisation microstructure and texture.",131485,131502,,,recrystallisation,,,recrystallisation
13,grain growth,PROCESSING,,"Although computer simulation of the recrystallisation process has also been investigated, there still lacks a physical model that can faithfully describe the nucleation and grain growth processes so that the simulations can be used to reli- ably predict the recrystallisation microstructure and texture.",131622,131634,,,grain growth,,,grain growth
13,recrystallisation,PROCESSING,,"Although computer simulation of the recrystallisation process has also been investigated, there still lacks a physical model that can faithfully describe the nucleation and grain growth processes so that the simulations can be used to reli- ably predict the recrystallisation microstructure and texture.",131707,131724,,,recrystallisation,,,recrystallisation
13,texture,PROCESSING,,"Although computer simulation of the recrystallisation process has also been investigated, there still lacks a physical model that can faithfully describe the nucleation and grain growth processes so that the simulations can be used to reli- ably predict the recrystallisation microstructure and texture.",131744,131751,,,texture,,,texture
13,texture,PROCESSING,,"As has been shown, introducing shear stress during the deformation process can usually reduce the intensity of the <111>//ND texture and promote the <001>//ND texture.",131878,131885,,,texture,,,texture
13,texture,PROCESSING,,"As has been shown, introducing shear stress during the deformation process can usually reduce the intensity of the <111>//ND texture and promote the <001>//ND texture.",131912,131919,,,texture,,,texture
13,recrystallisation,PROCESSING,,A systematic study on this aspect is needed to understand how the shear stress in the surfaces affects the recrystallisa- tion of the steel during annealing and how to control the recrystallisation from the surface to the centre of the sheet.,132438,132455,,,recrystallisation,,,recrystallisation
13,high silicon steel,OOS_GRADE,,"Although a considerable amount of literature in this area can be found, the brittleness of the high silicon steel at room temperature has not been resolved.",132914,132932,,,high silicon steel,,,high silicon steel
13,3.3% Si,SI_CONTENT,UNSPECIFIED,"Effect of strip width on the magnetic properties of a 3.3% Si NOES (0.2 mm) as measured by Epstein frame method: (a) core loss, (b) relative magnetic permeability.",133208,133215,3.3,%,3.3 %,,,3.3% Si
13,Epstein frame,TEST_METHOD,,"Effect of strip width on the magnetic properties of a 3.3% Si NOES (0.2 mm) as measured by Epstein frame method: (a) core loss, (b) relative magnetic permeability.",133245,133258,,,Epstein frame,,,Epstein frame
13,Epstein frame,TEST_METHOD,,"Strips with width smaller than 30 mm contain 2 (15 mm each), 3 (10 mm each), and 6 (5 mm each) smaller strips and are glued together to make 30 mm strips for standard Epstein frame testing.",133485,133498,,,Epstein frame,,,Epstein frame
13,texture,PROCESSING,,"Once the ductility of the material is improved, the control of the microstructure and texture is essentially the same as other NOES with lower silicon contents.",134080,134087,,,texture,,,texture
13,chemical vapour deposition,PROCESSING,,Increasing the Si content in cold rolled NOES sheets with relatively low Si using novel diffusion technologies (instead of chemical vapour deposition) is another approach that may be pursued.,134278,134304,,,chemical vapour deposition,,,chemical vapour deposition
13,additive manufacturing,PROCESSING,,"More recently, additive manufacturing (3D printing) has emerged as a new technology to produce elec- trical machines.257,258",134759,134781,,,additive manufacturing,,,additive manufacturing
13,3D printing,PROCESSING,,"More recently, additive manufacturing (3D printing) has emerged as a new technology to produce elec- trical machines.257,258",134783,134794,,,3D printing,,,3D printing
13,<001> texture,PROCESSING,,"Although with its advantages such as being able to produce complex geometries and generate the desired <001> texture, it has inherent drawbacks.",134972,134985,,,<001> texture,,,<001> texture
13,strip casting,PROCESSING,,"Finally, it should be noted that, twin-roll strip casting is a cost-effective and energy-efﬁcient metal solidiﬁcation and forming technology that has great potential to efﬁciently produce NOES.",135598,135611,,,strip casting,,,strip casting
13,grain-oriented silicon steel,COMPETING_MATERIAL,,Overview of micro- structure and microtexture development in grain-oriented silicon steel.,137806,137834,,,grain-oriented silicon steel,,,grain-oriented electric steel
13,recrystallization,PROCESSING,,J Magn Magn Mater 2006; 304: 183–186. 7. Hayakawa Y. Mechanism of secondary recrystallization of Goss grains in grain-oriented electrical steel.,137912,137929,,,recrystallization,,,recrystallization
13,grain-oriented electrical steel,COMPETING_MATERIAL,,J Magn Magn Mater 2006; 304: 183–186. 7. Hayakawa Y. Mechanism of secondary recrystallization of Goss grains in grain-oriented electrical steel.,137948,137979,,,grain-oriented electrical steel,,,grain-oriented electric steel
13,texture,PROCESSING,,Quantiﬁcation of magnetic ﬂux density in non-oriented electrical steel sheets by analysis of texture components.,139355,139362,,,texture,,,texture
13,texture,PROCESSING,,Effect of texture and grain size on magnetic ﬂux density and core loss in non-oriented elec- trical steel containing 3.15% Si.,139458,139465,,,texture,,,texture
13,3.15% Si,SI_CONTENT,NGO,Effect of texture and grain size on magnetic ﬂux density and core loss in non-oriented elec- trical steel containing 3.15% Si.,139565,139573,3.15,%,3.15 %,,,3.15% Si
13,grain-oriented silicon steel,COMPETING_MATERIAL,,"Kubota T, Fujikura M and Ushigami Y. Recent progress and future trend on grain-oriented silicon steel.",140690,140718,,,grain-oriented silicon steel,,,grain-oriented electric steel
13,grain-oriented electrical steel,COMPETING_MATERIAL,,"Xia Z, Kang Y and Wang Q. Developments in the produc- tion of grain-oriented electrical steel.",140998,141029,,,grain-oriented electrical steel,,,grain-oriented electric steel
13,grain-oriented electrical steel,COMPETING_MATERIAL,,"Takamiya T, Hanazawa K and Suzuki T. Recent develop- ment of grain-oriented electrical steel in JFE Steel.",141136,141167,,,grain-oriented electrical steel,,,grain-oriented electric steel
13,JFE Steel,PRODUCER,,"Takamiya T, Hanazawa K and Suzuki T. Recent develop- ment of grain-oriented electrical steel in JFE Steel.",141171,141180,,,JFE Steel,,,JFE Steel
13,JFE,PRODUCER,,"JFE Technical Report No. 21., JFE Steel Corporation, Japan, 2016.",141182,141185,,,JFE,,,JFE
13,JFE Steel,PRODUCER,,"JFE Technical Report No. 21., JFE Steel Corporation, Japan, 2016.",141212,141221,,,JFE Steel,,,JFE Steel
13,Goss texture,PROCESSING,,On the development of the Goss texture in iron-3% silicon.,141311,141323,,,Goss texture,,,Goss texture
13,texture,PROCESSING,,Botthcher A and Lucke K. Inﬂuence of subsurface layers on texture and microstructure development in RGO electrical steel.,141439,141446,,,texture,,,texture
13,RGO,COMPETING_MATERIAL,,Botthcher A and Lucke K. Inﬂuence of subsurface layers on texture and microstructure development in RGO electrical steel.,141481,141484,,,RGO,,,RGO
13,cold rolling,PROCESSING,,"Dorner D, Zaefferer S and Raabe D. Retention of the Goss orientation between microbands during cold rolling of an Fe3%Si single crystal.",141642,141654,,,cold rolling,,,cold rolling
13,high silicon steel,OOS_GRADE,,Review of Fe-6.5wt% Si high silicon steel—A promising soft magnetic material for sub-kHz application.,141919,141937,,,high silicon steel,,,high silicon steel
13,grain oriented electrical steel,COMPETING_MATERIAL,,Method for manufacturing high magnetic ﬂux density grain oriented electrical steel sheet based on low temperature slab heating method.,142305,142336,,,grain oriented electrical steel,,,grain-oriented electric steel
13,grain-oriented electrical steel,COMPETING_MATERIAL,,Ultra-high magnetic ﬂux density grain-oriented electrical steel sheet excellent in iron loss at a high magnetic ﬂux density and ﬁlm properties and method for producing the same.,142671,142702,,,grain-oriented electrical steel,,,grain-oriented electric steel
13,grain oriented electrical steel,COMPETING_MATERIAL,,"Fortunati S, Cicale S and Abbruzzese G. Process for the pro- duction of grain oriented electrical steel strips.",142937,142968,,,grain oriented electrical steel,,,grain-oriented electric steel
13,grain growth,PROCESSING,,Mechanistic approach of Goss abnormal grain growth in electrical steel: theory and argument.,143277,143289,,,grain growth,,,grain growth
13,grain-oriented electrical steel,COMPETING_MATERIAL,,Albini L. A process for the produc- tion of a grain-oriented electrical steel.,143437,143468,,,grain-oriented electrical steel,,,grain-oriented electric steel
13,recrystallization,PROCESSING,,Primary recrystallization charac- teristics and magnetic properties improvements of high per- meability grain-oriented silicon steel by trace Cr addition.,144077,144094,,,recrystallization,,,recrystallization
13,grain-oriented silicon steel,COMPETING_MATERIAL,,Primary recrystallization charac- teristics and magnetic properties improvements of high per- meability grain-oriented silicon steel by trace Cr addition.,144173,144201,,,grain-oriented silicon steel,,,grain-oriented electric steel
13,recrystallization,PROCESSING,,"Kumano T, Haratani T and Usgigami Y. Inﬂuence of primary recrystallization texture through thickness to sec- ondary texture on grain oriented silicon steel.",144446,144463,,,recrystallization,,,recrystallization
13,texture,PROCESSING,,"Kumano T, Haratani T and Usgigami Y. Inﬂuence of primary recrystallization texture through thickness to sec- ondary texture on grain oriented silicon steel.",144464,144471,,,texture,,,texture
13,texture,PROCESSING,,"Kumano T, Haratani T and Usgigami Y. Inﬂuence of primary recrystallization texture through thickness to sec- ondary texture on grain oriented silicon steel.",144505,144512,,,texture,,,texture
13,3% Si,SI_CONTENT,UNSPECIFIED,"Takamiya T and Furukimi O. Precipitation behavior and inhibition effect of MnS, MnSe and AlN in 3% Si steel.",144674,144679,3.0,%,3.0 %,,,3% Si
13,continuous casting,PROCESSING,,Microstructure control of continuous casting slab of grain oriented silicon steel.,144783,144801,,,continuous casting,,,continuous casting
13,continuous casting,PROCESSING,,"Electromagnetic stirring and continuous casting — achievements, problems, and goals.",144930,144948,,,continuous casting,,,continuous casting
13,continuous casting,PROCESSING,,Reducing macro segregation of high carbon steel in continuous casting bloom by ﬁnal electromagnetic stirring and mechanical soft reduction inte- grated process.,145091,145109,,,continuous casting,,,continuous casting
13,grain-oriented silicon steel,COMPETING_MATERIAL,,Effect of electromagnetic stirring on the solidiﬁcation behavior of high-magnetic-induction grain-oriented silicon steel continuous casting slab.,145360,145388,,,grain-oriented silicon steel,,,grain-oriented electric steel
13,continuous casting,PROCESSING,,Effect of electromagnetic stirring on the solidiﬁcation behavior of high-magnetic-induction grain-oriented silicon steel continuous casting slab.,145389,145407,,,continuous casting,,,continuous casting
13,grain-oriented silicon steel,COMPETING_MATERIAL,,Solidiﬁcation structure and segregation of high magnetic induction grain-oriented silicon steel.,145539,145567,,,grain-oriented silicon steel,,,grain-oriented electric steel
13,grain-oriented electrical steel,COMPETING_MATERIAL,,Method for producing a grain-oriented electrical steel strip or sheet intended for elec- trotechnical applications.,145668,145699,,,grain-oriented electrical steel,,,grain-oriented electric steel
13,grain-oriented electrical steel,COMPETING_MATERIAL,,"Bottcher A, Klinkenberg C and Schuster I. Process for producing grain-oriented electrical steel strip and grain-oriented electrical steel strip obtained according to said process.",145880,145911,,,grain-oriented electrical steel,,,grain-oriented electric steel
13,grain-oriented electrical steel,COMPETING_MATERIAL,,"Bottcher A, Klinkenberg C and Schuster I. Process for producing grain-oriented electrical steel strip and grain-oriented electrical steel strip obtained according to said process.",145922,145953,,,grain-oriented electrical steel,,,grain-oriented electric steel
13,texture,PROCESSING,,"Microstructure, texture and precipitates of grain-oriented silicon steel produced by thin He and Kestens 387 slab casting and rolling process.",146094,146101,,,texture,,,texture
13,grain-oriented silicon steel,COMPETING_MATERIAL,,"Microstructure, texture and precipitates of grain-oriented silicon steel produced by thin He and Kestens 387 slab casting and rolling process.",146122,146150,,,grain-oriented silicon steel,,,grain-oriented electric steel
13,recrystallization,PROCESSING,,Primary recrystallization beha- viors of Hi-B steel with lower initial nitrogen produced by the thin slab casting and rolling process.,146462,146479,,,recrystallization,,,recrystallization
13,Hi-B,OOS_GRADE,,Primary recrystallization beha- viors of Hi-B steel with lower initial nitrogen produced by the thin slab casting and rolling process.,146495,146499,,,Hi-B,,,Hi-B
13,thin slab casting,PROCESSING,,Primary recrystallization beha- viors of Hi-B steel with lower initial nitrogen produced by the thin slab casting and rolling process.,146550,146567,,,thin slab casting,,,thin slab casting
13,4.5 wt% silicon,SI_CONTENT,UNSPECIFIED,"Muller M, Bailly D and Hirt G. Microstructure evolution and magnetic properties of a 4.5 wt% silicon steel produced by twin-roll casting.",146819,146834,4.5,%,4.5 %,,,4.5 wt% silicon
13,twin-roll casting,PROCESSING,,"Muller M, Bailly D and Hirt G. Microstructure evolution and magnetic properties of a 4.5 wt% silicon steel produced by twin-roll casting.",146853,146870,,,twin-roll casting,,,twin-roll casting
13,strip casting,PROCESSING,,A novel ultra-low carbon grain oriented silicon steel produced by twin-roll strip casting.,147151,147164,,,strip casting,,,strip casting
13,strip casting,PROCESSING,,Effect of annealing after strip casting on texture development in grain oriented silicon steel produced by twin roll casting.,147268,147281,,,strip casting,,,strip casting
13,texture,PROCESSING,,Effect of annealing after strip casting on texture development in grain oriented silicon steel produced by twin roll casting.,147285,147292,,,texture,,,texture
13,texture,PROCESSING,,"Liu HT, Yao SJ, Sun Y, et al. Evolution of microstructure, texture and inhibitor along the processing route for grain-oriented electrical steels using strip casting.",147464,147471,,,texture,,,texture
13,strip casting,PROCESSING,,"Liu HT, Yao SJ, Sun Y, et al. Evolution of microstructure, texture and inhibitor along the processing route for grain-oriented electrical steels using strip casting.",147556,147569,,,strip casting,,,strip casting
13,grain-oriented electrical steel,COMPETING_MATERIAL,,Secondary recrystalliza- tion behavior in a twin-roll cast grain-oriented electrical steel.,147701,147732,,,grain-oriented electrical steel,,,grain-oriented electric steel
13,grain-oriented silicon steel,COMPETING_MATERIAL,,Ultra-thin grain-oriented silicon steel sheet fabricated by a novel way: twin-roll strip casting and two-stage cold rolling.,147820,147848,,,grain-oriented silicon steel,,,grain-oriented electric steel
13,strip casting,PROCESSING,,Ultra-thin grain-oriented silicon steel sheet fabricated by a novel way: twin-roll strip casting and two-stage cold rolling.,147892,147905,,,strip casting,,,strip casting
13,cold rolling,PROCESSING,,Ultra-thin grain-oriented silicon steel sheet fabricated by a novel way: twin-roll strip casting and two-stage cold rolling.,147920,147932,,,cold rolling,,,cold rolling
13,hot rolling,PROCESSING,,"Inﬂuence of hot rolling reduction rate on the microstructure, texture and magnetic properties of a strip-cast Fe-6.5 wt% Si grain-oriented electrical steel.",148013,148024,,,hot rolling,,,hot rolling
13,texture,PROCESSING,,"Inﬂuence of hot rolling reduction rate on the microstructure, texture and magnetic properties of a strip-cast Fe-6.5 wt% Si grain-oriented electrical steel.",148063,148070,,,texture,,,texture
13,grain-oriented electrical steel,COMPETING_MATERIAL,,"Inﬂuence of hot rolling reduction rate on the microstructure, texture and magnetic properties of a strip-cast Fe-6.5 wt% Si grain-oriented electrical steel.",148125,148156,,,grain-oriented electrical steel,,,grain-oriented electric steel
13,recrystallization,PROCESSING,,The effects of AlN on secondary recrystallization textures in cold rolled and annealed (001)[100] single crystals of 3% silicon iron.,148257,148274,,,recrystallization,,,recrystallization
13,3% silicon,SI_CONTENT,UNSPECIFIED,The effects of AlN on secondary recrystallization textures in cold rolled and annealed (001)[100] single crystals of 3% silicon iron.,148342,148352,3.0,%,3.0 %,,,3% silicon
13,high permeability grain-oriented,COMPETING_MATERIAL,,"Sakai T, Shiozaki M and Takashina K. A study on AlN in high permeability grain-oriented silicon steel.",148449,148481,,,high permeability grain-oriented,,,grain-oriented electric steel
13,3% silicon,SI_CONTENT,UNSPECIFIED,Iwayama K and Haratani T. The dissolution and precipitation behavior of ain and MnS in grain-oriented 3% silicon-steel with high permeability.,148636,148646,3.0,%,3.0 %,,,3% silicon
13,texture evolution,PROCESSING,,Effect of Niobium on precipitates and texture evolution of Fe-3% Si grain-oriented electrical steel annealed hot band.,148908,148925,,,texture evolution,,,texture evolution
13,grain-oriented electrical steel,COMPETING_MATERIAL,,Effect of Niobium on precipitates and texture evolution of Fe-3% Si grain-oriented electrical steel annealed hot band.,148938,148969,,,grain-oriented electrical steel,,,grain-oriented electric steel
13,grain-oriented silicon steel,COMPETING_MATERIAL,,Effect of Nb on solution and pre- cipitation of inhibitors in grain-oriented silicon steel.,149280,149308,,,grain-oriented silicon steel,,,grain-oriented electric steel
13,recrystallization,PROCESSING,,Primary recrystallization charac- teristics and magnetic properties improvement of high permeability grain-oriented silicon steel by trace Cr addition.,149385,149402,,,recrystallization,,,recrystallization
13,high permeability grain-oriented,COMPETING_MATERIAL,,Primary recrystallization charac- teristics and magnetic properties improvement of high permeability grain-oriented silicon steel by trace Cr addition.,149460,149492,,,high permeability grain-oriented,,,grain-oriented electric steel
13,texture,PROCESSING,,Improvement of texture and magnetic properties of strip-cast grain-oriented elec- trical steel by trace Bi addition.,149616,149623,,,texture,,,texture
13,hot rolling,PROCESSING,,"Shimizu Y, Ito Y and IiDa Y. Formation of the Goss orien- tation near the surface of 3 pct silicon steel during hot rolling.",149869,149880,,,hot rolling,,,hot rolling
13,texture,PROCESSING,,Littmann M. Development of improved cube-on-edge texture from strand cast 3pct silicon-iron.,149971,149978,,,texture,,,texture
13,grain-oriented silicon steel,COMPETING_MATERIAL,,Control of recrystalliza- tion during high-temperature hot-rolling of grain-oriented silicon steel.,150159,150187,,,grain-oriented silicon steel,,,grain-oriented electric steel
13,grain-oriented silicon steel,COMPETING_MATERIAL,,Development of high- temperature hot-rolling process for grain-oriented silicon steel.,150323,150351,,,grain-oriented silicon steel,,,grain-oriented electric steel
13,texture,PROCESSING,,"Matsuo M, Sakai T and Suga Y. Origin and development of through-the-thickness variations of texture in the processing of grain-oriented silicon steel.",150487,150494,,,texture,,,texture
13,grain-oriented silicon steel,COMPETING_MATERIAL,,"Matsuo M, Sakai T and Suga Y. Origin and development of through-the-thickness variations of texture in the processing of grain-oriented silicon steel.",150516,150544,,,grain-oriented silicon steel,,,grain-oriented electric steel
13,hot band annealing,PROCESSING,,Deﬁning the role of hot band annealing in high-permeability grain-oriented (GO) electrical steel.,150642,150660,,,hot band annealing,,,hot band annealing
13,texture,PROCESSING,,"Mishra S, Darmann C and Lucke K. New information on texture development in regular and high-permeability grain-oriented silicon steels.",150818,150825,,,texture,,,texture
13,texture,PROCESSING,,"Shingaki Y, Takashima M and Hayakawa Y. Inﬂuence of initial crystal orientation and carbon content on rolling-induced texture in 3 mass% Si steel.",151205,151212,,,texture,,,texture
13,3 mass% Si,SI_CONTENT,UNSPECIFIED,"Shingaki Y, Takashima M and Hayakawa Y. Inﬂuence of initial crystal orientation and carbon content on rolling-induced texture in 3 mass% Si steel.",151216,151226,3.0,%,3.0 %,,,3 mass% Si
13,grain-oriented silicon steel,COMPETING_MATERIAL,,Experimental investiga- tion and simulation of crystallographic orientations evolu- tion in a cold-rolled ultra-thin grain-oriented silicon steel.,151418,151446,,,grain-oriented silicon steel,,,grain-oriented electric steel
13,Goss texture,PROCESSING,,The evolution of Goss texture in silicon steel.,151527,151539,,,Goss texture,,,Goss texture
13,grain-oriented steel,COMPETING_MATERIAL,,"Giri SK, Durgaprasad A, Mehtani H, et al. Origin of Goss (110) <001> grains in hot-worked grain-oriented steel.",151683,151703,,,grain-oriented steel,,,grain-oriented electric steel
13,Goss texture,PROCESSING,,Origin of Goss texture in grain oriented electrical steel: role of shear bands.,151793,151805,,,Goss texture,,,Goss texture
13,grain oriented electrical steel,COMPETING_MATERIAL,,Origin of Goss texture in grain oriented electrical steel: role of shear bands.,151809,151840,,,grain oriented electrical steel,,,grain-oriented electric steel
13,texture,PROCESSING,,"Shingaki Y, Takashima M and Hayakawa Y. Inﬂuence of initial crystal orientation and carbon content on rolling-induced texture in 3 mass% Si steel.",152014,152021,,,texture,,,texture
13,3 mass% Si,SI_CONTENT,UNSPECIFIED,"Shingaki Y, Takashima M and Hayakawa Y. Inﬂuence of initial crystal orientation and carbon content on rolling-induced texture in 3 mass% Si steel.",152025,152035,3.0,%,3.0 %,,,3 mass% Si
13,cold rolling,PROCESSING,,Reﬁnement of coarse AlN by the shear effect of dislocation slip during cold rolling in low-temperature grain-oriented silicon steel.,152179,152191,,,cold rolling,,,cold rolling
13,grain-oriented silicon steel,COMPETING_MATERIAL,,Reﬁnement of coarse AlN by the shear effect of dislocation slip during cold rolling in low-temperature grain-oriented silicon steel.,152211,152239,,,grain-oriented silicon steel,,,grain-oriented electric steel
13,recrystallization,PROCESSING,,"Kumano T, Haratani T and Ushigami Y. Inﬂuence of primary recrystallization texture through thickness to sec- ondary texture on grain oriented silicon steel.",152336,152353,,,recrystallization,,,recrystallization
13,texture,PROCESSING,,"Kumano T, Haratani T and Ushigami Y. Inﬂuence of primary recrystallization texture through thickness to sec- ondary texture on grain oriented silicon steel.",152354,152361,,,texture,,,texture
13,texture,PROCESSING,,"Kumano T, Haratani T and Ushigami Y. Inﬂuence of primary recrystallization texture through thickness to sec- ondary texture on grain oriented silicon steel.",152395,152402,,,texture,,,texture
13,recrystallization,PROCESSING,,Omura T and Hayakawa Y. Inﬂuence of primary- recrystallization texture on selective growth of Goss grains.,152513,152530,,,recrystallization,,,recrystallization
13,texture,PROCESSING,,Omura T and Hayakawa Y. Inﬂuence of primary- recrystallization texture on selective growth of Goss grains.,152531,152538,,,texture,,,texture
13,grain-oriented electrical steel,COMPETING_MATERIAL,,Evolution of Goss orienation during thermal heating with different heating rate for primary recrsytallization in grain-oriented electrical steel.,152792,152823,,,grain-oriented electrical steel,,,grain-oriented electric steel
13,grain-oriented electrical steel,COMPETING_MATERIAL,,Effect of primary grain size and nitrogen content on the magnetic properties of a grain-oriented electrical steel obtained by Steckel mill.,152984,153015,,,grain-oriented electrical steel,,,grain-oriented electric steel
13,recrystallization,PROCESSING,,The role of grain colony on secondary recrystallization in grain-oriented electrical steel: new insights from an original tracking experiment.,153352,153369,,,recrystallization,,,recrystallization
13,grain-oriented electrical steel,COMPETING_MATERIAL,,The role of grain colony on secondary recrystallization in grain-oriented electrical steel: new insights from an original tracking experiment.,153373,153404,,,grain-oriented electrical steel,,,grain-oriented electric steel
13,recrystallization,PROCESSING,,Evolution of Goss orientation during rapid heating for primary recrystallization in grain-oriented electrical steel.,153586,153603,,,recrystallization,,,recrystallization
13,grain-oriented electrical steel,COMPETING_MATERIAL,,Evolution of Goss orientation during rapid heating for primary recrystallization in grain-oriented electrical steel.,153607,153638,,,grain-oriented electrical steel,,,grain-oriented electric steel
13,texture,PROCESSING,,"Shinozaki MMI, Kan T and Gotoh T. Effect of primary recrys- tallized texture on the behavior of secondary recrystallization in 3% silicon steel.",153944,153951,,,texture,,,texture
13,recrystallization,PROCESSING,,"Shinozaki MMI, Kan T and Gotoh T. Effect of primary recrys- tallized texture on the behavior of secondary recrystallization in 3% silicon steel.",153981,153998,,,recrystallization,,,recrystallization
13,3% silicon,SI_CONTENT,UNSPECIFIED,"Shinozaki MMI, Kan T and Gotoh T. Effect of primary recrys- tallized texture on the behavior of secondary recrystallization in 3% silicon steel.",154002,154012,3.0,%,3.0 %,,,3% silicon
13,3% Si,SI_CONTENT,UNSPECIFIED,Harase J and Shimizu R. Distribution of {110}&lt;001> oriented grains in the primary recrystallized 3% Si-Fe alloy.,154161,154166,3.0,%,3.0 %,,,3% Si
13,recrystallization,PROCESSING,,Prediction of secondary recrystallization texture in Fe-3% Si by three-dimensional texture analysis.,154280,154297,,,recrystallization,,,recrystallization
13,texture,PROCESSING,,Prediction of secondary recrystallization texture in Fe-3% Si by three-dimensional texture analysis.,154298,154305,,,texture,,,texture
13,texture,PROCESSING,,Prediction of secondary recrystallization texture in Fe-3% Si by three-dimensional texture analysis.,154339,154346,,,texture,,,texture
13,recrystallization,PROCESSING,,Homma H and Hutchinson B. Orientation dependence of secondary recrystallization in silicon-iron.,154461,154478,,,recrystallization,,,recrystallization
13,recrystallization,PROCESSING,,The changes of grain boundary character distribution during the secondary recrystallization of electrical steel.,155063,155080,,,recrystallization,,,recrystallization
13,recrystallization,PROCESSING,,"GubernatorovVV,SokolovBKandSbitnevAK.Ontexturefor- mation in metals during recrystallization.",155214,155231,,,recrystallization,,,recrystallization
13,grain growth,PROCESSING,,I. Texture effect on grain growth relative rate.,155254,155266,,,grain growth,,,grain growth
13,grain growth,PROCESSING,,Microstructural evi- dence of abnormal grain growth by solid-state wetting in Fe-3% Si steel.,155394,155406,,,grain growth,,,grain growth
13,recrystallization,PROCESSING,,Morphological evidence that Goss abnormally growing grains grow by triple junction wetting during secondary recrystallization of Fe-3% Si steel.,155625,155642,,,recrystallization,,,recrystallization
13,grain growth,PROCESSING,,Abnormal grain growth induced by sub-boundary-enhanced solid-state wetting: ana- lysis by phase-ﬁeld model simulation.,155740,155752,,,grain growth,,,grain growth
13,grain growth,PROCESSING,,Monte Carlo simulations of abnormal grain growth by sub-boundary-enhanced solid- state wetting.,155950,155962,,,grain growth,,,grain growth
13,grain growth,PROCESSING,,Morawiec A. Grain misorientations in theories of abnormal grain growth in silicon steel.,156110,156122,,,grain growth,,,grain growth
13,Goss texture,PROCESSING,,SEM Study of origin of Goss texture in Fe-3.25% Si.,156236,156248,,,Goss texture,,,Goss texture
13,grain growth,PROCESSING,,Effects of topology on abnormal grain growth in silicon steel.,156365,156377,,,grain growth,,,grain growth
13,grain-oriented silicon steel,COMPETING_MATERIAL,,Morawiec A. On abnormal growth of Goss grains in grain-oriented silicon steel.,156482,156510,,,grain-oriented silicon steel,,,grain-oriented electric steel
13,recrystallization,PROCESSING,,"Hayakawa Y, Omura T and Imamura T. Onset of secondary recrystallization in high purity 3.3% Si steel.",156600,156617,,,recrystallization,,,recrystallization
13,3.3% Si,SI_CONTENT,UNSPECIFIED,"Hayakawa Y, Omura T and Imamura T. Onset of secondary recrystallization in high purity 3.3% Si steel.",156633,156640,3.3,%,3.3 %,,,3.3% Si
13,grain oriented electrical steel,COMPETING_MATERIAL,,"Wada T, Nozawa T and Takata T. Method for producing a super low watt loss grain oriented electrical steel sheet.",156943,156974,,,grain oriented electrical steel,,,grain-oriented electric steel
13,grain-oriented electrical steel,COMPETING_MATERIAL,,"Takamiya T, Hanazawa K and Suzuki T. Recent develop- ment of grain-oriented electrical steel in JFE steel.",157709,157740,,,grain-oriented electrical steel,,,grain-oriented electric steel
13,JFE,PRODUCER,,"Takamiya T, Hanazawa K and Suzuki T. Recent develop- ment of grain-oriented electrical steel in JFE steel.",157744,157747,,,JFE,,,JFE
13,JFE,PRODUCER,,JFE Tech Rep Mar. 2016; 21: 1–6.,157755,157758,,,JFE,,,JFE
13,grain-oriented silicon steel,COMPETING_MATERIAL,,Recent devel- opment of low-loss grain-oriented silicon steel.,157869,157897,,,grain-oriented silicon steel,,,grain-oriented electric steel
13,3% silicon,SI_CONTENT,UNSPECIFIED,Production of single-crystal 3% silicon-iron sheet with orientation near (110)[001].,158015,158025,3.0,%,3.0 %,,,3% silicon
13,grain-oriented silicon steel,COMPETING_MATERIAL,,Statistical analysis of misorientation to Goss orientation of highly grain-oriented silicon steel.,158198,158226,,,grain-oriented silicon steel,,,grain-oriented electric steel
13,cube texture,PROCESSING,,"Tomida T, Uenoya S and Sano N. Fine-grained doubly oriented silicon steel sheets and mechanism of cube texture development.",158368,158380,,,cube texture,,,cube texture
13,temper rolling,PROCESSING,,"Cheong S, Hilinski E and Rollett A. Effect of temper rolling on texture formation in a low loss cold-rolled magnetic lamination steel.",158788,158802,,,temper rolling,,,temper rolling
13,texture,PROCESSING,,"Cheong S, Hilinski E and Rollett A. Effect of temper rolling on texture formation in a low loss cold-rolled magnetic lamination steel.",158806,158813,,,texture,,,texture
13,texture,PROCESSING,,Correlation between mag- netic properties and crystallographic texture of silicon steel.,159708,159715,,,texture,,,texture
13,ferrite,COMPETING_MATERIAL,,"Equihua F, Salinas A and Nava E. Effect of aluminum content on austenite-ferrite transformation temperature in low carbon (Si-Al) hot rolled GNO electrical steels.",161009,161016,,,ferrite,,,ferrite
13,grain-oriented silicon steel,COMPETING_MATERIAL,,Development of non-oriented and grain-oriented silicon steel (invited).,161419,161447,,,grain-oriented silicon steel,,,grain-oriented electric steel
13,recrystallization,PROCESSING,,Tanaka I and Yashiki H. Magnetic properties and recrystallization texture of phosphorus-added non- oriented electrical steel sheets.,162132,162149,,,recrystallization,,,recrystallization
13,texture,PROCESSING,,Tanaka I and Yashiki H. Magnetic properties and recrystallization texture of phosphorus-added non- oriented electrical steel sheets.,162150,162157,,,texture,,,texture
13,texture,PROCESSING,,Tanaka I and Yashiki H. Magnetic properties and recrystal- lization texture evolutions of phosphorus-bearing non- oriented electrical steel sheets.,162330,162337,,,texture,,,texture
13,2% Si,SI_CONTENT,NGO,Effect of phosphorus on the mag- netic losses of non-oriented 2% Si steel.,162531,162536,2.0,%,2.0 %,,,2% Si
13,3% Si,SI_CONTENT,NGO,Texture improvement of 3% Si non-oriented electrical steel.,162632,162637,3.0,%,3.0 %,,,3% Si
13,texture,PROCESSING,,Sn segregation and its inﬂuence on electrical steel texture development.,162908,162915,,,texture,,,texture
13,texture,PROCESSING,,"How Sn addition inﬂuences texture development in single-phase Fe alloys: correlation between local chemical information, microstruc- ture and recrystallisation.",163032,163039,,,texture,,,texture
13,recrystallisation,PROCESSING,,"How Sn addition inﬂuences texture development in single-phase Fe alloys: correlation between local chemical information, microstruc- ture and recrystallisation.",163148,163165,,,recrystallisation,,,recrystallisation
13,texture,PROCESSING,,"Dong H, Zhao Y, Yu XJ, et al. Effects of Sn addition on core loss and texture of non-oriented electrical steels.",163437,163444,,,texture,,,texture
13,texture,PROCESSING,,Effect of tin on the texture of nonor- iented electrical steels.,163563,163570,,,texture,,,texture
13,texture,PROCESSING,,In: Rollett A (eds) Materials process- ing and texture.,163654,163661,,,texture,,,texture
13,grain-oriented silicon steel,COMPETING_MATERIAL,,"Method of production of tin containing non grain-oriented silicon steel sheet, steel sheet obtained and use thereof.",163999,164027,,,grain-oriented silicon steel,,,grain-oriented electric steel
13,texture,PROCESSING,,A new non- oriented Si-steel with texture of {100}<0vw>.,164186,164193,,,texture,,,texture
13,texture,PROCESSING,,"Inﬂuence of antim- ony on the texture and properties of 2% Si, 0.3% Al steel for non-oriented sheet.",164813,164820,,,texture,,,texture
13,2% Si,SI_CONTENT,NGO,"Inﬂuence of antim- ony on the texture and properties of 2% Si, 0.3% Al steel for non-oriented sheet.",164839,164844,2.0,%,2.0 %,,,2% Si
13,2.4 wt% Si,SI_CONTENT,NGO,Effect of antimony on magnetic properties in non-oriented 2.4 wt% Si electrical sheets.,165185,165195,2.4,%,2.4 %,,,2.4 wt% Si
13,texture,PROCESSING,,"Li N, Xiang L and Zhao P. Effect of antimony on the struc- ture, texture and magnetic properties of high efﬁciency non-oriented electrical steel.",165320,165327,,,texture,,,texture
13,cold rolling,PROCESSING,,Effect of antimony addition and asymmetric cold rolling on the 390 International Materials Reviews 70(5) texture and magnetic properties of a 1.2% Si steel.,165531,165543,,,cold rolling,,,cold rolling
13,texture,PROCESSING,,Effect of antimony addition and asymmetric cold rolling on the 390 International Materials Reviews 70(5) texture and magnetic properties of a 1.2% Si steel.,165593,165600,,,texture,,,texture
13,1.2% Si,SI_CONTENT,UNSPECIFIED,Effect of antimony addition and asymmetric cold rolling on the 390 International Materials Reviews 70(5) texture and magnetic properties of a 1.2% Si steel.,165630,165637,1.2,%,1.2 %,,,1.2% Si
13,texture,PROCESSING,,"Effect of Cu addition on microstructure, texture and magnetic properties of 6.5 wt% Si electrical steel.",166067,166074,,,texture,,,texture
13,6.5 wt% Si,SI_CONTENT,UNSPECIFIED,"Effect of Cu addition on microstructure, texture and magnetic properties of 6.5 wt% Si electrical steel.",166102,166112,6.5,%,6.5 %,,,6.5 wt% Si
13,NKB-CORE,GRADE_BRAND,,Ultra-low Sulfur non- oriented electrical steel sheets for highly efﬁcient motors: NKB-CORE.,166292,166300,,,NKB-CORE,,,NKB-CORE
13,NKK,PRODUCER,,NKK Tech Rev 2002; 87: 12–18.,166302,166305,,,NKK,,,NKK
13,texture,PROCESSING,,Uniqueeffectofcarbon addition on development of deformation texture through changes in slip activation and twin deformation in heavily cold-rolled Fe-3% Si alloys.,166579,166586,,,texture,,,texture
13,texture,PROCESSING,,Tomida T. A new process to develop (100) texture in silicon steel sheets.,166915,166922,,,texture,,,texture
13,texture,PROCESSING,,Efﬁcient generation of cube-on-face crystallographic texture in iron and its alloys.,167077,167084,,,texture,,,texture
13,strip casting,PROCESSING,,Zapuskalov N. Comparison of continuous strip casting with conventional technology.,167634,167647,,,strip casting,,,strip casting
13,strip casting,PROCESSING,,Thin-strip casting of steel with a twin-roll caster – discussion of product defects of ≍ 1 mm-Fe6%Si-strips.,167745,167758,,,strip casting,,,strip casting
13,texture,PROCESSING,,Microstructure and crystallo- graphic texture of strip-cast 4.3 wt% Si steel sheet.,167944,167951,,,texture,,,texture
13,4.3 wt% Si,SI_CONTENT,UNSPECIFIED,Microstructure and crystallo- graphic texture of strip-cast 4.3 wt% Si steel sheet.,167966,167976,4.3,%,4.3 %,,,4.3 wt% Si
13,texture,PROCESSING,,The effects of superheating on texture and microstructure of Fe–4.5 wt% Si steel strip by twin-roll strip casting.,168079,168086,,,texture,,,texture
13,strip casting,PROCESSING,,The effects of superheating on texture and microstructure of Fe–4.5 wt% Si steel strip by twin-roll strip casting.,168148,168161,,,strip casting,,,strip casting
13,texture,PROCESSING,,Solidiﬁcation structure and crystal- lographic texture of strip casting 3 wt.% Si non-oriented silicon steel.,168268,168275,,,texture,,,texture
13,strip casting,PROCESSING,,Solidiﬁcation structure and crystal- lographic texture of strip casting 3 wt.% Si non-oriented silicon steel.,168279,168292,,,strip casting,,,strip casting
13,hot rolling,PROCESSING,,The inﬂuence of hot rolling ﬁnishing temperature on the structure and mag- netic properties of 2.0% Si non-oriented silicon steel.,169056,169067,,,hot rolling,,,hot rolling
13,2.0% Si,SI_CONTENT,NGO,The inﬂuence of hot rolling ﬁnishing temperature on the structure and mag- netic properties of 2.0% Si non-oriented silicon steel.,169135,169142,2.0,%,2.0 %,,,2.0% Si
13,hot rolling,PROCESSING,,Da Cunha MA and Da Costa Paolinelli S. Effect of hot rolling temperature on the structure and magnetic properties of high permeability non-oriented silicon steel.,169261,169272,,,hot rolling,,,hot rolling
13,hot rolling,PROCESSING,,Fabrication of high- performance low silicon non-oriented electrical steels by a new method: low-ﬁnishing-temperature hot rolling com- bined with batch annealing.,169560,169571,,,hot rolling,,,hot rolling
13,3% Si,SI_CONTENT,NGO,Inﬂuence of thermome- chanical processing on shear bands formation and magnetic properties of a 3% Si non-oriented electrical steel.,169775,169780,3.0,%,3.0 %,,,3% Si
13,cold rolling,PROCESSING,,Effect of hot and cold rolling on grain size and texture in Fe-2.4 wt% Si strips.,169921,169933,,,cold rolling,,,cold rolling
13,texture,PROCESSING,,Effect of hot and cold rolling on grain size and texture in Fe-2.4 wt% Si strips.,169952,169959,,,texture,,,texture
13,texture,PROCESSING,,Texture evolution of a 2.8 Wt Pct Si non-oriented electrical steel and the elimin- ation of the〈111〉//ND texture.,170166,170173,,,texture,,,texture
13,anisotropy,PROCESSING,,Yashiki H and Kaneko T. Effect of hot-band annealing on anisotropy of magnetic properties in low-Si semi-processed electrical steels.,170300,170310,,,anisotropy,,,anisotropy
13,hot band annealing,PROCESSING,,Hou C. Effect of hot band annealing temperature on the mag- netic properties of low-carbon electrical steels.,170438,170456,,,hot band annealing,,,hot band annealing
13,cold rolling,PROCESSING,,Gutiérrez-Castañeda E and Salinas-Rodríguez A. Effect of annealing prior to cold rolling on magnetic and mechanical properties of low carbon non-oriented electrical steels.,170640,170652,,,cold rolling,,,cold rolling
13,recrystallization,PROCESSING,,Effects of normalizing annealing on the recrystallization texture of 4.2 wt.% Si non-oriented electrical steel thin sheets.,170850,170867,,,recrystallization,,,recrystallization
13,texture,PROCESSING,,Effects of normalizing annealing on the recrystallization texture of 4.2 wt.% Si non-oriented electrical steel thin sheets.,170868,170875,,,texture,,,texture
13,texture,PROCESSING,,The inﬂuence of normalization temperatures on different texture components and magnetic properties of nonoriented electrical steels.,171054,171061,,,texture,,,texture
13,texture evolution,PROCESSING,,Park J and Szpunar J. Effect of initial grain size on texture evolution and magnetic properties in nonoriented electrical steels.,171223,171240,,,texture evolution,,,texture evolution
13,texture,PROCESSING,,Chang S and Huang W. Effect of normalizing of hot band on magnetic properties and texture in high silicon non-oriented electrical steels.,171426,171433,,,texture,,,texture
13,hot rolling,PROCESSING,,"Effects of coiling temperature after hot rolling on microstructure, texture, and magnetic properties of non-oriented electrical steel in strip casting pro- cessing route.",171590,171601,,,hot rolling,,,hot rolling
13,texture,PROCESSING,,"Effects of coiling temperature after hot rolling on microstructure, texture, and magnetic properties of non-oriented electrical steel in strip casting pro- cessing route.",171621,171628,,,texture,,,texture
13,strip casting,PROCESSING,,"Effects of coiling temperature after hot rolling on microstructure, texture, and magnetic properties of non-oriented electrical steel in strip casting pro- cessing route.",171690,171703,,,strip casting,,,strip casting
13,cold rolling,PROCESSING,,"Effect of pre-annealing prior to cold rolling on the precipitation, microstructure and mag- netic properties of strip-cast non-oriented electrical steels.",171827,171839,,,cold rolling,,,cold rolling
13,hot band annealing,PROCESSING,,"Effect of hot band annealing on microstructure, texture and magnetic properties of non-oriented electrical steel processed by twin-roll strip casting.",172038,172056,,,hot band annealing,,,hot band annealing
13,texture,PROCESSING,,"Effect of hot band annealing on microstructure, texture and magnetic properties of non-oriented electrical steel processed by twin-roll strip casting.",172076,172083,,,texture,,,texture
13,strip casting,PROCESSING,,"Effect of hot band annealing on microstructure, texture and magnetic properties of non-oriented electrical steel processed by twin-roll strip casting.",172164,172177,,,strip casting,,,strip casting
13,2.0% Si,SI_CONTENT,NGO,Effect of hot band grain size on development of textures and magnetic properties in 2.0% Si He and Kestens 391 non-oriented electrical steel sheet.,172332,172339,2.0,%,2.0 %,,,2.0% Si
13,cold rolling,PROCESSING,,Texture evolution during skew cold rolling and annealing of a non-oriented electrical steel containing 0.9 wt% silicon.,172720,172732,,,cold rolling,,,cold rolling
13,0.9 wt% silicon,SI_CONTENT,NGO,Texture evolution during skew cold rolling and annealing of a non-oriented electrical steel containing 0.9 wt% silicon.,172793,172808,0.9,%,0.9 %,,,0.9 wt% silicon
13,cold rolling,PROCESSING,,He Y and Hilinski E. Texture and magnetic properties of non-oriented electrical steels processed by an unconven- tional cold rolling scheme.,172968,172980,,,cold rolling,,,cold rolling
13,recrystallization,PROCESSING,,Seil L and Burno C. Cold rolling reduction dependence of the recrystallization texture of 3% Si non-oriented electrical steel.,173209,173226,,,recrystallization,,,recrystallization
13,texture,PROCESSING,,Seil L and Burno C. Cold rolling reduction dependence of the recrystallization texture of 3% Si non-oriented electrical steel.,173227,173234,,,texture,,,texture
13,3% Si,SI_CONTENT,NGO,Seil L and Burno C. Cold rolling reduction dependence of the recrystallization texture of 3% Si non-oriented electrical steel.,173238,173243,3.0,%,3.0 %,,,3% Si
13,cold rolling,PROCESSING,,The effect of cold rolling parameters on the recrystallization texture of non- oriented electrical steel.,173366,173378,,,cold rolling,,,cold rolling
13,recrystallization,PROCESSING,,The effect of cold rolling parameters on the recrystallization texture of non- oriented electrical steel.,173397,173414,,,recrystallization,,,recrystallization
13,texture,PROCESSING,,The effect of cold rolling parameters on the recrystallization texture of non- oriented electrical steel.,173415,173422,,,texture,,,texture
13,texture,PROCESSING,,The effect of cross rolling on texture and magnetic properties of non oriented electrical steels.,173582,173589,,,texture,,,texture
13,texture,PROCESSING,,"Two-stage warm cross rolling and its effect on the microstructure, texture and magnetic proper- ties of an Fe-6.5 wt% Si non-oriented electrical steel.",173786,173793,,,texture,,,texture
13,hot rolling,PROCESSING,,"He Y, Hilinski E and Li J. Texture evolution of a non- oriented electrical steel cold rolled at directions different from the hot rolling direction.",174037,174048,,,hot rolling,,,hot rolling
13,recrystallization,PROCESSING,,Improvementof recrystallization texture and magnetic property in non-oriented silicon steel by asymmetric rolling.,174143,174160,,,recrystallization,,,recrystallization
13,texture,PROCESSING,,Improvementof recrystallization texture and magnetic property in non-oriented silicon steel by asymmetric rolling.,174161,174168,,,texture,,,texture
13,texture evolution,PROCESSING,,Effect of shear bands induced by asymmetric rolling on microstructure and texture evolution of non-oriented 3.3% Si teel.,174389,174406,,,texture evolution,,,texture evolution
13,3.3% Si,SI_CONTENT,NGO,Effect of shear bands induced by asymmetric rolling on microstructure and texture evolution of non-oriented 3.3% Si teel.,174423,174430,3.3,%,3.3 %,,,3.3% Si
13,hot rolling,PROCESSING,,"Chen S, Butler J and Melzer S. Effect of asymmetric hot rolling on texture, microstructure and magnetic properties in a non-grain oriented electrical steel.",174528,174539,,,hot rolling,,,hot rolling
13,texture,PROCESSING,,"Chen S, Butler J and Melzer S. Effect of asymmetric hot rolling on texture, microstructure and magnetic properties in a non-grain oriented electrical steel.",174543,174550,,,texture,,,texture
13,grain oriented electrical steel,COMPETING_MATERIAL,,"Chen S, Butler J and Melzer S. Effect of asymmetric hot rolling on texture, microstructure and magnetic properties in a non-grain oriented electrical steel.",174600,174631,,,grain oriented electrical steel,,,grain-oriented electric steel
13,texture,PROCESSING,,Mechanical properties and crystallographic texture of non-oriented electrical steel pro- cessed by repetitive bending under tension.,174915,174922,,,texture,,,texture
13,temper rolling,PROCESSING,,"Shimazu T, Shiozaki M and Kawasaki K. Effect of temper rolling on texture formation of semi-processed non-oriented steel.",175093,175107,,,temper rolling,,,temper rolling
13,texture,PROCESSING,,"Shimazu T, Shiozaki M and Kawasaki K. Effect of temper rolling on texture formation of semi-processed non-oriented steel.",175111,175118,,,texture,,,texture
13,temper rolling,PROCESSING,,Effect of temper rolling on the texture formation and magnetic properties of non- oriented semi-processed electrical steel.,175258,175272,,,temper rolling,,,temper rolling
13,texture,PROCESSING,,Effect of temper rolling on the texture formation and magnetic properties of non- oriented semi-processed electrical steel.,175280,175287,,,texture,,,texture
13,recrystallization,PROCESSING,,Role of in-grain shear bands in the nucleation of <111>//ND recrystallization textures in warm rolled steel.,175747,175764,,,recrystallization,,,recrystallization
13,recrystallization,PROCESSING,,A mechanism for secondary recrystallization in high-purity silicon iron.,176241,176258,,,recrystallization,,,recrystallization
13,texture,PROCESSING,,Walter J. Control of texture in magnetic material by surface energy.,176344,176351,,,texture,,,texture
13,texture,PROCESSING,,Hayakawa Y and Kurosawa M. Orientation relationship between primary and secondary recrystallized texture in electrical steel.,176527,176534,,,texture,,,texture
13,texture,PROCESSING,,Tomida T. Decarburization of 3% Si-1.1% Mn-0.05% C steel sheets by silicon dioxide and development of 100<012> texture.,176704,176711,,,texture,,,texture
13,texture,PROCESSING,,Magnetic properties of Fe and Fe-Si alloys with {100}< 0vw> texture.,176831,176838,,,texture,,,texture
13,17A338,GRADE,UNSPECIFIED,J Appl Phys 2013; 113: 17A338. 243.,176863,176869,,,17A338,,,17A338
13,recrystallization,PROCESSING,,Strong cube recrystallization texture in silicon steel by twin-roll casting process.,176918,176935,,,recrystallization,,,recrystallization
13,texture,PROCESSING,,Strong cube recrystallization texture in silicon steel by twin-roll casting process.,176936,176943,,,texture,,,texture
13,twin-roll casting,PROCESSING,,Strong cube recrystallization texture in silicon steel by twin-roll casting process.,176964,176981,,,twin-roll casting,,,twin-roll casting
13,Goss texture,PROCESSING,,Texture evolution in twin-roll strip cast non-oriented electrical steel with strong Cube and Goss texture.,177148,177160,,,Goss texture,,,Goss texture
13,EBSD,TEST_METHOD,,In-situ EBSD study on the cube texture evolution in 3 wt% si steel complemented by ex-situ EBSD experiment—from nucleation to grain growth.,177244,177248,,,EBSD,,,EBSD
13,cube texture,PROCESSING,,In-situ EBSD study on the cube texture evolution in 3 wt% si steel complemented by ex-situ EBSD experiment—from nucleation to grain growth.,177262,177274,,,cube texture,,,cube texture
13,3 wt% si,SI_CONTENT,UNSPECIFIED,In-situ EBSD study on the cube texture evolution in 3 wt% si steel complemented by ex-situ EBSD experiment—from nucleation to grain growth.,177288,177296,3.0,%,3.0 %,,,3 wt% si
13,EBSD,TEST_METHOD,,In-situ EBSD study on the cube texture evolution in 3 wt% si steel complemented by ex-situ EBSD experiment—from nucleation to grain growth.,177327,177331,,,EBSD,,,EBSD
13,grain growth,PROCESSING,,In-situ EBSD study on the cube texture evolution in 3 wt% si steel complemented by ex-situ EBSD experiment—from nucleation to grain growth.,177362,177374,,,grain growth,,,grain growth
13,cube texture,PROCESSING,,Evolution of cube texture in strip-cast non-oriented silicon steels.,177636,177648,,,cube texture,,,cube texture
13,texture,PROCESSING,,The evolution of cube ({001}<100>) texture in non-oriented electrical steel.,177793,177800,,,texture,,,texture
13,ASTM A976,STANDARD,,ASTM A976:,178050,178059,,,ASTM A976,,,ASTM A976
13,welding,PROCESSING,,Quantifying effects of cutting and welding on magnetic properties of electrical steels.,178690,178697,,,welding,,,welding
13,welding,PROCESSING,,"Wang H, Zhang Y and Li S. Laser welding of laminated elec- trical steels.",178863,178870,,,welding,,,welding
13,interlocking,PROCESSING,,"Senda K, Toda H and Kawano M. Inﬂuence of interlocking on core magnetic properties.",178995,179007,,,interlocking,,,interlocking
13,additive manufacturing,PROCESSING,,A review of additive manufacturing of soft magnetic materials in electrical machines.,179630,179652,,,additive manufacturing,,,additive manufacturing
13,4 wt% Si,SI_CONTENT,UNSPECIFIED,Magnetic prop- erties characterization of shear-textured 4 wt% Si electrical steel sheets.,179835,179843,4.0,%,4.0 %,,,4 wt% Si
13,strip casting,PROCESSING,,High-permeability and thin- gauge non-oriented electrical steel through twin-roll strip casting.,180230,180243,,,strip casting,,,strip casting
15,additive manufacturing,PROCESSING,,"That being said, the future generation of electrical machinery can be produced using additive manufacturing (AM) technology due to its unparalleled versatility.",5807,5829,,,additive manufacturing,,,additive manufacturing
15,stator,APPLICATION,,"The fact that the stator and rotor of the current electrical machines are only made with 2D electrical steel laminations, leaving no room for design freedom in the third dimension, is one of their primary problems.",5901,5907,,,stator,,,stator
15,rotor,APPLICATION,,"The fact that the stator and rotor of the current electrical machines are only made with 2D electrical steel laminations, leaving no room for design freedom in the third dimension, is one of their primary problems.",5912,5917,,,rotor,,,rotor
15,recrystallization,PROCESSING,,"Larger grain sizes led to in-grain shear bands developing and coarser deformed grains, both of which exhibited unique recrystallization behavior.",7213,7230,,,recrystallization,,,recrystallization
15,recrystallization,PROCESSING,,"Strong 𝛾-fiber recrystallization texture was produced at a later stage of the process due to quick kinetics caused by the formation of new normal direction grains, which was previously caused by a small-grained microstructure.",7256,7273,,,recrystallization,,,recrystallization
15,texture,PROCESSING,,"Strong 𝛾-fiber recrystallization texture was produced at a later stage of the process due to quick kinetics caused by the formation of new normal direction grains, which was previously caused by a small-grained microstructure.",7274,7281,,,texture,,,texture
15,recrystallization,PROCESSING,,"However, because of the diverse nucleation orientation and the quick grain development in the interior of coarsely deformed 𝛾-grains with the aid of in-grain shear bands, the previous big-grained microstructure led to comparatively fast recrystallization kinetics at an early stage(3).",7705,7722,,,recrystallization,,,recrystallization
15,texture,PROCESSING,,Increasing the 𝜆-fiber texture in the electrical sheet plane with two easily magnetized < 001 > orientations can increase the magnetic induction.,8011,8018,,,texture,,,texture
15,recrystallization,PROCESSING,,"Therefore, optimizing grain size and concurrently enhancing the recrystallization texture is a useful strategy to achieve both high magnetic induction and minimal core loss(3).",8198,8215,,,recrystallization,,,recrystallization
15,texture,PROCESSING,,"Therefore, optimizing grain size and concurrently enhancing the recrystallization texture is a useful strategy to achieve both high magnetic induction and minimal core loss(3).",8216,8223,,,texture,,,texture
15,hot rolling,PROCESSING,,"Researchers have also focused on overcoming the brittleness associated with high-silicon steels by developing new processing techniques, for example, rapid solidification and hot rolling, to maintain good ductility.",9454,9465,,,hot rolling,,,hot rolling
15,texture,PROCESSING,,"1.1.2 Review of Texture Evolution The development of new goods is a complicated endeavor because the evolution of texture and magnetic behavior of non-grain- oriented electrical steels depends on various aspects, including heat treatment, chemical composition, and rolling method.",10538,10545,,,texture,,,texture
15,texture,PROCESSING,,"To benefit the steelmaking community, an assessment of different factors and their impact on the evolution of texture of non-grain-oriented electrical steels would be beneficial.",10986,10993,,,texture,,,texture
15,texture,PROCESSING,,Engineers can better regulate the texture and magnetic characteristics of NGO electrical steel by understanding these interactions(6).,11089,11096,,,texture,,,texture
15,hot rolling,PROCESSING,,"A great deal of study has been done on how thermomechanical production techniques like hot rolling, cold rolling, and multistage annealing can improve the metallurgical properties of electrical steel.",12624,12635,,,hot rolling,,,hot rolling
15,cold rolling,PROCESSING,,"A great deal of study has been done on how thermomechanical production techniques like hot rolling, cold rolling, and multistage annealing can improve the metallurgical properties of electrical steel.",12637,12649,,,cold rolling,,,cold rolling
15,grain growth,PROCESSING,,"Alloying elements are usually added at the casting step in conventional ways of manufacturing electrical steel in order for them to precipitate as regular grain growth inhibitors, which ultimately affect the magnetic characteristics of the finished product.",13025,13037,,,grain growth,,,grain growth
15,EBSD,TEST_METHOD,,"Using an electron backscattered diffraction (EBSD) scanner and a scanning electron microscope, the effects of hot band annealing on the inclusions, texture, and magnetic properties of a 0.3 mm thick sheet of 2.97% silicon - 0.59% aluminum non-",13494,13498,,,EBSD,,,EBSD
15,hot band annealing,PROCESSING,,"Using an electron backscattered diffraction (EBSD) scanner and a scanning electron microscope, the effects of hot band annealing on the inclusions, texture, and magnetic properties of a 0.3 mm thick sheet of 2.97% silicon - 0.59% aluminum non-",13559,13577,,,hot band annealing,,,hot band annealing
15,texture,PROCESSING,,"Using an electron backscattered diffraction (EBSD) scanner and a scanning electron microscope, the effects of hot band annealing on the inclusions, texture, and magnetic properties of a 0.3 mm thick sheet of 2.97% silicon - 0.59% aluminum non-",13597,13604,,,texture,,,texture
15,2.97% silicon,SI_CONTENT,UNSPECIFIED,"Using an electron backscattered diffraction (EBSD) scanner and a scanning electron microscope, the effects of hot band annealing on the inclusions, texture, and magnetic properties of a 0.3 mm thick sheet of 2.97% silicon - 0.59% aluminum non-",13657,13670,2.97,%,2.97 %,,,2.97% silicon
15,hot band annealing,PROCESSING,,"The inclusions in the hot band clearly decreased as the hot band annealing temperature rose, and during the hot band’s recrystallization, the area fraction texture noticeably increased.",13787,13805,,,hot band annealing,,,hot band annealing
15,recrystallization,PROCESSING,,"The inclusions in the hot band clearly decreased as the hot band annealing temperature rose, and during the hot band’s recrystallization, the area fraction texture noticeably increased.",13850,13867,,,recrystallization,,,recrystallization
15,texture,PROCESSING,,"The inclusions in the hot band clearly decreased as the hot band annealing temperature rose, and during the hot band’s recrystallization, the area fraction texture noticeably increased.",13887,13894,,,texture,,,texture
15,texture,PROCESSING,,The ultimate sheets’ texture was primarily composed of 𝛾*- and 𝛾-fiber textures.,13938,13945,,,texture,,,texture
15,hot band annealing,PROCESSING,,"Additionally, raising the hot band annealing temperature led to an increase in grain size, strengthening the 𝜃-fiber texture and weakening the 𝛾-fiber texture of the finished sheets, which improved iron loss and magnetic induction(8).",14024,14042,,,hot band annealing,,,hot band annealing
15,texture,PROCESSING,,"Additionally, raising the hot band annealing temperature led to an increase in grain size, strengthening the 𝜃-fiber texture and weakening the 𝛾-fiber texture of the finished sheets, which improved iron loss and magnetic induction(8).",14115,14122,,,texture,,,texture
15,texture,PROCESSING,,"Additionally, raising the hot band annealing temperature led to an increase in grain size, strengthening the 𝜃-fiber texture and weakening the 𝛾-fiber texture of the finished sheets, which improved iron loss and magnetic induction(8).",14149,14156,,,texture,,,texture
15,GB20052-2020,STANDARD,,The Chinese Standardization Administration released the mandatory standard which states ”Minimum allowable value of energy efficiency and the energy efficiency grades for power transformers” (GB20052-2020) https://www.indjst.org/ 4272 Momin / Indian Journal of Science and Technology 2024;17(41):4270–4286 in an effort to lower transformer losses.(9).,14763,14775,,,GB20052-2020,,,GB20052-2020
15,power transformer,APPLICATION,,"The new power transformer standard’s Level 1 and Level 2 grades have no-load losses that are 35% and 45% lower, respectively than the previous standard.",15075,15092,,,power transformer,,,power transformer
15,additive manufacturing,PROCESSING,,The high temperatures are required for additive manufacturing processes like laser sintering and metal 3D printing where the fusion of material takes place.,15603,15625,,,additive manufacturing,,,additive manufacturing
15,3D printing,PROCESSING,,The high temperatures are required for additive manufacturing processes like laser sintering and metal 3D printing where the fusion of material takes place.,15667,15678,,,3D printing,,,3D printing
15,additive manufacturing,PROCESSING,,"By combining manufacturing processes, enabling localized output, and utilizing less energy for transportation, additive manufacturing can lower overall energy consumption.",15898,15920,,,additive manufacturing,,,additive manufacturing
15,additive manufacturing,PROCESSING,,"Unlike subtractive techniques such as milling, drilling, etc additive manufacturing reduces waste by using only the material required for each item, as parts are constructed layer by layer.",16020,16042,,,additive manufacturing,,,additive manufacturing
15,additive manufacturing,PROCESSING,,"Certain additive manufacturing materials are challenging to recycle, and support structures that are required for some designs.",16157,16179,,,additive manufacturing,,,additive manufacturing
15,additive manufacturing,PROCESSING,,"Although processes like additive manufacturing generally use less energy, it can be energy-intensive, particularly when working with metals.",16324,16346,,,additive manufacturing,,,additive manufacturing
15,additive manufacturing,PROCESSING,,"The current industrial landscape clearly demonstrates the sustainability benefits of additive manufacturing and technical domination, which are being established with key industries.",16526,16548,,,additive manufacturing,,,additive manufacturing
15,additive manufacturing,PROCESSING,,Finding out which additive manufacturing technologies are more environmentally friendly than traditional production is the key objective.,16642,16664,,,additive manufacturing,,,additive manufacturing
15,additive manufacturing,PROCESSING,,The potential of additive manufacturing (AM) for electrical steel components is an emerging area.,19114,19136,,,additive manufacturing,,,additive manufacturing
15,GOES,COMPETING_MATERIAL,,"Three sheet samples were taken of GOES, grade H110-0.27, and they were tested under compressive stress in order to provide repeatable results.",24781,24785,,,GOES,,,grain-oriented electric steel
15,H110-0.27,OOS_GRADE,,"Three sheet samples were taken of GOES, grade H110-0.27, and they were tested under compressive stress in order to provide repeatable results.",24793,24802,,,H110-0.27,,,H110-0.27
15,Goss texture,PROCESSING,,The samples are parallel to the direction of rolling and have a Goss texture with a thickness of 0.27 mm.,25007,25019,,,Goss texture,,,Goss texture
15,SST,TEST_METHOD,,"With the use of a pick-up coil, a Soken tester called Single Sheet Tester (SST), was applied to the magnetic field (H) and noted the magnetic induction (B).",25426,25429,,,SST,,,SST
15,SST,TEST_METHOD,,"As shown in Figure 1, a fabricated aluminum frame measuring 334.2 × 200 × 50.8 mm was constructed and fastened at SST in order to exert compressive stress.",26346,26349,,,SST,,,SST
15,single sheet tester,TEST_METHOD,,"Photograph of the single sheet tester frame (13) 2.3 Analyzing the atomic and microscopic levels, such as grain boundaries and phase distributions Initially, a vacuum induction furnace was used to melt metallic silicon with industrial pure iron to create the silicon steel ingot (3.5 wt%).",26522,26541,,,single sheet tester,,,single sheet tester
15,cold rolling,PROCESSING,,"After the pickling process two more routes were planned, they are: Route 𝐼: an 82% reduction in cold rolling the HRSs to 0.27 mm was achieved after several passes at room temperature.",27071,27083,,,cold rolling,,,cold rolling
15,cold rolling,PROCESSING,,The cold rolling and annealing procedures were then completed in the same manner as described in Route 𝐼. Figure 1 displays the rolling process schematic diagram.,27395,27407,,,cold rolling,,,cold rolling
15,XRD,TEST_METHOD,,"Using a diffractometer (XRD called X-ray diffractometer), the macrotexture of the material was assessed.",27907,27910,,,XRD,,,XRD
15,EBSD,TEST_METHOD,,"and it was fitted with an Electron Back Scattering Diffraction detector (EBSD), which was used to find orientation image maps.",28439,28443,,,EBSD,,,EBSD
15,B50,FLUX_DENSITY,UNSPECIFIED,"Three parameters were measured: iron loss P15/50 (1.5 Tesla and frequency of 50 Hz), magnetic induction B50 (about 5000A/m), and P10/400 (at 1.0 Tesla and 400 Hz).(14)",28904,28907,,notation,B50,,,B50
15,hot rolling,PROCESSING,,"More precisely, a 96% thickness decrease during the hot rolling process aided in the microstructure’s homogenization during the normalization treatment that followed.",29184,29195,,,hot rolling,,,hot rolling
15,15.6 W/kg,CORE_LOSS,UNSPECIFIED,"The iron loss was then suppressed to a lower value of 15.6 W/kg thanks to a deformation degree of 80 percent during cold rolling, which also guaranteed the inheritance of the uniform microstructure and prevented the aberrant growth of recrystallized grains after annealing.",29353,29362,15.6,W/kg,15.6 W/kg,,,15.6 W/kg
15,cold rolling,PROCESSING,,"The iron loss was then suppressed to a lower value of 15.6 W/kg thanks to a deformation degree of 80 percent during cold rolling, which also guaranteed the inheritance of the uniform microstructure and prevented the aberrant growth of recrystallized grains after annealing.",29415,29427,,,cold rolling,,,cold rolling
15,texture,PROCESSING,,"Meanwhile, the annealed sheet’s texture and 𝜆-fiber inheritance were encouraged by this combined process, raising the magnetic induction intensity B50 to 1.606 T(15).",29605,29612,,,texture,,,texture
15,B50,FLUX_DENSITY,UNSPECIFIED,"Meanwhile, the annealed sheet’s texture and 𝜆-fiber inheritance were encouraged by this combined process, raising the magnetic induction intensity B50 to 1.606 T(15).",29720,29723,,notation,B50,,,B50
15,texture,PROCESSING,,The author has developed a multi-scale model to control the microstructure and texture of a Copper alloyed strength non- oriented electrical steel by varying the thickness reduction of hot and cold rolling processes in an effort to achieve exceptional magnetic characteristics.,29819,29826,,,texture,,,texture
15,cold rolling,PROCESSING,,The author has developed a multi-scale model to control the microstructure and texture of a Copper alloyed strength non- oriented electrical steel by varying the thickness reduction of hot and cold rolling processes in an effort to achieve exceptional magnetic characteristics.,29933,29945,,,cold rolling,,,cold rolling
15,texture,PROCESSING,,"It is extremely difficult to accurately link and simulate in a single, real-time model phenomenon such as atomic-level interactions, intermediate grain orientation, texture development, and macroscopic properties across multiple scales.",30283,30290,,,texture,,,texture
15,anisotropy,PROCESSING,,"These new silicon pair locations will be maintained after the sample cools to room temperature, resulting in the introduction of an extrinsic magnetic anisotropy that lowers the power loss, or the area of the hysteresis loops.(16)",32045,32055,,,anisotropy,,,anisotropy
15,GOES,COMPETING_MATERIAL,,Two commercial grades of grain-oriented electrical steels (GOES) with varying Goss texture intensities were used for the AS.,32184,32188,,,GOES,,,grain-oriented electric steel
15,Goss texture,PROCESSING,,Two commercial grades of grain-oriented electrical steels (GOES) with varying Goss texture intensities were used for the AS.,32203,32215,,,Goss texture,,,Goss texture
15,power transformer,APPLICATION,,It is anticipated that the AS will improve the performance of the power transformer by lowering the GOES energy loss.,32316,32333,,,power transformer,,,power transformer
15,GOES,COMPETING_MATERIAL,,It is anticipated that the AS will improve the performance of the power transformer by lowering the GOES energy loss.,32350,32354,,,GOES,,,grain-oriented electric steel
15,anisotropy,PROCESSING,,"In order to assess the extrinsic magnetic anisotropy, the four magnetic inductions (0.7 Tesla, 1.0 Tesla, 1.3 Tesla, and 1.5 Tesla) were examined for power loss both before and after the AS.",32410,32420,,,anisotropy,,,anisotropy
15,R130-27,OOS_GRADE,,"Commercial-oriented electrical steel grades R130-27 and H110-0.27 are employed; going forward, they will be referred for testing as two different grades i.e. A and B, respectively.",32680,32687,,,R130-27,,,R130-27
15,H110-0.27,OOS_GRADE,,"Commercial-oriented electrical steel grades R130-27 and H110-0.27 are employed; going forward, they will be referred for testing as two different grades i.e. A and B, respectively.",32692,32701,,,H110-0.27,,,H110-0.27
15,Goss texture,PROCESSING,,"Furthermore, for grades A and B, an indirect measure of intensity of Goss texture B8 is 1.78 Tesla and 1.88 Tesla, respectively.",32886,32898,,,Goss texture,,,Goss texture
15,B8,FLUX_DENSITY,UNSPECIFIED,"Furthermore, for grades A and B, an indirect measure of intensity of Goss texture B8 is 1.78 Tesla and 1.88 Tesla, respectively.",32899,32901,,notation,B8,,,B8
15,single sheet tester,TEST_METHOD,,"With regard to the magnetic measurements, a Soken tester called a single sheet tester (SST), a model specified as DAC-BHW-5, was used to magnetize the samples in a rolling direction.",33780,33799,,,single sheet tester,,,single sheet tester
15,SST,TEST_METHOD,,"With regard to the magnetic measurements, a Soken tester called a single sheet tester (SST), a model specified as DAC-BHW-5, was used to magnetize the samples in a rolling direction.",33801,33804,,,SST,,,SST
15,SST,TEST_METHOD,,"Using a primary coil, the SST creates an external magnetic field (H), and a pick-up coil (1.535.10−3 m^2) measures the magnetic induction (B) surrounding the sample.",33923,33926,,,SST,,,SST
15,0.57% silicon,SI_CONTENT,UNSPECIFIED,"One of the researches into annealing was to investigate the impact of annealing temperature and duration on the mechanical, magnetic, and microstructure characteristics of a low Silicon content, ultra-low Carbon content, and hot rolled steel with 0.05% Carbon, 0.57% silicon, and 0.21% aluminum.",34814,34827,0.57,%,0.57 %,,,0.57% silicon
15,cold rolling,PROCESSING,,Research indicates that microstructures created by cold rolling followed by a brief annealing treatment at 700–800 ∘C can reduce iron energy losses in a material by up to 30% when compared to the same material that did not undergo the annealing process before cold rolling.,35278,35290,,,cold rolling,,,cold rolling
15,cold rolling,PROCESSING,,Research indicates that microstructures created by cold rolling followed by a brief annealing treatment at 700–800 ∘C can reduce iron energy losses in a material by up to 30% when compared to the same material that did not undergo the annealing process before cold rolling.,35487,35499,,,cold rolling,,,cold rolling
15,cold rolling,PROCESSING,,The effect has been considered on annealed material in comparison to the material that is not passed through annealing before the cold rolling process.,35865,35877,,,cold rolling,,,cold rolling
15,texture,PROCESSING,,It is demonstrated that these effects are related to how the texture and size of grains are affected by the processing conditions.,35948,35955,,,texture,,,texture
15,ferrite,COMPETING_MATERIAL,,"When the final microstructure has ferrite grains that are larger approximately about 1.5 times than what would be obtained if the material is not annealed before cold rolling, the greatest reduction in energy losses is seen.",36052,36059,,,ferrite,,,ferrite
15,cold rolling,PROCESSING,,"When the final microstructure has ferrite grains that are larger approximately about 1.5 times than what would be obtained if the material is not annealed before cold rolling, the greatest reduction in energy losses is seen.",36180,36192,,,cold rolling,,,cold rolling
15,laser cutting,PROCESSING,,Taking material degradation from mechanical or laser cutting into account is one of the key issues in core loss calculations.,37440,37453,,,laser cutting,,,laser cutting
15,anisotropy,PROCESSING,,This tendency is more closely linked to a similar monotonic reduction of the effective magnetic anisotropy compared to the extra-doping-induced impurity-related increase in electrical resistivity.(17),38322,38332,,,anisotropy,,,anisotropy
15,ferrite,COMPETING_MATERIAL,,This process produced complete ferrite production.,39630,39637,,,ferrite,,,ferrite
15,texture,PROCESSING,,Fe nanoparticles aid in the steel’s improved texture development and grain size refinement.,40478,40485,,,texture,,,texture
15,grain growth,PROCESSING,,Refinement of grain boundaries lowers the possibility of undesired grain growth by improving control over grain orientation.,40592,40604,,,grain growth,,,grain growth
15,recrystallization,PROCESSING,,"In order to produce the correct grain structure in electrical steels, secondary recrystallization must be inhibited by TiO2 particles.",40851,40868,,,recrystallization,,,recrystallization
15,domain refinement,PROCESSING,,Enhancement of magnetic domain refinement is facilitated by the reduction of core loss.,41433,41450,,,domain refinement,,,domain refinement
15,GOES,COMPETING_MATERIAL,,"This enhances the grain alignment in the (110) plane, which is perfect for reducing core losses in GOES.",41779,41783,,,GOES,,,grain-oriented electric steel
15,grain growth,PROCESSING,,"Nanomaterials such as TiO2 prevent grain coarsening at high temperatures by refining the structure and limiting grain growth, therefore preserving the material integrity during high-temperature processes.",42136,42148,,,grain growth,,,grain growth
15,VSM,TEST_METHOD,,Flowchart of Mn-Zn ferrites processing (17) 3 Overview Results and Findings 3.1 Inclusions and their impact on magnetic behavior Figure 3 displays the results from the vibrating samples magnetometer (VSM).,42599,42602,,,VSM,,,VSM
15,permalloy,COMPETING_MATERIAL,,"Furthermore, the concentration of the inclusions, which are known to be harmful to both the domain wall’s movement and the formation of the grains, affects the initial permeability of the permalloy.",44381,44390,,,permalloy,,,permalloy
15,texture,PROCESSING,,"The first hot-rolled microstructure of non-oriented electrical steels typically has a significant impact on the subsequent cold- rolling and annealing microstructure and texture development, as well as the ultimate magnetic characteristics.",44796,44803,,,texture,,,texture
15,hot rolling,PROCESSING,,"The literature describes the fabrication of three steel slabs with varying weight percentages of Al (0.41, 0.30, and 0.21 wt%), followed by hot rolling, cold rolling, and annealing on an industrial manufacturing line.",45007,45018,,,hot rolling,,,hot rolling
15,cold rolling,PROCESSING,,"The literature describes the fabrication of three steel slabs with varying weight percentages of Al (0.41, 0.30, and 0.21 wt%), followed by hot rolling, cold rolling, and annealing on an industrial manufacturing line.",45020,45032,,,cold rolling,,,cold rolling
15,cold rolling,PROCESSING,,Larger grains were therefore produced as a result of cold rolling and annealing.,45310,45322,,,cold rolling,,,cold rolling
15,anisotropy,PROCESSING,,"The rotation of magnetic domains may be possible only if the external magnetic field, exceeds the sum of the uniaxial anisotropy that may be intrinsic or extrinsic.",46560,46570,,,anisotropy,,,anisotropy
15,6 MPa,MPA_VALUE,UNSPECIFIED,The domain structural pattern changes about 4-6 MPa to minimize the system’s overall energy.,46675,46680,6.0,MPa,6.0 MPa,unspecified,,6 MPa
15,6 MPa,MPA_VALUE,UNSPECIFIED,It is crucial to stress that the stress pattern I is not generated and that this value cannot be regarded as HCr for compressive loads less than 6 MPa.,47030,47035,6.0,MPa,6.0 MPa,applied_stress,,6 MPa
15,1.7 T,FLUX_DENSITY,UNSPECIFIED,"Compressive stress vs critical field (A/m) at 1.7 T and 60 Hz(13) 3.3 Inﬂuence of phase distributions on the macroscopic magnetic properties: As per the texturing of hot rolled steels, a major variation in both grain size and grain orientation was found.",47275,47280,1.7,T,1.7 T,,,1.7 T
15,recrystallization,PROCESSING,,"Fine equiaxed grains with a size range of 10 to 50 𝜇m, generated during dynamic recrystallization, dominated the surface layer.",47726,47743,,,recrystallization,,,recrystallization
15,recrystallization,PROCESSING,,"Due to higher deformation and lower temperature, a higher density of dislocation occurred on the surface of the material, which acted as a catalyst for dynamic recrystallization.",48378,48395,,,recrystallization,,,recrystallization
15,recrystallization,PROCESSING,,"As a result of the middle layer’s primarily mild plane deformation, the recrystallization driving force was less strong.",48564,48581,,,recrystallization,,,recrystallization
15,texture,PROCESSING,,The variation in grain size had a major impact on how the microstructure and texture changed in the processes that followed.,49243,49250,,,texture,,,texture
15,2.6 W/kg,CORE_LOSS,UNSPECIFIED,"P15/50 and P10/400 were reduced to 2.6 W/kg and 16.337 W/kg, respectively, from 3.2 W/kg and 17.695 W/kg, or 17.7% and 7.6%, respectively.",49805,49813,2.6,W/kg,2.6 W/kg,,,2.6 W/kg
15,16.337 W/kg,CORE_LOSS,UNSPECIFIED,"P15/50 and P10/400 were reduced to 2.6 W/kg and 16.337 W/kg, respectively, from 3.2 W/kg and 17.695 W/kg, or 17.7% and 7.6%, respectively.",49818,49829,16.337,W/kg,16.337 W/kg,,,16.337 W/kg
15,3.2 W/kg,CORE_LOSS,UNSPECIFIED,"P15/50 and P10/400 were reduced to 2.6 W/kg and 16.337 W/kg, respectively, from 3.2 W/kg and 17.695 W/kg, or 17.7% and 7.6%, respectively.",49850,49858,3.2,W/kg,3.2 W/kg,,,3.2 W/kg
15,17.695 W/kg,CORE_LOSS,UNSPECIFIED,"P15/50 and P10/400 were reduced to 2.6 W/kg and 16.337 W/kg, respectively, from 3.2 W/kg and 17.695 W/kg, or 17.7% and 7.6%, respectively.",49863,49874,17.695,W/kg,17.695 W/kg,,,17.695 W/kg
15,B50,FLUX_DENSITY,UNSPECIFIED,"After annealing at 900 ∘C, magnetic induction B50 increased by 3.3% from 1.664 Tesla to 1.719 Tesla in Route.",49955,49958,,notation,B50,,,B50
15,recrystallization,PROCESSING,,"It suggested that recrystallization of microstructure and texture could be optimized using normalization through raising IGS, leading to improved magnetic properties, considering the relationship between IGS and magnetic characteristics.",50065,50082,,,recrystallization,,,recrystallization
15,texture,PROCESSING,,"It suggested that recrystallization of microstructure and texture could be optimized using normalization through raising IGS, leading to improved magnetic properties, considering the relationship between IGS and magnetic characteristics.",50105,50112,,,texture,,,texture
15,anisotropy,PROCESSING,,Different annealing temperatures show magnetic properties (14) 3.4 Relationship between annealing processes and the resulting magnetic behavior of electrical steel The annealing process under low temperature and stress or magnetic field (AS) can be used to introduce an extrinsic magnetic anisotropy in ferromagnetic materials.,50581,50591,,,anisotropy,,,anisotropy
15,GOES,COMPETING_MATERIAL,,"As a result, the hysteresis loops were found to be smaller for AS conditions than the AR for all the tests conducted for magnetic induction, which lowers the GOES material’s power loss.",51660,51664,,,GOES,,,grain-oriented electric steel
15,anisotropy,PROCESSING,,"This results in the permanent introduction of extrinsic magnetic anisotropy, which facilitates the magnetization process.",52121,52131,,,anisotropy,,,anisotropy
15,Goss texture,PROCESSING,,"It is crucial to emphasize that, even for misaligned grain that is, grains with an angle of up to 10∘between the rolling direction and the Goss texture a tensile stress of 40 MPa is sufficient to eradicate all lancet domains.",52317,52329,,,Goss texture,,,Goss texture
15,40 MPa,MPA_VALUE,UNSPECIFIED,"It is crucial to emphasize that, even for misaligned grain that is, grains with an angle of up to 10∘between the rolling direction and the Goss texture a tensile stress of 40 MPa is sufficient to eradicate all lancet domains.",52350,52356,40.0,MPa,40.0 MPa,applied_stress,,40 MPa
15,anisotropy,PROCESSING,,"It is reasonable to assume that the extrinsic magnetic anisotropy intensity of the two samples is identical because the AS parameters stress 40 N/mm2, temperature 673 K, and duration 20 min were the same as those of A400 samples.",53183,53193,,,anisotropy,,,anisotropy
15,anisotropy,PROCESSING,,It implies that the extrinsic magnetic anisotropy intensity could be altered by a new parameter in addition to the standard AS parameters.,53397,53407,,,anisotropy,,,anisotropy
15,SRM,APPLICATION,,The exact degree of the core losses of two distinct samples of the case study SRM are measured using two separate setups that are constructed.,53575,53578,,,SRM,,,SRM
15,NO20,GRADE,UNSPECIFIED,A few NO20 un-joined laminations that have been laser-cut make up the first example.,53646,53650,,,NO20,,,NO20
15,stator,APPLICATION,,"The second sample is a full stack stator constructed from identical laminations, but it also incorporates backlack bonding as an extra non-destructive stacking technique.",53841,53847,,,stator,,,stator
15,backlack bonding,PROCESSING,,"The second sample is a full stack stator constructed from identical laminations, but it also incorporates backlack bonding as an extra non-destructive stacking technique.",53913,53929,,,backlack bonding,,,backlack bonding
15,laser cutting,PROCESSING,,The additional core losses resulting from the laser cutting procedure are extracted independently for each of the two samples by comparing the outcomes.,54187,54200,,,laser cutting,,,laser cutting
15,texture,PROCESSING,,"The magnetic characteristics of electrical steels that are not orientated are enhanced by a custom-made microstructure, particularly with regard to grain size and texture.",54606,54613,,,texture,,,texture
15,6.5% Si,SI_CONTENT,UNSPECIFIED,"Specifically, the 6.5% Si loss has a temperature-dependent trend that initially decreases and then increases.",55588,55595,6.5,%,6.5 %,,,6.5% Si
15,ferrite,COMPETING_MATERIAL,,"In these conditions, the extra-doping in both samples seems to have a positive impact on the material characteristics compared to the initial standard ferrite D1, resulting in a 20% decrease in W(f).",57549,57556,,,ferrite,,,ferrite
15,permanent magnet synchronous machine,APPLICATION,,"Because of its increased leakage flux and opening fringing flux in slots, which are the main causes of eddy current losses in the windings, a permanent magnet synchronous machine is selected for this investigation [B].",57985,58021,,,permanent magnet synchronous machine,,,permanent magnet synchronous machine
15,6.5% Si,SI_CONTENT,UNSPECIFIED,"The 6.5% Si content samples showed more resistivity than any of the 3% content samples, indicating that the material would result in less eddy currents in machines made of it.",59981,59988,6.5,%,6.5 %,,,6.5% Si
15,texture,PROCESSING,,The investigation on the effect of grain size on magnetic characteristics after annealing using Route 𝐼𝐼was found that the sheets produced had better magnetic properties than the annealed sheets generated by Route 𝐼due to optimization of grain size and texture.,61010,61017,,,texture,,,texture
15,2.69 W/kg,CORE_LOSS,UNSPECIFIED,"The results showed that the minimum iron loss was P15/50 = 2.69 W/kg and the highest magnetic induction was B50 = 1.719T. Because there is more residual stress relaxation at higher temperatures, annealing can reduce hysteresis losses more successfully, which helps to simultaneously improve permeability and core losses.",61078,61087,2.69,W/kg,2.69 W/kg,,,2.69 W/kg
15,B50,FLUX_DENSITY,UNSPECIFIED,"The results showed that the minimum iron loss was P15/50 = 2.69 W/kg and the highest magnetic induction was B50 = 1.719T. Because there is more residual stress relaxation at higher temperatures, annealing can reduce hysteresis losses more successfully, which helps to simultaneously improve permeability and core losses.",61127,61130,,notation,B50,,,B50
15,anisotropy,PROCESSING,,"After computation, it is demonstrated that the effective magnetic anisotropy < K𝑒𝑓𝑓> monotonically decreases with T, having different impacts on Wdw(f) and Wrot, sd(f).",62159,62169,,,anisotropy,,,anisotropy
15,texture,PROCESSING,,"The distribution of texture is influenced by a number of parameters, including the chemical makeup of steel, phase transformation, solidification cooling rates, directed solidification, recrystallization annealing, deformation regime, and others.",62531,62538,,,texture,,,texture
15,recrystallization,PROCESSING,,"The distribution of texture is influenced by a number of parameters, including the chemical makeup of steel, phase transformation, solidification cooling rates, directed solidification, recrystallization annealing, deformation regime, and others.",62697,62714,,,recrystallization,,,recrystallization
15,texture evolution,PROCESSING,,"However, texture evolution management during heat treatment and casting processes is complicated, and future study needs to continue addressing the mechanisms involved, especially for novel industrial processing pathways like strip casting.",62767,62784,,,texture evolution,,,texture evolution
15,strip casting,PROCESSING,,"However, texture evolution management during heat treatment and casting processes is complicated, and future study needs to continue addressing the mechanisms involved, especially for novel industrial processing pathways like strip casting.",62984,62997,,,strip casting,,,strip casting
15,selective laser melting,PROCESSING,,"1. Use of Multi-material selective laser printing (SLM): At the moment, selective laser melting technology is not appropriate for reducing eddy currents through laminated structures because it is difficult to print different materials in parallel with distinct thermal behaviors and because the process is powder bed based, meaning that only one powder can be used at a time.",63366,63389,,,selective laser melting,,,selective laser melting
15,stator,APPLICATION,,"It is inadequate for employment in stator constructions, due to the significant eddy current created in the non- laminated structure by the rotating magnetic fields, resulting in reduced efficiency.",64085,64091,,,stator,,,stator
15,additive manufacturing,PROCESSING,,It has been demonstrated that finite internal material structures with geometric manipulation are possible when using the spatial accuracy of additive manufacturing techniques and that this significantly lowers the creation of classical eddy currents.,64447,64469,,,additive manufacturing,,,additive manufacturing
15,recrystallization,PROCESSING,,In order to correlate the microstructural characteristics of steels during secondary recrystallization with their magnetic losses which were ascertained from hysteresis loops a machine learning-based method was developed.,65748,65765,,,recrystallization,,,recrystallization
15,recrystallization,PROCESSING,,An innovative method based on machine learning techniques is developed to automatically link the various secondary recrystallization stages in steels to the corresponding hysteresis cycles.,66833,66850,,,recrystallization,,,recrystallization
15,recrystallization,PROCESSING,,"Here, the hysteresis cycle measurements from electrical steel samples are used as features in a pattern recognition problem to address the secondary recrystallization states as classes.",67057,67074,,,recrystallization,,,recrystallization
15,recrystallization,PROCESSING,,"Available from: https://doi.org/10.1016/j.jmmm.2023.171106. https://www.indjst.org/ 4285 Momin / Indian Journal of Science and Technology 2024;17(41):4270–4286 3) Li Z, Xie S, Wang G, Liu H. Dependence of recrystallization behavior and magnetic properties on grain size prior to cold rolling in high silicon non-oriented electrical steel.",71800,71817,,,recrystallization,,,recrystallization
15,cold rolling,PROCESSING,,"Available from: https://doi.org/10.1016/j.jmmm.2023.171106. https://www.indjst.org/ 4285 Momin / Indian Journal of Science and Technology 2024;17(41):4270–4286 3) Li Z, Xie S, Wang G, Liu H. Dependence of recrystallization behavior and magnetic properties on grain size prior to cold rolling in high silicon non-oriented electrical steel.",71874,71886,,,cold rolling,,,cold rolling
15,soft magnetic composites,COMPETING_MATERIAL,,The influence of Fe nanoparticles on microstructure and magnetic properties of Fe-6.5wt%Si soft magnetic composites.,72176,72200,,,soft magnetic composites,,,SMC
15,grain oriented electrical steel,COMPETING_MATERIAL,,"Available from: https://doi.org/10.3390/ma13194361. 6) Neundlinger L, Kreuzer H, Lichtenberger H, Hebesberger T, Sommitsch C. Microstructural and textural evolution of double stage cold rolled non-grain oriented electrical steel.",72667,72698,,,grain oriented electrical steel,,,grain-oriented electric steel
15,hot band annealing,PROCESSING,,"Effect of hot band annealing on inclusions, texture, and magnetic properties of 2.97%Si-0.59% Al non-oriented silicon steel.",73194,73212,,,hot band annealing,,,hot band annealing
15,texture,PROCESSING,,"Effect of hot band annealing on inclusions, texture, and magnetic properties of 2.97%Si-0.59% Al non-oriented silicon steel.",73228,73235,,,texture,,,texture
15,grain oriented electrical steel,COMPETING_MATERIAL,,"9) Gong J, Sun M, Ma J. Recent development of grain oriented electrical steel in Shougang steel.",73491,73522,,,grain oriented electrical steel,,,grain-oriented electric steel
15,Shougang,PRODUCER,,"9) Gong J, Sun M, Ma J. Recent development of grain oriented electrical steel in Shougang steel.",73526,73534,,,Shougang,,,Shougang
15,additive manufacturing,PROCESSING,,"Available from: https://doi.org/10.1016/j.jmmm.2024.172295. 10) Javaid M, Haleem A, Singh RP, Suman R, Rab S. Role of additive manufacturing applications towards environmental sustainability.",73715,73737,,,additive manufacturing,,,additive manufacturing
15,permalloy,COMPETING_MATERIAL,,"Yao K, Dong Y, Jiang Z. Effect of cerium addition on cleanliness and magnetic properties of Fe-80Ni permalloy.",74296,74305,,,permalloy,,,permalloy
15,grain oriented electrical steel,COMPETING_MATERIAL,,Compressive stress effects on magnetic properties of uncoated grain oriented electrical steel.,74512,74543,,,grain oriented electrical steel,,,grain-oriented electric steel
15,grain oriented electrical steel,COMPETING_MATERIAL,,Power loss reduction of uncoated grain oriented electrical steel using annealing under stress treatment.,75378,75409,,,grain oriented electrical steel,,,grain-oriented electric steel
15,grain-oriented electrical steel,COMPETING_MATERIAL,,"Gao L, Zeng L, Yang J, Pei R. Application of grain-oriented electrical steel used in super-high speed electric machines.",76069,76100,,,grain-oriented electrical steel,,,grain-oriented electric steel
15,soft magnetic composites,COMPETING_MATERIAL,,"Lu K, Liu X, Wang J, Yang T, Xu J. Simultaneous improvements of effective magnetic permeability, core losses and temperature characteristics of Fe-Si soft magnetic composites induced by annealing treatment.",76419,76443,,,soft magnetic composites,,,SMC
15,grain oriented electrical steel,COMPETING_MATERIAL,,A novel approach based on pattern recognition techniques to evaluate magnetic properties of a non-grain oriented electrical steel in the secondary recrystallization process.,77054,77085,,,grain oriented electrical steel,,,grain-oriented electric steel
15,recrystallization,PROCESSING,,A novel approach based on pattern recognition techniques to evaluate magnetic properties of a non-grain oriented electrical steel in the secondary recrystallization process.,77103,77120,,,recrystallization,,,recrystallization
18,Nippon Steel,PRODUCER,,"Materials Technology - Electrical Steels Recent Progress on Non-oriented Silicon Steel Takeshi Kubota Nippon Steel Corporation, Steel Research Laboratories, Chiba, Japan Control of crystalline orientation and consequent enhancement of magnetic properties are important for decreasing core loss of non-orient- ed silicon steel as well as grain-oriented silicon steel.",102,114,,,Nippon Steel,,,Nippon Steel
18,grain-oriented silicon steel,COMPETING_MATERIAL,,"Materials Technology - Electrical Steels Recent Progress on Non-oriented Silicon Steel Takeshi Kubota Nippon Steel Corporation, Steel Research Laboratories, Chiba, Japan Control of crystalline orientation and consequent enhancement of magnetic properties are important for decreasing core loss of non-orient- ed silicon steel as well as grain-oriented silicon steel.",337,365,,,grain-oriented silicon steel,,,grain-oriented electric steel
18,texture,PROCESSING,,"Through the development of special process techniques to produce clean refined steel, it is now possible to use any element to improve the crystalline texture control of steel without producing harmful effects.",518,525,,,texture,,,texture
18,texture,PROCESSING,,"Keywords: non-oriented silicon steel, energy conservation, crystalline texture control, high efficiency, non-oriented thin gauge silicon steel, core loss at high frequency, high strength non-oriented thin gauge silicon steel, yield strength, high-speed motor.",1349,1356,,,texture,,,texture
18,high-speed motor,APPLICATION,,"Keywords: non-oriented silicon steel, energy conservation, crystalline texture control, high efficiency, non-oriented thin gauge silicon steel, core loss at high frequency, high strength non-oriented thin gauge silicon steel, yield strength, high-speed motor.",1520,1536,,,high-speed motor,,,high-speed motor
18,anisotropy,PROCESSING,,"Later, in 1926, mag- netic anisotropy of iron crystal was discovered by Honda and Kaya",1924,1934,,,anisotropy,,,anisotropy
18,grain-oriented silicon steel,COMPETING_MATERIAL,,"In 1934 Goss invented grain-oriented silicon steel sheet having a (11O}<001> crystalline texture, taking advantage of improving magnetic properties through con- trol of crystalline orientation [3].",2011,2039,,,grain-oriented silicon steel,,,grain-oriented electric steel
18,texture,PROCESSING,,"In 1934 Goss invented grain-oriented silicon steel sheet having a (11O}<001> crystalline texture, taking advantage of improving magnetic properties through con- trol of crystalline orientation [3].",2078,2085,,,texture,,,texture
18,high permeability grain-oriented,COMPETING_MATERIAL,,"From 1968, the en- ergy loss of transformers was dramatically reduced thanks to new high permeability grain-oriented silicon steel like HI-B grade developed by Nippon Steel",2392,2424,,,high permeability grain-oriented,,,grain-oriented electric steel
18,HI-B,OOS_GRADE,,"From 1968, the en- ergy loss of transformers was dramatically reduced thanks to new high permeability grain-oriented silicon steel like HI-B grade developed by Nippon Steel",2444,2448,,,HI-B,,,HI-B
18,Nippon Steel,PRODUCER,,"From 1968, the en- ergy loss of transformers was dramatically reduced thanks to new high permeability grain-oriented silicon steel like HI-B grade developed by Nippon Steel",2468,2480,,,Nippon Steel,,,Nippon Steel
18,rotating machine,APPLICATION,,"As for non-oriented silicon steel, mainly used for rotating machine cores, typically motors and generators, Nippon Steel commenced its production in 1924 as hot rolled sheet, which from 1956 was replaced by the presently used cold rolled non-oriented silicon steel.",2539,2555,,,rotating machine,,,rotating machine
18,Nippon Steel,PRODUCER,,"As for non-oriented silicon steel, mainly used for rotating machine cores, typically motors and generators, Nippon Steel commenced its production in 1924 as hot rolled sheet, which from 1956 was replaced by the presently used cold rolled non-oriented silicon steel.",2596,2608,,,Nippon Steel,,,Nippon Steel
18,grain-oriented silicon steel,COMPETING_MATERIAL,,Control of crystalline orientation and consequent en- hancement of magnetic properties are important for de- creasing core loss of non-oriented silicon steel as well as grain-oriented silicon steel mainly used for transformer cores.,3575,3603,,,grain-oriented silicon steel,,,grain-oriented electric steel
18,35H series,GRADE_BRAND,,"35H series \ ,,~ , - : .",4311,4321,,,35H series,,,35H series
18,W10/400,CORE_LOSS,UNSPECIFIED,"--'-__--' -'-_-' 10 Iron Loss, W10/400 (W/kg) Figure 1.",4585,4592,,notation,W10/400,,,W10/400
18,texture,PROCESSING,,"Through the development of special process techniques to produce clean refined steel, such as desulphurizing, decar- burizing and vacuum degassing, it is now possible to use any element to improve the crystalline texture control of steel without producing harmful effects [12,13].",5429,5436,,,texture,,,texture
18,texture,PROCESSING,,A number of elements were carefully examined for their influence on improving the crystalline texture of the steel in terms of both reduction of hysteresis loss and an increase in magnetic flux density and permeability.,6019,6026,,,texture,,,texture
18,texture,PROCESSING,,"As a re- sult, it was found that very clean, low-silicon steel with around 1wt% Mn can significantly be improved in terms of final crystalline texture under the proper processing condi- tions [6,7].",6288,6295,,,texture,,,texture
18,texture,PROCESSING,,"It is known that excessive Mn content has a harmful ef- fect on magnetic properties, because it generally forms un- desirable precipitates such as MnS. However, when very clean steels are used and processed properly, Mn content can have a beneficial effect on magnetic properties through an improvement in crystalline texture.",6662,6669,,,texture,,,texture
18,texture,PROCESSING,,Figure 3 exhibits the improvement in crystalline texture provided by the addition of Mn.,6900,6907,,,texture,,,texture
18,texture,PROCESSING,,These ad- vantageous effects on the crystalline texture with the addi- tion of Mn correspond to the changes in magnetic proper- ties shown in figure 2.,7116,7123,,,texture,,,texture
18,recrystallization,PROCESSING,,The improvement in crystalline tex- ture provided by the Mn addition is considered to be due to a change in the recrystallization sites after cold rolling in- duced by Mn atoms.,7332,7349,,,recrystallization,,,recrystallization
18,cold rolling,PROCESSING,,The improvement in crystalline tex- ture provided by the Mn addition is considered to be due to a change in the recrystallization sites after cold rolling in- duced by Mn atoms.,7362,7374,,,cold rolling,,,cold rolling
18,texture,PROCESSING,,A study was made to further improve the crystalline texture in view of reduced hysteresis loss and increased magnetic flux density and permeability.,7467,7474,,,texture,,,texture
18,texture,PROCESSING,,"As a result, it was found that Sn can also significantly improve the crystalline texture [6,7], as is presented in figure 4.",7645,7652,,,texture,,,texture
18,texture,PROCESSING,,"Contrary to the beneficial effect of Sn in improving crys- talline texture as mentioned above, Sn prevents normal grain growth because of its segregation to grain boundaries.",7880,7887,,,texture,,,texture
18,grain growth,PROCESSING,,"Contrary to the beneficial effect of Sn in improving crys- talline texture as mentioned above, Sn prevents normal grain growth because of its segregation to grain boundaries.",7927,7939,,,grain growth,,,grain growth
18,hot rolling,PROCESSING,,Figure 5 shows the microstructures after hot rolling.,8029,8040,,,hot rolling,,,hot rolling
18,hot rolling,PROCESSING,,"After hot rolling, the grain size of the specimens with Sn is small- steel research into 76 (2005) No.6 Materials Technology - Electrical Steels er than that of Sn-free specimens.",8048,8059,,,hot rolling,,,hot rolling
18,texture,PROCESSING,,It is well known that the crystalline texture found from recrystallization after cold rolling depends largely on the grain size of the hot rolled sheet.,8260,8267,,,texture,,,texture
18,recrystallization,PROCESSING,,It is well known that the crystalline texture found from recrystallization after cold rolling depends largely on the grain size of the hot rolled sheet.,8279,8296,,,recrystallization,,,recrystallization
18,cold rolling,PROCESSING,,It is well known that the crystalline texture found from recrystallization after cold rolling depends largely on the grain size of the hot rolled sheet.,8303,8315,,,cold rolling,,,cold rolling
18,texture,PROCESSING,,"The larger grain size of the hot rolled sheet causes a favourable crystalline texture for magnetic properties, that is, {Ill} plane crystals tend to decrease.",8453,8460,,,texture,,,texture
18,texture,PROCESSING,,Improvement in crystalline texture provided by the addi- tion of Mn (O.5%Si-O.2%AI).,8917,8924,,,texture,,,texture
18,texture,PROCESSING,,Improvement in crystalline texture provided by the addi- tion of Sn (O.5%Si-O.2%AI).,9421,9428,,,texture,,,texture
18,cold rolling,PROCESSING,,"Similarly, the grain size of annealed sheet after cold rolling is also affected by the addition of Sn.",9666,9678,,,cold rolling,,,cold rolling
18,final annealing,PROCESSING,,Figure 6 shows the microstructures after final annealing.,9760,9775,,,final annealing,,,final annealing
18,final annealing,PROCESSING,,"By adding Sn, the grain size of specimens after final annealing be- comes smaller than that of Sn-free specimen.",9825,9840,,,final annealing,,,final annealing
18,texture,PROCESSING,,properties induced by the addition of Sn correspond to the improvement in crystalline texture provided by the ad- dition of Sn shown in figure 4.,10472,10479,,,texture,,,texture
18,recrystallization,PROCESSING,,"The addition of Sn prevents the nucleation of recrystallization with {Ill} orientation grains near original grain boundaries of hot rolled sheet, be- cause Sn content tends to promote the nucleation of recrys- tallized grains with {11O} orientation at deformation bands of cold rolled sheet as described below.",10578,10595,,,recrystallization,,,recrystallization
18,grain growth,PROCESSING,,"On the other hand, excessive Sn content prevents normal grain growth during final annealing, because Sn segregates to grain boundaries.",10899,10911,,,grain growth,,,grain growth
18,final annealing,PROCESSING,,"On the other hand, excessive Sn content prevents normal grain growth during final annealing, because Sn segregates to grain boundaries.",10919,10934,,,final annealing,,,final annealing
18,hot rolling,PROCESSING,,Microstructure change after hot rolling induced by the addition of Sn (O.5%Si- O.2%AI).,11714,11725,,,hot rolling,,,hot rolling
18,recrystallization,PROCESSING,,The improvement in crystalline tex- ture provided by the addition of Sn is due to a change in the recrystallization behaviour with increasing cold rolling reduction,11905,11922,,,recrystallization,,,recrystallization
18,cold rolling,PROCESSING,,The improvement in crystalline tex- ture provided by the addition of Sn is due to a change in the recrystallization behaviour with increasing cold rolling reduction,11949,11961,,,cold rolling,,,cold rolling
18,texture,PROCESSING,,Figure 8 shows crys- talline texture of Sn-free and Sn-bear- ing specimens in dependence of cold rolling reduction.,12007,12014,,,texture,,,texture
18,cold rolling,PROCESSING,,Figure 8 shows crys- talline texture of Sn-free and Sn-bear- ing specimens in dependence of cold rolling reduction.,12070,12082,,,cold rolling,,,cold rolling
18,recrystallization,PROCESSING,,The recrystallization texture formation with increasing cold rolling reduction is remarkably affected by the addition of Sn.,12098,12115,,,recrystallization,,,recrystallization
18,texture,PROCESSING,,The recrystallization texture formation with increasing cold rolling reduction is remarkably affected by the addition of Sn.,12116,12123,,,texture,,,texture
18,cold rolling,PROCESSING,,The recrystallization texture formation with increasing cold rolling reduction is remarkably affected by the addition of Sn.,12150,12162,,,cold rolling,,,cold rolling
18,cold rolling,PROCESSING,,Simultaneously the increase of {Ill} plane crystals with advancing cold rolling reduction is sup- pressed.,12400,12412,,,cold rolling,,,cold rolling
18,texture,PROCESSING,,The mechanism of recrystal- lization texture formation in silicon steel with Sn content is inferred as fol- lows.,12477,12484,,,texture,,,texture
18,cold rolling,PROCESSING,,The deformation band formation during cold rolling is favoured by the addition of Sn.,12592,12604,,,cold rolling,,,cold rolling
18,final annealing,PROCESSING,,Microstructure change after final annealing induced by the addition of Sn (0.5%Si-0.2%AI).,13588,13603,,,final annealing,,,final annealing
18,texture,PROCESSING,,"Non-Oriented Silicon Steel with Particular Properties Reduction of hysteresis loss through crystalline texture control, clean refined steel and lower resid- ual stress of the steel, as well as reduction of eddy current loss through an increase in electrical resis- tivity of the steel provided by the presence of silicon and aluminium are important factors which de- crease the core loss of non-oriented silicon steel.",13888,13895,,,texture,,,texture
18,cold rolling,PROCESSING,,"Change of cold rolling reduction dependence of crystalline texture by the addition of Sn (0.5%Si); recrystallization texture (1123 K, 60 s annealing); (200) pole figure.",15394,15406,,,cold rolling,,,cold rolling
18,texture,PROCESSING,,"Change of cold rolling reduction dependence of crystalline texture by the addition of Sn (0.5%Si); recrystallization texture (1123 K, 60 s annealing); (200) pole figure.",15443,15450,,,texture,,,texture
18,recrystallization,PROCESSING,,"Change of cold rolling reduction dependence of crystalline texture by the addition of Sn (0.5%Si); recrystallization texture (1123 K, 60 s annealing); (200) pole figure.",15483,15500,,,recrystallization,,,recrystallization
18,texture,PROCESSING,,"Change of cold rolling reduction dependence of crystalline texture by the addition of Sn (0.5%Si); recrystallization texture (1123 K, 60 s annealing); (200) pole figure.",15501,15508,,,texture,,,texture
18,20HTH1200,GRADE,UNSPECIFIED,"(W/kg) 850 (T) (MPa) 15HTHI000 9.4 16.7 1.61 4 10 20HTH1200 10.9 21.3 1.63 420 20HTH1500 12.2 23.6 1.63 380 20HTH1800 13.4 28.4 1.68 270 Conventional I 35H250 17.0 40.4 1.66 402 I 50H310 25.1 53.7 1.67 412 40 35 Oi ""'"" 30 ~ III 25 IIIg 20 !!! 0",16231,16240,,,20HTH1200,,,20HTH1200
18,20HTH1500,GRADE,UNSPECIFIED,"(W/kg) 850 (T) (MPa) 15HTHI000 9.4 16.7 1.61 4 10 20HTH1200 10.9 21.3 1.63 420 20HTH1500 12.2 23.6 1.63 380 20HTH1800 13.4 28.4 1.68 270 Conventional I 35H250 17.0 40.4 1.66 402 I 50H310 25.1 53.7 1.67 412 40 35 Oi ""'"" 30 ~ III 25 IIIg 20 !!! 0",16260,16269,,,20HTH1500,,,20HTH1500
18,20HTH1800,GRADE,UNSPECIFIED,"(W/kg) 850 (T) (MPa) 15HTHI000 9.4 16.7 1.61 4 10 20HTH1200 10.9 21.3 1.63 420 20HTH1500 12.2 23.6 1.63 380 20HTH1800 13.4 28.4 1.68 270 Conventional I 35H250 17.0 40.4 1.66 402 I 50H310 25.1 53.7 1.67 412 40 35 Oi ""'"" 30 ~ III 25 IIIg 20 !!! 0",16289,16298,,,20HTH1800,,,20HTH1800
18,35H250,GRADE,UNSPECIFIED,"(W/kg) 850 (T) (MPa) 15HTHI000 9.4 16.7 1.61 4 10 20HTH1200 10.9 21.3 1.63 420 20HTH1500 12.2 23.6 1.63 380 20HTH1800 13.4 28.4 1.68 270 Conventional I 35H250 17.0 40.4 1.66 402 I 50H310 25.1 53.7 1.67 412 40 35 Oi ""'"" 30 ~ III 25 IIIg 20 !!! 0",16333,16339,,,35H250,,,35H250
18,50H310,GRADE,UNSPECIFIED,"(W/kg) 850 (T) (MPa) 15HTHI000 9.4 16.7 1.61 4 10 20HTH1200 10.9 21.3 1.63 420 20HTH1500 12.2 23.6 1.63 380 20HTH1800 13.4 28.4 1.68 270 Conventional I 35H250 17.0 40.4 1.66 402 I 50H310 25.1 53.7 1.67 412 40 35 Oi ""'"" 30 ~ III 25 IIIg 20 !!! 0",16361,16367,,,50H310,,,50H310
18,W15/50,CORE_LOSS,UNSPECIFIED,"~ 7 <, ~p It) Mn ~ 6.5 :~ CIl CIl .2 .. ~ 6 0 5.5 Core loss W15/50 ~. ... . .",16543,16549,,notation,W15/50,,,W15/50
18,50H600,GRADE,UNSPECIFIED,50H600 35H250 20HTH1500 15HTH1000 50H310 20HTH1800 20HTH1200 Grade Figure 10.,16561,16567,,,50H600,,,50H600
18,35H250,GRADE,UNSPECIFIED,50H600 35H250 20HTH1500 15HTH1000 50H310 20HTH1800 20HTH1200 Grade Figure 10.,16568,16574,,,35H250,,,35H250
18,20HTH1500,GRADE,UNSPECIFIED,50H600 35H250 20HTH1500 15HTH1000 50H310 20HTH1800 20HTH1200 Grade Figure 10.,16575,16584,,,20HTH1500,,,20HTH1500
18,15HTH1000,GRADE,UNSPECIFIED,50H600 35H250 20HTH1500 15HTH1000 50H310 20HTH1800 20HTH1200 Grade Figure 10.,16585,16594,,,15HTH1000,,,15HTH1000
18,50H310,GRADE,UNSPECIFIED,50H600 35H250 20HTH1500 15HTH1000 50H310 20HTH1800 20HTH1200 Grade Figure 10.,16595,16601,,,50H310,,,50H310
18,20HTH1800,GRADE,UNSPECIFIED,50H600 35H250 20HTH1500 15HTH1000 50H310 20HTH1800 20HTH1200 Grade Figure 10.,16602,16611,,,20HTH1800,,,20HTH1800
18,20HTH1200,GRADE,UNSPECIFIED,50H600 35H250 20HTH1500 15HTH1000 50H310 20HTH1800 20HTH1200 Grade Figure 10.,16612,16621,,,20HTH1200,,,20HTH1200
18,15HST780Y,GRADE,UNSPECIFIED,15HST780Y 37.9 21.8 1.62 841 20HST570Y 23.8 24.8 1.61 647 20HST780Y 38.3 26.3 1.63 841 Conventional I 35H250 17.0 40.4 1.66 402 I 50H310 25.1 53.7 1.67 412 1000 900 15HSTISOY .---...,19018,19027,,,15HST780Y,,,15HST780Y
18,20HST570Y,GRADE,UNSPECIFIED,15HST780Y 37.9 21.8 1.62 841 20HST570Y 23.8 24.8 1.61 647 20HST780Y 38.3 26.3 1.63 841 Conventional I 35H250 17.0 40.4 1.66 402 I 50H310 25.1 53.7 1.67 412 1000 900 15HSTISOY .---...,19047,19056,,,20HST570Y,,,20HST570Y
18,20HST780Y,GRADE,UNSPECIFIED,15HST780Y 37.9 21.8 1.62 841 20HST570Y 23.8 24.8 1.61 647 20HST780Y 38.3 26.3 1.63 841 Conventional I 35H250 17.0 40.4 1.66 402 I 50H310 25.1 53.7 1.67 412 1000 900 15HSTISOY .---...,19076,19085,,,20HST780Y,,,20HST780Y
18,35H250,GRADE,UNSPECIFIED,15HST780Y 37.9 21.8 1.62 841 20HST570Y 23.8 24.8 1.61 647 20HST780Y 38.3 26.3 1.63 841 Conventional I 35H250 17.0 40.4 1.66 402 I 50H310 25.1 53.7 1.67 412 1000 900 15HSTISOY .---...,19120,19126,,,35H250,,,35H250
18,50H310,GRADE,UNSPECIFIED,15HST780Y 37.9 21.8 1.62 841 20HST570Y 23.8 24.8 1.61 647 20HST780Y 38.3 26.3 1.63 841 Conventional I 35H250 17.0 40.4 1.66 402 I 50H310 25.1 53.7 1.67 412 1000 900 15HSTISOY .---...,19148,19154,,,50H310,,,50H310
18,20HST570Y,GRADE,UNSPECIFIED,I 20HST570Y,19206,19215,,,20HST570Y,,,20HST570Y
18,35H250,GRADE,UNSPECIFIED,"I "" --:-=:~:=-:-..,.--, 500 600 700 800 Yield strength (MPa) 400 35H250 I0, ~ 20HSTISOY OL...----'-----'------''----'--_--'-_---''_-----l 300 50 r-------------------, 900 BOO 400 500 800 700 Yieldstrength (MPa) o'--........--......- ......--""""""--.......----J 300 50,...-----------------., 45 40 _35 ..ll:'J3l ..... 0 25 II);;;20 ~ 15 10 5 Figure 12.",19281,19287,,,35H250,,,35H250
18,15HST780Y,GRADE,NGO,"Especially, 15HST780Y has double the strength as well as half the core loss WI/IOOO compared with conventional non-oriented silicon steel.",19985,19994,,,15HST780Y,,,15HST780Y
18,grain-oriented silicon steel,COMPETING_MATERIAL,,Control of crystalline orientation and consequent enhancement of magnetic properties are im- portant factors to decrease core loss of non-oriented silicon steel as well as grain-oriented silicon steel.,20787,20815,,,grain-oriented silicon steel,,,grain-oriented electric steel
18,texture,PROCESSING,,"Through the de- velopment of special process techniques to produce clean refined steel, such as desulphurizing, decarburizing and vacuum degassing, it is now possible to use any element to improve the crystalline texture control of steel without gen- erating harmful effects.",21030,21037,,,texture,,,texture
18,Nippon Steel,PRODUCER,,"(A2005047) Contact: Takeshi Kubota Nippon Steel Corporation, 20-1, Shintomi, Futtsu Chiba-ken, 293-8511, Japan steel research int.",21844,21856,,,Nippon Steel,,,Nippon Steel
18,Nippon Steel,PRODUCER,,"[8] Kubota, T; Fujikura, M.; Mizokami, M.; Vshigami, Y: Nippon Steel Technical Report, 81 (2000), 53.",22950,22962,,,Nippon Steel,,,Nippon Steel
19,single sheet tester,TEST_METHOD,,"The magnetic properties are measured on a single sheet tester, quantiﬁed up to 5 kHz and used to parametrize the semi-physical IEM loss model.",2987,3006,,,single sheet tester,,,single sheet tester
19,rotor,APPLICATION,,"Rolled usually to lamination thicknesses between 0.5 and 0.2 mm, they are electrically isolated, cut and stacked to build up the rotor and stator of the machine.",4050,4055,,,rotor,,,rotor
19,stator,APPLICATION,,"Rolled usually to lamination thicknesses between 0.5 and 0.2 mm, they are electrically isolated, cut and stacked to build up the rotor and stator of the machine.",4060,4066,,,stator,,,stator
19,M270-50A,GRADE,UNSPECIFIED,"The grade name M270-50A consists of the information about the maximum allowed iron loss in the ﬁrst number and information Materials 2021, 14, 6588.",4610,4618,,,M270-50A,,,M270-50A
19,2.7 W/kg,CORE_LOSS,UNSPECIFIED,"The number 50 represents the hundredfold thickness, thus a 0.5 mm steel with a maximum allowed iron loss of 2.7 W/kg at 1.5 T and 50 Hz.",5016,5024,2.7,W/kg,2.7 W/kg,,,2.7 W/kg
19,1.5 T,FLUX_DENSITY,UNSPECIFIED,"The number 50 represents the hundredfold thickness, thus a 0.5 mm steel with a maximum allowed iron loss of 2.7 W/kg at 1.5 T and 50 Hz.",5028,5033,1.5,T,1.5 T,,,1.5 T
19,NO20,GRADE,UNSPECIFIED,"Thin steel sheets are usually classiﬁed in the form of NO20-13, where 20 represents a 0.2 mm sheet and 13 indicates a maximum allowed iron loss of 1.3 W/kg at 1.0 T and 400 Hz.",5303,5307,,,NO20,,,NO20
19,1.3 W/kg,CORE_LOSS,UNSPECIFIED,"Thin steel sheets are usually classiﬁed in the form of NO20-13, where 20 represents a 0.2 mm sheet and 13 indicates a maximum allowed iron loss of 1.3 W/kg at 1.0 T and 400 Hz.",5395,5403,1.3,W/kg,1.3 W/kg,,,1.3 W/kg
19,1.0 T,FLUX_DENSITY,UNSPECIFIED,"Thin steel sheets are usually classiﬁed in the form of NO20-13, where 20 represents a 0.2 mm sheet and 13 indicates a maximum allowed iron loss of 1.3 W/kg at 1.0 T and 400 Hz.",5407,5412,1.0,T,1.0 T,,,1.0 T
19,wind generator,APPLICATION,,"On the other hand, certain slow frequency applications, such as large wind generator can have sheets of up to 1 mm.",5635,5649,,,wind generator,,,wind generator
19,M235-35A,GRADE,UNSPECIFIED,"Typically, for example, a material classiﬁed as M235-35A would be preferred over an M270-50A steel grade.",6791,6799,,,M235-35A,,,M235-35A
19,M270-50A,GRADE,UNSPECIFIED,"Typically, for example, a material classiﬁed as M235-35A would be preferred over an M270-50A steel grade.",6827,6835,,,M270-50A,,,M270-50A
19,M235-35A,GRADE,UNSPECIFIED,"At low frequencies, the M235-35A has lower iron losses, as expected by the classiﬁcation.",7128,7136,,,M235-35A,,,M235-35A
19,M235-35A,GRADE,UNSPECIFIED,"At 5 kHz, the behavior changes and the M235-35A actually has higher losses.",7233,7241,,,M235-35A,,,M235-35A
19,stator,APPLICATION,,"Speed n and frequency f of the machine are connected by the pole pair number p as follows: n = f p (1) In a machine, p is ﬁxed by the winding system in the stator.",7856,7862,,,stator,,,stator
19,rotor,APPLICATION,,"The torque T is generated by the relative movement of the rotor to the stator and is proportional to the magnetic ﬂux density in the airgap and thus, directly linked to the magnetization behavior of the electrical steel.",8003,8008,,,rotor,,,rotor
19,stator,APPLICATION,,"The torque T is generated by the relative movement of the rotor to the stator and is proportional to the magnetic ﬂux density in the airgap and thus, directly linked to the magnetization behavior of the electrical steel.",8016,8022,,,stator,,,stator
19,M270-35A,GRADE,UNSPECIFIED,"Materials 2021, 14, 6588 3 of 19 (a) (b) 0.0 1.0 2.0 3.0 0.0 0.5 1.0 1.5 2.0 Iron loss Ps in W/kg Magnetic Polarization Jmax in T M270-35A M235-35A 0 100 200 300 0.0 0.2 0.4 0.6 Iron loss Ps in W/kg Magnetic Polarization Jmax in T M270-35A M235-35A Figure 1.",9260,9268,,,M270-35A,,,M270-35A
19,M235-35A,GRADE,UNSPECIFIED,"Materials 2021, 14, 6588 3 of 19 (a) (b) 0.0 1.0 2.0 3.0 0.0 0.5 1.0 1.5 2.0 Iron loss Ps in W/kg Magnetic Polarization Jmax in T M270-35A M235-35A 0 100 200 300 0.0 0.2 0.4 0.6 Iron loss Ps in W/kg Magnetic Polarization Jmax in T M270-35A M235-35A Figure 1.",9269,9277,,,M235-35A,,,M235-35A
19,M270-35A,GRADE,UNSPECIFIED,"Materials 2021, 14, 6588 3 of 19 (a) (b) 0.0 1.0 2.0 3.0 0.0 0.5 1.0 1.5 2.0 Iron loss Ps in W/kg Magnetic Polarization Jmax in T M270-35A M235-35A 0 100 200 300 0.0 0.2 0.4 0.6 Iron loss Ps in W/kg Magnetic Polarization Jmax in T M270-35A M235-35A Figure 1.",9361,9369,,,M270-35A,,,M270-35A
19,M235-35A,GRADE,UNSPECIFIED,"Materials 2021, 14, 6588 3 of 19 (a) (b) 0.0 1.0 2.0 3.0 0.0 0.5 1.0 1.5 2.0 Iron loss Ps in W/kg Magnetic Polarization Jmax in T M270-35A M235-35A 0 100 200 300 0.0 0.2 0.4 0.6 Iron loss Ps in W/kg Magnetic Polarization Jmax in T M270-35A M235-35A Figure 1.",9370,9378,,,M235-35A,,,M235-35A
19,texture,PROCESSING,,"The same classiﬁcation does not mean that it is the same material as it can vary signiﬁcantly in microstructure, texture or alloying and therefore in magnetic properties.",10346,10353,,,texture,,,texture
19,texture,PROCESSING,,"The nonlinear magnetic behavior can be linked to material parameters, such as microstructure, texture, alloying and sheet thickness [1,2].",10498,10505,,,texture,,,texture
19,cube texture,PROCESSING,,"A rotated-cube texture improves the magnetization and isotropy maximizing the number of easy <100> magnetization axes within the sheet plane [4,5].",10933,10945,,,cube texture,,,cube texture
19,hot rolling,PROCESSING,,"2. Materials and Methods The studied steel grades in this research are produced on an experimental processing route of hot rolling, cold rolling and annealing as described for the Fe–3.2 wt %",13936,13947,,,hot rolling,,,hot rolling
19,cold rolling,PROCESSING,,"2. Materials and Methods The studied steel grades in this research are produced on an experimental processing route of hot rolling, cold rolling and annealing as described for the Fe–3.2 wt %",13949,13961,,,cold rolling,,,cold rolling
19,cold rolling,PROCESSING,,FT: ﬁnal thickness after cold rolling.,15367,15379,,,cold rolling,,,cold rolling
19,0.1 T,FLUX_DENSITY,UNSPECIFIED,Magnetization curves were obtained with a resolution of 0.1 T between 0.1 and 1.8 T under frequencies between quasi-static excitation up to 5 kHz.,15657,15662,0.1,T,0.1 T,,,0.1 T
19,1.8 T,FLUX_DENSITY,UNSPECIFIED,Magnetization curves were obtained with a resolution of 0.1 T between 0.1 and 1.8 T under frequencies between quasi-static excitation up to 5 kHz.,15679,15684,1.8,T,1.8 T,,,1.8 T
19,single sheet tester,TEST_METHOD,,"The low frequency single sheet tester had 115 primary and secondary windings, whereas the high frequency single sheet tester had 25 windings each.",15766,15785,,,single sheet tester,,,single sheet tester
19,single sheet tester,TEST_METHOD,,"The low frequency single sheet tester had 115 primary and secondary windings, whereas the high frequency single sheet tester had 25 windings each.",15853,15872,,,single sheet tester,,,single sheet tester
19,anisotropy,PROCESSING,,"In order to account for the anisotropy, grains were measured in the RD and TD.",16572,16582,,,anisotropy,,,anisotropy
19,texture,PROCESSING,,"For texture measurements, an X-ray diffraction was performed.",17050,17057,,,texture,,,texture
19,X-ray diffraction,TEST_METHOD,,"For texture measurements, an X-ray diffraction was performed.",17075,17092,,,X-ray diffraction,,,X-ray diffraction
19,texture,PROCESSING,,"In order to quantify the texture, the so-called A-parameter [5] was used.",17436,17443,,,texture,,,texture
19,texture,PROCESSING,,It relates the crystallographic texture by evaluating the distribution of easy magnetization axes with respect to the sample geometry.,17517,17524,,,texture,,,texture
19,texture,PROCESSING,,Magnetic Properties of the Processed Materials The magnetic properties vary for the produced steel grades due to the processing parameters and their effect on the microstructure and texture as well as on the sheet thickness.,19875,19882,,,texture,,,texture
19,1.5 T,FLUX_DENSITY,UNSPECIFIED,"In Figure 4, the maximum magnetic ﬁeld strength Hmax and the iron loss PS at 1.5 T and 50 Hz are displayed for all samples.",20896,20901,1.5,T,1.5 T,,,1.5 T
19,hot rolling,PROCESSING,,"The same-colored bars represent the material states of the same alloy, hot band state, hot rolling and cold rolling conditions, where only the annealing temperature (AT) has increased.",21090,21101,,,hot rolling,,,hot rolling
19,cold rolling,PROCESSING,,"The same-colored bars represent the material states of the same alloy, hot band state, hot rolling and cold rolling conditions, where only the annealing temperature (AT) has increased.",21106,21118,,,cold rolling,,,cold rolling
19,1.5 T,FLUX_DENSITY,UNSPECIFIED,"Magnetic properties of the studied material grades at 1.5 T and 50 Hz, with the same color indicating that only annealing temperature (AT) as highlighted in (a) has changed for these states: (a) loss for Fe–2.4 wt % Si; (b) magnetization for Fe–2.4 wt % Si; (c) loss for the Fe–3.2 wt % Si; (d) magnetization for Fe–3.2 wt %",23963,23968,1.5,T,1.5 T,,,1.5 T
19,1.5 T,FLUX_DENSITY,UNSPECIFIED,"For the not fully recrystallized samples, the magnetic ﬁeld strength to reach 1.5 T at 50 Hz is very large.",24398,24403,1.5,T,1.5 T,,,1.5 T
19,1.5 T,FLUX_DENSITY,UNSPECIFIED,"Generally, the Fe–2.4 wt % Si alloy requires less magnetic ﬁeld strength for an induction of 1.5 T at 50 Hz compared with the Fe–3.2 wt % Si alloy, which is the result of Materials 2021, 14, 6588 9 of 19 less iron in the alloy.",24521,24526,1.5,T,1.5 T,,,1.5 T
19,1.0 T,FLUX_DENSITY,UNSPECIFIED,Iron loss at 1.0 T and 50 Hz as a function of grain size for all studied materials sorted by sheet thickness.,25216,25221,1.0,T,1.0 T,,,1.0 T
19,1.5 T,FLUX_DENSITY,UNSPECIFIED,Iron loss at 1000 Hz for all studied 21 materials at 1.5 T: (a) Fe 2.4 wt % Si; (b) Fe 3.2 wt % sSi.,25560,25565,1.5,T,1.5 T,,,1.5 T
19,texture,PROCESSING,,The texture also has to be considered as a possible explanation for the magnetization behavior.,25705,25712,,,texture,,,texture
19,texture,PROCESSING,,"However, as presented in Figure 7a,b, the texture improves with higher annealing temperature.",25839,25846,,,texture,,,texture
19,texture,PROCESSING,,"As a result, the magnetization should theoretically be easier as the alloy and sheet thickness are the same and grain size and favorable texture increase with higher annealing temperature.",26205,26212,,,texture,,,texture
19,grain growth,PROCESSING,,"A slow cooling might reduce the residual stress; however, it would also affect grain growth.",26980,26992,,,grain growth,,,grain growth
19,1.0 T,FLUX_DENSITY,UNSPECIFIED,"Evaluation of the A-parameter and magnetization behavior: (a) mean A-parameter for Fe–2.4 wt % Si; (b) mean A-parameter for Fe–3.2 wt % Si; (c) magnetic ﬁeld at 1.0 T, 50 Hz with bars representing maximum magnetic ﬁeld strength and × symbols representing A-parameters.",27493,27498,1.0,T,1.0 T,,,1.0 T
19,texture,PROCESSING,,"Although, crystallographic texture has no dominant effect on the magnetization behavior for the studied samples, it affects the magnetic anisotropy.",27628,27635,,,texture,,,texture
19,anisotropy,PROCESSING,,"Although, crystallographic texture has no dominant effect on the magnetization behavior for the studied samples, it affects the magnetic anisotropy.",27738,27748,,,anisotropy,,,anisotropy
19,anisotropy,PROCESSING,,"In Figure 7c, the trend between magnetization anisotropy and crystallographic anisotropy is displayed for the Fe–3.2 wt %",27849,27859,,,anisotropy,,,anisotropy
19,anisotropy,PROCESSING,,"In Figure 7c, the trend between magnetization anisotropy and crystallographic anisotropy is displayed for the Fe–3.2 wt %",27881,27891,,,anisotropy,,,anisotropy
19,anisotropy,PROCESSING,,"With the exception of 2d–2f, the relative change in A-parameter from RD to TD, marked as × symbols, follows the same trend as the relative magnetization anisotropy HRD,TD.",28088,28098,,,anisotropy,,,anisotropy
19,permanent magnet synchronous machine,APPLICATION,,"As an example, a permanent magnet synchronous machine (PMSM) of a small electric vehicle (Figure 10b) was studied.",37434,37470,,,permanent magnet synchronous machine,,,permanent magnet synchronous machine
19,PMSM,APPLICATION,,"As an example, a permanent magnet synchronous machine (PMSM) of a small electric vehicle (Figure 10b) was studied.",37472,37476,,,PMSM,,,PMSM
19,electric vehicle,APPLICATION,,"As an example, a permanent magnet synchronous machine (PMSM) of a small electric vehicle (Figure 10b) was studied.",37489,37505,,,electric vehicle,,,electric vehicle
19,PMSM,APPLICATION,,"A PMSM is a typical traction drive of modern electric vehicles, and this one is designed for a standard 400 V board grid.",37534,37538,,,PMSM,,,PMSM
19,PMSM,APPLICATION,,"The PMSM features a rated power of 55 kW at approximately 7200 rpm, while a peak power of over 80 kW and a peak torque of 125 Nm can be reached within the current limit of 300 A.",37658,37662,,,PMSM,,,PMSM
19,PMSM,APPLICATION,,(a) One exemplary ﬂux solution of the studied PMSM; (b) vehicle in which the studied PMSM is used.,38133,38137,,,PMSM,,,PMSM
19,PMSM,APPLICATION,,(a) One exemplary ﬂux solution of the studied PMSM; (b) vehicle in which the studied PMSM is used.,38172,38176,,,PMSM,,,PMSM
19,rotor,APPLICATION,,The iron losses in the rotor and stator core were calculated element-wise based on the ﬂux solution using the rotational IEM-Formula [22] with the loss parameters which were identiﬁed for the speciﬁc material.,39949,39954,,,rotor,,,rotor
19,stator core,APPLICATION,,The iron losses in the rotor and stator core were calculated element-wise based on the ﬂux solution using the rotational IEM-Formula [22] with the loss parameters which were identiﬁed for the speciﬁc material.,39959,39970,,,stator core,,,stator core
19,stator,APPLICATION,,"It was assumed that the steady state winding temperature is proportional to the winding losses, and partly to the losses in the stator iron that surrounds the slots and in the rotor iron, whose losses are dissipated mainly through the stator cooling (compare Equation (5)).",40945,40951,,,stator,,,stator
19,rotor,APPLICATION,,"It was assumed that the steady state winding temperature is proportional to the winding losses, and partly to the losses in the stator iron that surrounds the slots and in the rotor iron, whose losses are dissipated mainly through the stator cooling (compare Equation (5)).",40993,40998,,,rotor,,,rotor
19,stator,APPLICATION,,"It was assumed that the steady state winding temperature is proportional to the winding losses, and partly to the losses in the stator iron that surrounds the slots and in the rotor iron, whose losses are dissipated mainly through the stator cooling (compare Equation (5)).",41052,41058,,,stator,,,stator
19,stator,APPLICATION,,"In Figure 12, the stator loss for the four materials is displayed separately into the four loss components.",43036,43042,,,stator,,,stator
19,stator,APPLICATION,,Simulation study results of stator loss in a torque-speed map: (a) 1b—Fe–2.4 wt %,45160,45166,,,stator,,,stator
19,hot rolling,PROCESSING,,"By means of 21 experimentally produced steel grades of two alloys processed with hot rolling, cold rolling and ﬁnal annealing, the interrelations between the relevant material parameters, i.e., sheet thickness, grain size and alloying, as well as the magnetic properties, have been characterized.",48042,48053,,,hot rolling,,,hot rolling
19,cold rolling,PROCESSING,,"By means of 21 experimentally produced steel grades of two alloys processed with hot rolling, cold rolling and ﬁnal annealing, the interrelations between the relevant material parameters, i.e., sheet thickness, grain size and alloying, as well as the magnetic properties, have been characterized.",48055,48067,,,cold rolling,,,cold rolling
19,electric vehicle,APPLICATION,,The inﬂuence of different materials on the operating characteristic of an electrical machine has been highlighted with a simulation study with four out of the twenty-one produced grades and one tailor-made material for an electric vehicle traction drive.,48480,48496,,,electric vehicle,,,electric vehicle
19,cold rolling,PROCESSING,,"Author Contributions: Hot rolling, A.S.; cold rolling and annealing, X.W.; grain size and texture measurements, M.H.; cutting, L.B.; SST-measurements, N.L.; conceptualization, N.L.; investigation and formal analysis, N.L., M.J. and B.S.; resources, S.K.-K., K.H., R.K., G.H. and W.V.; data curation, N.L., A.S. and M.H.; writing—original draft preparation, N.L. (all sections) and M.J. (Section 5); writing—review and editing, all authors; supervision, K.H., S.K.-K., R.K., G.H. and W.V.; funding acquisition, K.H., S.K.-K., R.K., G.H. and W.V.",50842,50854,,,cold rolling,,,cold rolling
19,texture,PROCESSING,,"Author Contributions: Hot rolling, A.S.; cold rolling and annealing, X.W.; grain size and texture measurements, M.H.; cutting, L.B.; SST-measurements, N.L.; conceptualization, N.L.; investigation and formal analysis, N.L., M.J. and B.S.; resources, S.K.-K., K.H., R.K., G.H. and W.V.; data curation, N.L., A.S. and M.H.; writing—original draft preparation, N.L. (all sections) and M.J. (Section 5); writing—review and editing, all authors; supervision, K.H., S.K.-K., R.K., G.H. and W.V.; funding acquisition, K.H., S.K.-K., R.K., G.H. and W.V.",50891,50898,,,texture,,,texture
19,SST,TEST_METHOD,,"Author Contributions: Hot rolling, A.S.; cold rolling and annealing, X.W.; grain size and texture measurements, M.H.; cutting, L.B.; SST-measurements, N.L.; conceptualization, N.L.; investigation and formal analysis, N.L., M.J. and B.S.; resources, S.K.-K., K.H., R.K., G.H. and W.V.; data curation, N.L., A.S. and M.H.; writing—original draft preparation, N.L. (all sections) and M.J. (Section 5); writing—review and editing, all authors; supervision, K.H., S.K.-K., R.K., G.H. and W.V.; funding acquisition, K.H., S.K.-K., R.K., G.H. and W.V.",50934,50937,,,SST,,,SST
19,texture,PROCESSING,,"[CrossRef] [PubMed] Materials 2021, 14, 6588 19 of 19 6. Leuning, N.; Steentjes, S.; Hameyer, K. Effect of grain size and magnetic texture on iron-loss components in NO electrical steel at different frequencies.",53247,53254,,,texture,,,texture
19,texture evolution,PROCESSING,,Inﬂuence of process parameters on grain size and texture evolution of non-oriented electrical steels.,53559,53576,,,texture evolution,,,texture evolution
19,texture,PROCESSING,,"Lee, K.M.; Park, S.Y.; Huh, M.Y.; Kim, J.S.; Engler, O. Effect of texture and grain size on magnetic ﬂux density and core loss in non-oriented electrical steel containing 3.15% Si.",54103,54110,,,texture,,,texture
19,3.15% Si,SI_CONTENT,NGO,"Lee, K.M.; Park, S.Y.; Huh, M.Y.; Kim, J.S.; Engler, O. Effect of texture and grain size on magnetic ﬂux density and core loss in non-oriented electrical steel containing 3.15% Si.",54208,54216,3.15,%,3.15 %,,,3.15% Si
19,PMSM,APPLICATION,,"[CrossRef] 17. Jacobs, S.; Hectors, D.; Henrotte, F.; Hafner, M.; Gracia, M.H.; Hameyer, K.; Goes, P. Magnetic material optimization for hybrid vehicle PMSM drives.",55444,55448,,,PMSM,,,PMSM
19,17A319,GRADE,UNSPECIFIED,"Phys. 2013, 113, 17A319.",55667,55673,,,17A319,,,17A319
19,texture,PROCESSING,,"Yonamine, T.; Landgraf, F.J. Correlation between magnetic properties and crystallographic texture of silicon steel.",56208,56215,,,texture,,,texture
20,EV,APPLICATION,,"Citation: Lucchini, F.; Torchio, R.; Bianchi, N. A Survey on the Sustainability of Traditional and Emerging Materials for Next- Generation EV Motors.",139,141,,,EV,,,EV
20,EV,APPLICATION,,"Review A Survey on the Sustainability of Traditional and Emerging Materials for Next-Generation EV Motors Francesco Lucchini 1 , Riccardo Torchio 1,2 and Nicola Bianchi 1,* 1 Department of Industrial Engineering, University of Padova, Via Gradenigo 6/a, 35131 Padova, Italy; francesco.lucchini@unipd.it (F.L.); riccardo.torchio@unipd.it (R.T.) 2 Department of Information Engineering, University of Padova, Via Gradenigo 6/b, 35131 Padova, Italy * Correspondence: nicola.bianchi@unipd.it",673,675,,,EV,,,EV
20,electric vehicle,APPLICATION,,"As electric vehicle (EV) adoption accelerates, the sustainability of the materials used in their production, particularly in electric motors, is becoming a critical focus.",1255,1271,,,electric vehicle,,,electric vehicle
20,EV,APPLICATION,,"As electric vehicle (EV) adoption accelerates, the sustainability of the materials used in their production, particularly in electric motors, is becoming a critical focus.",1273,1275,,,EV,,,EV
20,EV,APPLICATION,,"This paper examines the sustainability of both traditional and emerging materials used in EV traction motors, with an emphasis on permanent magnet synchronous motors (PMSMs), which remain the dominant technology in the industry.",1514,1516,,,EV,,,EV
20,soft magnetic composites,COMPETING_MATERIAL,,"Automakers are exploring alternatives such as REE-free permanent magnets, soft magnetic composites (SMCs) for reduced losses in the core, and carbon nanotube (CNT) windings for superior electrical, thermal, and mechanical properties.",1914,1938,,,soft magnetic composites,,,SMC
20,EV,APPLICATION,,"The topic of materials for EV traction motors is discussed in the literature; however, the focus on environmental, social, and economic sustainability is often lacking.",2101,2103,,,EV,,,EV
20,EV,APPLICATION,,"This paper fills the gap by connecting the technological aspects with sustainability considerations, offering insights into the future configuration of EV motors.",2395,2397,,,EV,,,EV
20,electric vehicle,APPLICATION,,"Based on current projections, annual electric vehicle sales are expected to reach 9 million units by 2025 and nearly 26 million by 2030.",3752,3768,,,electric vehicle,,,electric vehicle
20,EV,APPLICATION,,"While most public and scientific attention on EV advancements is currently centered on battery technology, the electric traction motor is the true core of the energy conversion process.",6304,6306,,,EV,,,EV
20,electric traction motor,APPLICATION,,"While most public and scientific attention on EV advancements is currently centered on battery technology, the electric traction motor is the true core of the energy conversion process.",6369,6392,,,electric traction motor,,,electric traction motor
20,EV,APPLICATION,,"Research typically focuses on the sustainability challenges and emerging materials associated with permanent magnet synchronous motors (PMSMs), as they are the preferred choice for EV manufacturers",6817,6819,,,EV,,,EV
20,EV,APPLICATION,,"However, an electric motor consists of many components, each of which is crucial to the development of next-generation EV motors and is a key focus of ongoing research.",6962,6964,,,EV,,,EV
20,EV,APPLICATION,,"With these considerations in mind, this research addresses the question: “What will the future configuration of EV motors look like”?",7124,7126,,,EV,,,EV
20,EV,APPLICATION,,"This paper examines both traditional and emerging materials to chart a potential path for the evolution of EV motors, with a particular focus on the materials used for: • Permanent magnets (PMs), • Ferromagnetic core, • Windings.",7253,7255,,,EV,,,EV
20,EV,APPLICATION,,It is worth mentioning that the topic of materials for EV traction motors is widely dis- cussed in the literature,7431,7433,,,EV,,,EV
20,EV,APPLICATION,,A general overview of the EV market and EV traction motors is given in Section 2.,7752,7754,,,EV,,,EV
20,EV,APPLICATION,,A general overview of the EV market and EV traction motors is given in Section 2.,7766,7768,,,EV,,,EV
20,EV,APPLICATION,,"Section 3 discusses the traditional materials for EV traction motors, while emerging materials for permanent magnets, ferromagnetic cores, and windings are analyzed in Section 4.",7858,7860,,,EV,,,EV
20,EV,APPLICATION,,"2. Current Status of EV Traction Motors In this section, a summary of the current status of EV traction motor topologies is given.",8151,8153,,,EV,,,EV
20,EV traction motor,APPLICATION,,"2. Current Status of EV Traction Motors In this section, a summary of the current status of EV traction motor topologies is given.",8222,8239,,,EV traction motor,,,EV traction motor
20,EV,APPLICATION,,"Generally, three classes of EV traction motors are currently considered: (i) PMSMs, (ii) switched reluctance motors (SRMs), and (iii) induction motors (IMs), each characterized by pros and cons [29–32].",8387,8389,,,EV,,,EV
20,EV traction motor,APPLICATION,,"As pointed out in [33], the following characteristics are required for an EV traction motor: • High torque density, • High overload capability, • Low torque ripple, • Large flux-weakening capability, • High efficiency to reduce the losses, A list of motor types for some BEVs, including the production year, is given in Table 1.",8636,8653,,,EV traction motor,,,EV traction motor
20,PMSM,APPLICATION,,"Most EVs, approximately 90% of the total, are equipped with a PMSM, as is confirmed by the market trend [34].",8953,8957,,,PMSM,,,PMSM
20,SynRM,APPLICATION,,"PM-free traction motors, such as the IM and the synchronous reluctance motor (SynRM), are not widely adopted within the current EV industry due to technical lim- itations; however, they continue to attract significant interest [35,36].",9079,9084,,,SynRM,,,SynRM
20,EV,APPLICATION,,"PM-free traction motors, such as the IM and the synchronous reluctance motor (SynRM), are not widely adopted within the current EV industry due to technical lim- itations; however, they continue to attract significant interest [35,36].",9129,9131,,,EV,,,EV
20,PMSM,APPLICATION,,"IM, as an alternative to PMSM, offers the key advantage of allowing the excitation field to be switched off, eliminating iron losses when the motor is not in operation.",9262,9266,,,PMSM,,,PMSM
20,IPM,APPLICATION,,SynRMs exhibit reduced torque density and power factor if compared to interior permanent magnet (IPM) motors.,9503,9506,,,IPM,,,IPM
20,SynRM,APPLICATION,,"However, the performance of SynRM can be increased by inserting PMs",9544,9549,,,SynRM,,,SynRM
20,SynRM,APPLICATION,,"In literature, this machine is called permanent magnet-assisted SynRM (PMaSynRM).",9657,9662,,,SynRM,,,SynRM
20,PMSM,APPLICATION,,"Schematic representations of the cross-sections of PMSM, SRM, IM, and PMaSynRM are shown in Figure 3.",9859,9863,,,PMSM,,,PMSM
20,SRM,APPLICATION,,"Schematic representations of the cross-sections of PMSM, SRM, IM, and PMaSynRM are shown in Figure 3.",9865,9868,,,SRM,,,SRM
20,rotor,APPLICATION,,"Recently, a rotating transformer with a wireless power transmission system has been proposed to improve the transmission of energy to the rotor [40].",10246,10251,,,rotor,,,rotor
20,EV,APPLICATION,,EV Model Motor Type Year Power,10334,10336,,,EV,,,EV
20,PMSM,APPLICATION,,[kW] Audi Q6 e-tron IM (front) + PMSM (rear) 2024 285 BMW i5 Touring EESM 2024 250 Chevrolet Equinox EV PMSM 2024 159–215 Hyundai Ioniq 5 PMSM 2021 125 Honda e:NP2 PMSM 2024 150,10398,10402,,,PMSM,,,PMSM
20,EV,APPLICATION,,[kW] Audi Q6 e-tron IM (front) + PMSM (rear) 2024 285 BMW i5 Touring EESM 2024 250 Chevrolet Equinox EV PMSM 2024 159–215 Hyundai Ioniq 5 PMSM 2021 125 Honda e:NP2 PMSM 2024 150,10466,10468,,,EV,,,EV
20,PMSM,APPLICATION,,[kW] Audi Q6 e-tron IM (front) + PMSM (rear) 2024 285 BMW i5 Touring EESM 2024 250 Chevrolet Equinox EV PMSM 2024 159–215 Hyundai Ioniq 5 PMSM 2021 125 Honda e:NP2 PMSM 2024 150,10469,10473,,,PMSM,,,PMSM
20,PMSM,APPLICATION,,[kW] Audi Q6 e-tron IM (front) + PMSM (rear) 2024 285 BMW i5 Touring EESM 2024 250 Chevrolet Equinox EV PMSM 2024 159–215 Hyundai Ioniq 5 PMSM 2021 125 Honda e:NP2 PMSM 2024 150,10503,10507,,,PMSM,,,PMSM
20,PMSM,APPLICATION,,[kW] Audi Q6 e-tron IM (front) + PMSM (rear) 2024 285 BMW i5 Touring EESM 2024 250 Chevrolet Equinox EV PMSM 2024 159–215 Hyundai Ioniq 5 PMSM 2021 125 Honda e:NP2 PMSM 2024 150,10529,10533,,,PMSM,,,PMSM
20,PMSM,APPLICATION,,Jaguar I-Pace PMSM 2018 294 Kia EV6 PMSM 2021 239 Land Rover SMR 2013 70 Mercedes-Benz EQE PMSM 2021 215–505 Renault ZOE EESM 2021 100 Tesla Model 3 IM (front) + IPM-SynRM (rear) 2020 366 Tesla Model Y IM (front) + IPM-SynRM (rear) 2020 247 Volvo EX90 PMSM 2024 279–380 Xiaomi SU7 PMSM 2024 220–495 (a) (b) (c) (d) Figure 3.,10557,10561,,,PMSM,,,PMSM
20,PMSM,APPLICATION,,Jaguar I-Pace PMSM 2018 294 Kia EV6 PMSM 2021 239 Land Rover SMR 2013 70 Mercedes-Benz EQE PMSM 2021 215–505 Renault ZOE EESM 2021 100 Tesla Model 3 IM (front) + IPM-SynRM (rear) 2020 366 Tesla Model Y IM (front) + IPM-SynRM (rear) 2020 247 Volvo EX90 PMSM 2024 279–380 Xiaomi SU7 PMSM 2024 220–495 (a) (b) (c) (d) Figure 3.,10579,10583,,,PMSM,,,PMSM
20,PMSM,APPLICATION,,Jaguar I-Pace PMSM 2018 294 Kia EV6 PMSM 2021 239 Land Rover SMR 2013 70 Mercedes-Benz EQE PMSM 2021 215–505 Renault ZOE EESM 2021 100 Tesla Model 3 IM (front) + IPM-SynRM (rear) 2020 366 Tesla Model Y IM (front) + IPM-SynRM (rear) 2020 247 Volvo EX90 PMSM 2024 279–380 Xiaomi SU7 PMSM 2024 220–495 (a) (b) (c) (d) Figure 3.,10634,10638,,,PMSM,,,PMSM
20,IPM,APPLICATION,,Jaguar I-Pace PMSM 2018 294 Kia EV6 PMSM 2021 239 Land Rover SMR 2013 70 Mercedes-Benz EQE PMSM 2021 215–505 Renault ZOE EESM 2021 100 Tesla Model 3 IM (front) + IPM-SynRM (rear) 2020 366 Tesla Model Y IM (front) + IPM-SynRM (rear) 2020 247 Volvo EX90 PMSM 2024 279–380 Xiaomi SU7 PMSM 2024 220–495 (a) (b) (c) (d) Figure 3.,10705,10708,,,IPM,,,IPM
20,SynRM,APPLICATION,,Jaguar I-Pace PMSM 2018 294 Kia EV6 PMSM 2021 239 Land Rover SMR 2013 70 Mercedes-Benz EQE PMSM 2021 215–505 Renault ZOE EESM 2021 100 Tesla Model 3 IM (front) + IPM-SynRM (rear) 2020 366 Tesla Model Y IM (front) + IPM-SynRM (rear) 2020 247 Volvo EX90 PMSM 2024 279–380 Xiaomi SU7 PMSM 2024 220–495 (a) (b) (c) (d) Figure 3.,10709,10714,,,SynRM,,,SynRM
20,IPM,APPLICATION,,Jaguar I-Pace PMSM 2018 294 Kia EV6 PMSM 2021 239 Land Rover SMR 2013 70 Mercedes-Benz EQE PMSM 2021 215–505 Renault ZOE EESM 2021 100 Tesla Model 3 IM (front) + IPM-SynRM (rear) 2020 366 Tesla Model Y IM (front) + IPM-SynRM (rear) 2020 247 Volvo EX90 PMSM 2024 279–380 Xiaomi SU7 PMSM 2024 220–495 (a) (b) (c) (d) Figure 3.,10758,10761,,,IPM,,,IPM
20,SynRM,APPLICATION,,Jaguar I-Pace PMSM 2018 294 Kia EV6 PMSM 2021 239 Land Rover SMR 2013 70 Mercedes-Benz EQE PMSM 2021 215–505 Renault ZOE EESM 2021 100 Tesla Model 3 IM (front) + IPM-SynRM (rear) 2020 366 Tesla Model Y IM (front) + IPM-SynRM (rear) 2020 247 Volvo EX90 PMSM 2024 279–380 Xiaomi SU7 PMSM 2024 220–495 (a) (b) (c) (d) Figure 3.,10762,10767,,,SynRM,,,SynRM
20,PMSM,APPLICATION,,Jaguar I-Pace PMSM 2018 294 Kia EV6 PMSM 2021 239 Land Rover SMR 2013 70 Mercedes-Benz EQE PMSM 2021 215–505 Renault ZOE EESM 2021 100 Tesla Model 3 IM (front) + IPM-SynRM (rear) 2020 366 Tesla Model Y IM (front) + IPM-SynRM (rear) 2020 247 Volvo EX90 PMSM 2024 279–380 Xiaomi SU7 PMSM 2024 220–495 (a) (b) (c) (d) Figure 3.,10795,10799,,,PMSM,,,PMSM
20,PMSM,APPLICATION,,Jaguar I-Pace PMSM 2018 294 Kia EV6 PMSM 2021 239 Land Rover SMR 2013 70 Mercedes-Benz EQE PMSM 2021 215–505 Renault ZOE EESM 2021 100 Tesla Model 3 IM (front) + IPM-SynRM (rear) 2020 366 Tesla Model Y IM (front) + IPM-SynRM (rear) 2020 247 Volvo EX90 PMSM 2024 279–380 Xiaomi SU7 PMSM 2024 220–495 (a) (b) (c) (d) Figure 3.,10824,10828,,,PMSM,,,PMSM
20,PMSM,APPLICATION,,(a) PMSM.,10903,10907,,,PMSM,,,PMSM
20,SRM,APPLICATION,,(b) SRM.,10913,10916,,,SRM,,,SRM
20,EV,APPLICATION,,It is crucial to conduct an LCA of electric motors to accurately quantify the poten- tial environmental impacts associated with EV traction motors.,11068,11070,,,EV,,,EV
20,EV,APPLICATION,,3. Traditional Materials for EV Traction Motors 3.1.,11375,11377,,,EV,,,EV
20,EV,APPLICATION,,"The majority of EV traction motors, as pointed out in Section 2, are based on the PMSM configuration.",11433,11435,,,EV,,,EV
20,PMSM,APPLICATION,,"The majority of EV traction motors, as pointed out in Section 2, are based on the PMSM configuration.",11499,11503,,,PMSM,,,PMSM
20,EV,APPLICATION,,"In this section, the materials currently used for PMs are analyzed, recalling that the ideal characteristics of a PM suited for EV traction motors are [22]: • High value of the maximum energy product (BH)max",11647,11649,,,EV,,,EV
20,AlNiCo,COMPETING_MATERIAL,,"As illustrated in Figure 4, a major milestone in the development of magnets occurred around the 1940s with the invention of AlNiCo permanent magnets.",12520,12526,,,AlNiCo,,,AlNiCo
20,AlNiCo,COMPETING_MATERIAL,,"AlNiCo refers to a family of iron-based alloys that incorporate aluminum (Al), nickel (Ni), and cobalt (Co).",12546,12552,,,AlNiCo,,,AlNiCo
20,AlNiCo,COMPETING_MATERIAL,,"AlNiCo and ferrite magnets, however, are characterized by low values of (BH)max.",12655,12661,,,AlNiCo,,,AlNiCo
20,ferrite,COMPETING_MATERIAL,,"AlNiCo and ferrite magnets, however, are characterized by low values of (BH)max.",12666,12673,,,ferrite,,,ferrite
20,SmCo,COMPETING_MATERIAL,,"The revolution started with samarium-cobalt (SmCo) magnets, followed by neodymium-iron-boron (NdFeB) in the early 1980s, and samarium-iron-nitride (SmFeN)",13202,13206,,,SmCo,,,SmCo
20,NdFeB,COMPETING_MATERIAL,,"The revolution started with samarium-cobalt (SmCo) magnets, followed by neodymium-iron-boron (NdFeB) in the early 1980s, and samarium-iron-nitride (SmFeN)",13251,13256,,,NdFeB,,,NdFeB
20,AlNiCo,COMPETING_MATERIAL,,"AlNiCo magnets have one of the highest Curie temperatures among permanent magnets, but their cost is relatively high due to the inclusion of cobalt.",13854,13860,,,AlNiCo,,,AlNiCo
20,ferrite,COMPETING_MATERIAL,,"On the other hand, ferrite magnets are more affordable and distinguished by their high electrical resistivity, which minimizes eddy current losses as stated by Equation (1).",14022,14029,,,ferrite,,,ferrite
20,SmCo,COMPETING_MATERIAL,,SmCo magnets offer excellent thermal stability but are among the most expensive available.,14177,14181,,,SmCo,,,SmCo
20,AlNiCo,COMPETING_MATERIAL,,Parameter Fe AlNiCo SmCo NdFeB (BH)max [kJ/m3],14595,14601,,,AlNiCo,,,AlNiCo
20,SmCo,COMPETING_MATERIAL,,Parameter Fe AlNiCo SmCo NdFeB (BH)max [kJ/m3],14602,14606,,,SmCo,,,SmCo
20,NdFeB,COMPETING_MATERIAL,,Parameter Fe AlNiCo SmCo NdFeB (BH)max [kJ/m3],14607,14612,,,NdFeB,,,NdFeB
20,EV,APPLICATION,,"The Issue of Rare Earth Elements Challenges related to REEs are widely discussed in research and remain a key concern for the EV industry [31,48].",15144,15146,,,EV,,,EV
20,dysprosium,COMPETING_MATERIAL,,"Among all REEs, samarium (Sm), terbium (Tb), neodymium (Nd), and dysprosium (Dy) are currently used to manufacture high-performance PMs",15230,15240,,,dysprosium,,,dysprosium
20,SmCo,COMPETING_MATERIAL,,"The REE content in SmCo magnets is approximately 22 to 40%, while for NdFeB magnets, 22 to 31% of Nd, 0.07 to 13% of promethium (Pr), and 0.77 to 4.2% of Dy are used [46].",15565,15569,,,SmCo,,,SmCo
20,NdFeB,COMPETING_MATERIAL,,"The REE content in SmCo magnets is approximately 22 to 40%, while for NdFeB magnets, 22 to 31% of Nd, 0.07 to 13% of promethium (Pr), and 0.77 to 4.2% of Dy are used [46].",15616,15621,,,NdFeB,,,NdFeB
20,NdFeB,COMPETING_MATERIAL,,"In particular, Dy is added to NdFeB magnets to enhance their thermal stability, preventing demagnetization at higher temperatures [51].",15748,15753,,,NdFeB,,,NdFeB
20,generator,APPLICATION,,Major REE content in HEVs is due to nickel-metal-hydride (NiMH) batteries and the hybrid transmission (motor and generator),16074,16083,,,generator,,,generator
20,EV traction motor,APPLICATION,,"In an EV traction motor, the ferromagnetic core serves the crucial function of con- fining and guiding magnetic flux.",19671,19688,,,EV traction motor,,,EV traction motor
20,grain-oriented electrical steel,COMPETING_MATERIAL,,"It has higher core losses than grain-oriented electrical steel, making it very lossy when operating at high frequencies.",20904,20935,,,grain-oriented electrical steel,,,grain-oriented electric steel
20,EV,APPLICATION,,"Currently, the NGO Si-iron (SiFe) is the preferred material for the realization of the ferromagnetic core of EV traction motors",21198,21200,,,EV,,,EV
20,EV,APPLICATION,,"However, in high-frequency, high-speed EV traction motors, the impact on overall machine efficiency is relatively minor since AC losses result in being lower than in copper winding [74–76].",22255,22257,,,EV,,,EV
20,EV,APPLICATION,,"According to [54], copper ranks just behind REEs in environmental load in EV traction motors, scoring 131 ELU/kg.",23249,23251,,,EV,,,EV
20,EV,APPLICATION,,4. Emerging Materials for EV Traction Motors 4.1.,24061,24063,,,EV,,,EV
20,SmCo,COMPETING_MATERIAL,,"However, this transition is complex, as it necessitates sacrificing the exceptional magnetic properties afforded by SmCo and NdFeB. The need to substitute REEs for PMs is driven not only by global market dynamics, which are largely influenced by China, but also by significant environmental and toxicity concerns, as highlighted in Section 3.1.",24417,24421,,,SmCo,,,SmCo
20,NdFeB,COMPETING_MATERIAL,,"According to [35], NdFeB magnets, despite comprising less than 5% of an electric motor’s total mass, account for approximately 25% of the motor’s total GHG emissions.",24665,24670,,,NdFeB,,,NdFeB
20,EV,APPLICATION,,"It is important to note that motor weight is a critical factor in the EV industry, making it particularly challenging to replace NdFeB magnets, which are characterized by very high (BH)max.",24978,24980,,,EV,,,EV
20,NdFeB,COMPETING_MATERIAL,,"It is important to note that motor weight is a critical factor in the EV industry, making it particularly challenging to replace NdFeB magnets, which are characterized by very high (BH)max.",25037,25042,,,NdFeB,,,NdFeB
20,NdFeB,COMPETING_MATERIAL,,"SmFeN is characterized by high (BH)max ≈470 kJ/m3, making it comparable to NdFeB magnets.",25462,25467,,,NdFeB,,,NdFeB
20,EV,APPLICATION,,"The potential of Mn-based compounds for EV traction motors has been explored [88,92].",25840,25842,,,EV,,,EV
20,ferrite,COMPETING_MATERIAL,,"[93], along with its higher values of Br and Hc compared to ferrite magnets.",26039,26046,,,ferrite,,,ferrite
20,EV,APPLICATION,,"A significant drawback, which may pose challenges in the design of next-generation EV traction motors based on MnBi magnets, is the need to increase the motor size to match the performance of NdFeB-based motors",26253,26255,,,EV,,,EV
20,NdFeB,COMPETING_MATERIAL,,"A significant drawback, which may pose challenges in the design of next-generation EV traction motors based on MnBi magnets, is the need to increase the motor size to match the performance of NdFeB-based motors",26362,26367,,,NdFeB,,,NdFeB
20,ferrite,COMPETING_MATERIAL,,"[T] 1.3 1.3 1.5 0.62 Coercive force Hc [kA/m] 884 300 100–200 510 TCurie [K] 749 653 830 650 It is important to note that ferrite magnets can be used as a substitute for REE-based magnets [97,98].",26722,26729,,,ferrite,,,ferrite
20,ferrite,COMPETING_MATERIAL,,"Although they possess weaker magnetic properties than REE magnets, ferrite magnets remain highly appealing due to their lower cost, particularly for applications such as PMaSynRM",26864,26871,,,ferrite,,,ferrite
20,EV,APPLICATION,,"Ferromagnetic Core To reduce iron losses and enhance the efficiency of EV traction motors, thereby lower- ing energy consumption, alternative materials to electric steel are being actively explored.",27058,27060,,,EV,,,EV
20,anisotropy,PROCESSING,,"Amorphous ma- terials, whose structure compared to that of steel is shown in Figure 9, are metals with a non-crystalline anisotropy.",27557,27567,,,anisotropy,,,anisotropy
20,METGLAS,COMPETING_MATERIAL,,"The coercivity value of amorphous alloys, as listed in Table 6 for the case of the 0.0025 mm Amorphous METGLAS® 2605HB1M Alloy, can be around 2 A/m. Figure 9.",27926,27933,,,METGLAS,,,METGLAS
20,amorphous metal,COMPETING_MATERIAL,,Structure of steel and amorphous metal,28005,28020,,,amorphous metal,,,amorphous alloy
20,amorphous metals,COMPETING_MATERIAL,,"In contrast to amorphous metals, nanocrystalline alloys exhibit a crystalline composi- tion.",28043,28059,,,amorphous metals,,,amorphous alloy
20,FINEMET,COMPETING_MATERIAL,,"Nanocrystalline alloys, such as the FINEMET® FeCuNbSiB, are characterized by a microstructure with small grains.",28157,28164,,,FINEMET,,,FINEMET
20,amorphous alloy,COMPETING_MATERIAL,,"FeCuNbSiB alloy has superior properties to cobalt-based Energies 2024, 17, 5861 12 of 19 amorphous alloy; however, the major drawback of FeCuNbSiB is its mechanical brittleness, which may limit its applicability to EV traction motors, even if some attempts have been recently made [104–106].",28323,28338,,,amorphous alloy,,,amorphous alloy
20,EV,APPLICATION,,"FeCuNbSiB alloy has superior properties to cobalt-based Energies 2024, 17, 5861 12 of 19 amorphous alloy; however, the major drawback of FeCuNbSiB is its mechanical brittleness, which may limit its applicability to EV traction motors, even if some attempts have been recently made [104–106].",28449,28451,,,EV,,,EV
20,additive manufacturing,PROCESSING,,The advantage of handling powders is related to the possibility of generating complex 3-D geometries with advanced additive manufacturing techniques [109].,29213,29235,,,additive manufacturing,,,additive manufacturing
20,SMC,COMPETING_MATERIAL,,"Generally, if compared to electrical steel, SMC materials have: • Significantly lower relative magnetic permeability due to the presence of spaces of air in the compound, • Higher hysteresis losses due to the mechanical stress that forms during the com- paction process, • Lower mechanical resistance, which makes the core more sensitive to permanent damage, • Lower magnetic saturation flux density.",29520,29523,,,SMC,,,SMC
20,SMC,COMPETING_MATERIAL,,"Properties amorphous, nanocrystalline and SMC material [72,110–114].",29928,29931,,,SMC,,,SMC
20,METGLAS,COMPETING_MATERIAL,,Parameter Amorphous METGLAS® 2605HB1M Nanocrystalline FINEMET®,29975,29982,,,METGLAS,,,METGLAS
20,FINEMET,COMPETING_MATERIAL,,Parameter Amorphous METGLAS® 2605HB1M Nanocrystalline FINEMET®,30009,30016,,,FINEMET,,,FINEMET
20,SMC,COMPETING_MATERIAL,,"FeCuNbSiB SMC Density [kg/m3] 7300 7180 7300 Bs [T] 1.63 1.45 1.53 µr,max 6 · 105 6 · 104–6 · 106 950 Electrical resistivity",30028,30031,,,SMC,,,SMC
20,SMC,COMPETING_MATERIAL,,"[µΩm] 1.3 1.2–1.5 280 Coercive force Hc [A/m] 2.12 <10 200 Due to the substantial differences in properties between non-grain-oriented Si steel and SMCs, directly substituting a silicon steel core with an SMC core often leads to performance degradation, with only marginal improvements.",30348,30351,,,SMC,,,SMC
20,SynRM,APPLICATION,,"A SynRM utilizing a dual-phase core material has been proposed, demonstrating competitive performance compared to Dy-free IPMs [117].",30734,30739,,,SynRM,,,SynRM
20,EV,APPLICATION,,"High-temperature superconductors (HTS) operating at higher temperatures than low-temperature superconductors, are very attractive for the construction of windings for future EV traction motors due to their negligible electrical resistivity.",33940,33942,,,EV,,,EV
20,EV,APPLICATION,,5. Conclusions This paper discusses the sustainability of traditional and emerging materials for the active parts of EV traction motors.,34484,34486,,,EV,,,EV
20,PMSM,APPLICATION,,"As outlined in the previous sections, the PMSM based on NdFeB magnets, NGO SiFe iron core, and copper windings is the most common choice for EV traction motors.",34546,34550,,,PMSM,,,PMSM
20,NdFeB,COMPETING_MATERIAL,,"As outlined in the previous sections, the PMSM based on NdFeB magnets, NGO SiFe iron core, and copper windings is the most common choice for EV traction motors.",34560,34565,,,NdFeB,,,NdFeB
20,EV,APPLICATION,,"As outlined in the previous sections, the PMSM based on NdFeB magnets, NGO SiFe iron core, and copper windings is the most common choice for EV traction motors.",34645,34647,,,EV,,,EV
20,EV,APPLICATION,,One of the main challenges remains how to create high-efficiency EV traction motors with REE-free permanent magnets.,34857,34859,,,EV,,,EV
20,EV,APPLICATION,,"It is difficult to answer the question posed at the begin- ning of the article, on what the future configuration of EV motors looks like; indeed, as highlighted previously, the transition from traditional to novel materials is affected by many actors.",35422,35424,,,EV,,,EV
20,PMSM,APPLICATION,,"From the previous analyses, it can be stated that the PMSM with an NGO SiFe core and copper windings will be the reference configuration for the electrification of the worldwide car park.",35612,35616,,,PMSM,,,PMSM
20,EV,APPLICATION,,"Further research is needed before novel material solutions for permanent magnets, cores, and windings can be industrialized for use in EV traction motors.",35997,35999,,,EV,,,EV
20,EV,APPLICATION,,The following abbreviations are used in this manuscript: GHG Greenhouse gas ICEV Internal combustion engine vehicle IEA International energy agency EV Electric vehicle BEV Battery electric vehicle PHEV Plug-in hybrid electric vehicle LCA Life cycle assessment EoF End of fife PMSM Permanent magnet synchronous motor PM,36648,36650,,,EV,,,EV
20,BEV,APPLICATION,,The following abbreviations are used in this manuscript: GHG Greenhouse gas ICEV Internal combustion engine vehicle IEA International energy agency EV Electric vehicle BEV Battery electric vehicle PHEV Plug-in hybrid electric vehicle LCA Life cycle assessment EoF End of fife PMSM Permanent magnet synchronous motor PM,36668,36671,,,BEV,,,BEV
20,electric vehicle,APPLICATION,,The following abbreviations are used in this manuscript: GHG Greenhouse gas ICEV Internal combustion engine vehicle IEA International energy agency EV Electric vehicle BEV Battery electric vehicle PHEV Plug-in hybrid electric vehicle LCA Life cycle assessment EoF End of fife PMSM Permanent magnet synchronous motor PM,36680,36696,,,electric vehicle,,,electric vehicle
20,PHEV,APPLICATION,,The following abbreviations are used in this manuscript: GHG Greenhouse gas ICEV Internal combustion engine vehicle IEA International energy agency EV Electric vehicle BEV Battery electric vehicle PHEV Plug-in hybrid electric vehicle LCA Life cycle assessment EoF End of fife PMSM Permanent magnet synchronous motor PM,36697,36701,,,PHEV,,,PHEV
20,hybrid electric vehicle,APPLICATION,,The following abbreviations are used in this manuscript: GHG Greenhouse gas ICEV Internal combustion engine vehicle IEA International energy agency EV Electric vehicle BEV Battery electric vehicle PHEV Plug-in hybrid electric vehicle LCA Life cycle assessment EoF End of fife PMSM Permanent magnet synchronous motor PM,36710,36733,,,hybrid electric vehicle,,,hybrid electric vehicle
20,PMSM,APPLICATION,,The following abbreviations are used in this manuscript: GHG Greenhouse gas ICEV Internal combustion engine vehicle IEA International energy agency EV Electric vehicle BEV Battery electric vehicle PHEV Plug-in hybrid electric vehicle LCA Life cycle assessment EoF End of fife PMSM Permanent magnet synchronous motor PM,36776,36780,,,PMSM,,,PMSM
20,SRM,APPLICATION,,Permanent magnet SRM Switched reluctance motor IM Induction motor IPM Interior permanent magnet SynRM Synchronous reluctance motor PMaSynRM Permanent magnet assisted synchronous reluctance motor EESM Externally excited synchronous motor REE Rare-earth element LREE Light rare-earth element HREE Heavy rare-earth element HEV Hybrid electric vehicles EPS Environmental priority strategies ELU Environmental load units EU European union REO Rare-earth oxide NGO Non-grain-oriented SMC Soft magnetic composite CNT Carbon nanotubes HTS High temperature superconductors References 1.,36836,36839,,,SRM,,,SRM
20,IPM,APPLICATION,,Permanent magnet SRM Switched reluctance motor IM Induction motor IPM Interior permanent magnet SynRM Synchronous reluctance motor PMaSynRM Permanent magnet assisted synchronous reluctance motor EESM Externally excited synchronous motor REE Rare-earth element LREE Light rare-earth element HREE Heavy rare-earth element HEV Hybrid electric vehicles EPS Environmental priority strategies ELU Environmental load units EU European union REO Rare-earth oxide NGO Non-grain-oriented SMC Soft magnetic composite CNT Carbon nanotubes HTS High temperature superconductors References 1.,36885,36888,,,IPM,,,IPM
20,SynRM,APPLICATION,,Permanent magnet SRM Switched reluctance motor IM Induction motor IPM Interior permanent magnet SynRM Synchronous reluctance motor PMaSynRM Permanent magnet assisted synchronous reluctance motor EESM Externally excited synchronous motor REE Rare-earth element LREE Light rare-earth element HREE Heavy rare-earth element HEV Hybrid electric vehicles EPS Environmental priority strategies ELU Environmental load units EU European union REO Rare-earth oxide NGO Non-grain-oriented SMC Soft magnetic composite CNT Carbon nanotubes HTS High temperature superconductors References 1.,36915,36920,,,SynRM,,,SynRM
20,HEV,APPLICATION,,Permanent magnet SRM Switched reluctance motor IM Induction motor IPM Interior permanent magnet SynRM Synchronous reluctance motor PMaSynRM Permanent magnet assisted synchronous reluctance motor EESM Externally excited synchronous motor REE Rare-earth element LREE Light rare-earth element HREE Heavy rare-earth element HEV Hybrid electric vehicles EPS Environmental priority strategies ELU Environmental load units EU European union REO Rare-earth oxide NGO Non-grain-oriented SMC Soft magnetic composite CNT Carbon nanotubes HTS High temperature superconductors References 1.,37139,37142,,,HEV,,,HEV
20,SMC,COMPETING_MATERIAL,,Permanent magnet SRM Switched reluctance motor IM Induction motor IPM Interior permanent magnet SynRM Synchronous reluctance motor PMaSynRM Permanent magnet assisted synchronous reluctance motor EESM Externally excited synchronous motor REE Rare-earth element LREE Light rare-earth element HREE Heavy rare-earth element HEV Hybrid electric vehicles EPS Environmental priority strategies ELU Environmental load units EU European union REO Rare-earth oxide NGO Non-grain-oriented SMC Soft magnetic composite CNT Carbon nanotubes HTS High temperature superconductors References 1.,37297,37300,,,SMC,,,SMC
20,electric vehicle,APPLICATION,,"Kim, H.C.; Wallington, T.J.; Arsenault, R.; Bae, C.; Ahn, S.; Lee, J. Cradle-to-gate emissions from a commercial electric vehicle Li-ion battery: A comparative analysis.",40135,40151,,,electric vehicle,,,electric vehicle
20,electric vehicle,APPLICATION,,"Rajaeifar, M.A.; Ghadimi, P.; Raugei, M.; Wu, Y.; Heidrich, O. Challenges and recent developments in supply and value chains of electric vehicle batteries: A sustainability perspective.",40564,40580,,,electric vehicle,,,electric vehicle
20,electric vehicle,APPLICATION,,"Niri, A.J.; Poelzer, G.A.; Zhang, S.E.; Rosenkranz, J.; Pettersson, M.; Ghorbani, Y. Sustainability challenges throughout the electric vehicle battery value chain.",40807,40823,,,electric vehicle,,,electric vehicle
20,electric vehicle,APPLICATION,,"Rom, C.L.; Smaha, R.W.; O’Donnell, S.; Dugu, S.; Bauers, S.R. Emerging magnetic materials for electric vehicle drive motors.",41731,41747,,,electric vehicle,,,electric vehicle
20,EV,APPLICATION,,"Pellegrino, G.; Vagati, A.; Boazzo, B.; Guglielmi, P. Comparison of induction and PM synchronous motor drives for EV application including design examples.",42920,42922,,,EV,,,EV
20,EV,APPLICATION,,"Huynh, T.A.; Hsieh, M.F. Performance analysis of permanent magnet motors for electric vehicles (EV) traction considering driving cycles.",43117,43119,,,EV,,,EV
20,electric vehicle,APPLICATION,,"Thangavel, S.; Mohanraj, D.; Girijaprasanna, T.; Raju, S.; Dhanamjayulu, C.; Muyeen, S. A comprehensive review on electric vehicle: Battery management system, charging station, traction motors.",43312,43328,,,electric vehicle,,,electric vehicle
20,switched reluctance motor,APPLICATION,,"Yang, Z.; Shang, F.; Brown, I.P.; Krishnamurthy, M. Comparative study of interior permanent magnet, induction, and switched reluctance motor drives for EV and HEV applications.",43557,43582,,,switched reluctance motor,,,switched reluctance motor
20,EV,APPLICATION,,"Yang, Z.; Shang, F.; Brown, I.P.; Krishnamurthy, M. Comparative study of interior permanent magnet, induction, and switched reluctance motor drives for EV and HEV applications.",43594,43596,,,EV,,,EV
20,HEV,APPLICATION,,"Yang, Z.; Shang, F.; Brown, I.P.; Krishnamurthy, M. Comparative study of interior permanent magnet, induction, and switched reluctance motor drives for EV and HEV applications.",43601,43604,,,HEV,,,HEV
20,EV,APPLICATION,,"Jahns, T. Getting rare-earth magnets out of EV traction machines: A review of the many approaches being pursued to minimize or eliminate rare-earth magnets from future EV drivetrains.",43726,43728,,,EV,,,EV
20,EV,APPLICATION,,"Jahns, T. Getting rare-earth magnets out of EV traction machines: A review of the many approaches being pursued to minimize or eliminate rare-earth magnets from future EV drivetrains.",43850,43852,,,EV,,,EV
20,EV,APPLICATION,,EV Motor Materials Monthly Report.,44332,44334,,,EV,,,EV
20,EV,APPLICATION,,https://www.adamasintel.com/wp-content/ uploads/2024/07/Adamas-Intelligence-EV-Motor-Materials-Monthly-Sample-June-2022.pdf (accessed on 2 October 2024).,44467,44469,,,EV,,,EV
20,EV,APPLICATION,,"Wang, Y.; Bianchi, N.; Qu, R. Comparative study of non-rare-earth and rare-earth PM motors for EV applications.",45028,45030,,,EV,,,EV
20,EV,APPLICATION,,"Estenlund, S.; Alaküla, M.; Reinap, A. PM-less machine topologies for EV traction: A literature review.",45155,45157,,,EV,,,EV
20,EV,APPLICATION,,Chevrolet Equinox EV.,46218,46220,,,EV,,,EV
20,NdFeB,COMPETING_MATERIAL,,"[CrossRef] 51. Vaimann, T.; Kallaste, A.; Kilk, A.; Belahcen, A. Magnetic properties of reduced Dy NdFeB permanent magnets and their usage in electrical machines.",47849,47854,,,NdFeB,,,NdFeB
20,hybrid electric vehicle,APPLICATION,,Rare earth element recovery potentials from end-of-life hybrid electric vehicle components in 2010–2030.,48370,48393,,,hybrid electric vehicle,,,hybrid electric vehicle
20,EV,APPLICATION,,"Bailey, G.; Mancheri, N.; Van Acker, K. Sustainability of permanent rare earth magnet motors in (H) EV industry.",49436,49438,,,EV,,,EV
20,NdFeB,COMPETING_MATERIAL,,"Rademaker, J.H.; Kleijn, R.; Yang, Y. Recycling as a strategy against rare earth element criticality: A systemic evaluation of the potential yield of NdFeB magnet recycling.",50566,50571,,,NdFeB,,,NdFeB
20,NdFeB,COMPETING_MATERIAL,,"Yang, Y.; Walton, A.; Sheridan, R.; Güth, K.; Gauß, R.; Gutfleisch, O.; Buchert, M.; Steenari, B.M.; Van Gerven, T.; Jones, P.T.; et al. REE recovery from end-of-life NdFeB permanent magnet scrap: A critical review.",51002,51007,,,NdFeB,,,NdFeB
20,neodymium iron boron,COMPETING_MATERIAL,,A comprehensive review on recycling of critical raw materials from spent neodymium iron boron (NdFeB) magnet.,51200,51220,,,neodymium iron boron,,,NdFeB
20,NdFeB,COMPETING_MATERIAL,,A comprehensive review on recycling of critical raw materials from spent neodymium iron boron (NdFeB) magnet.,51222,51227,,,NdFeB,,,NdFeB
20,stator core,APPLICATION,,"Sun, S.; Yang, K.; Zhang, H.; Jiang, F.; Tang, L. A study on a novel multistage-AFPM with modular stator core made of different materials of silicon steel and SMC.",51839,51850,,,stator core,,,stator core
20,SMC,COMPETING_MATERIAL,,"Sun, S.; Yang, K.; Zhang, H.; Jiang, F.; Tang, L. A study on a novel multistage-AFPM with modular stator core made of different materials of silicon steel and SMC.",51900,51903,,,SMC,,,SMC
20,electric vehicle,APPLICATION,,"Huang, C.L.; Xu, M.; Cui, S.; Li, Z.; Fang, H.; Wang, P. Copper-induced ripple effects by the expanding electric vehicle fleet: A crisis or an opportunity.",54026,54042,,,electric vehicle,,,electric vehicle
20,permanent magnet synchronous machine,APPLICATION,,"Brody, R.; Ohodnicki, P.; Ghosh, M.; Macias, C.; Sherman, A.; Talaat, A.; Cui, J.; Grainger, B. Trade study for rare-earth-free interior permanent magnet synchronous machine using MnBi permanent magnets.",56676,56712,,,permanent magnet synchronous machine,,,permanent magnet synchronous machine
20,6.5% Silicon,SI_CONTENT,UNSPECIFIED,"Cui, J. Cost Effective 6.5% Silicon Steel Laminate for Electric Machines.",56825,56837,6.5,%,6.5 %,,,6.5% Silicon
20,anisotropy,PROCESSING,,"Rani, P.; Kashyap, M.K.; Singla, R.; Thakur, J.; Reshak, A.H. Magnetism and magnetocrystalline anisotropy of tetragonally distorted L10-FeNi: N alloy.",57307,57317,,,anisotropy,,,anisotropy
20,ferrite magnet,COMPETING_MATERIAL,,"Matsuhashi, D.; Matsuo, K.; Okitsu, T.; Ashikaga, T.; Mizuno, T. Comparison study of various motors for EVs and the potentiality of a ferrite magnet motor.",58079,58093,,,ferrite magnet,,,ferrite magnet
20,ferrite,COMPETING_MATERIAL,,"Obata, M.; Morimoto, S.; Sanada, M.; Inoue, Y. Characteristic of PMASynRM with ferrite magnets for EV/HEV applications.",58232,58239,,,ferrite,,,ferrite
20,EV,APPLICATION,,"Obata, M.; Morimoto, S.; Sanada, M.; Inoue, Y. Characteristic of PMASynRM with ferrite magnets for EV/HEV applications.",58252,58254,,,EV,,,EV
20,HEV,APPLICATION,,"Obata, M.; Morimoto, S.; Sanada, M.; Inoue, Y. Characteristic of PMASynRM with ferrite magnets for EV/HEV applications.",58255,58258,,,HEV,,,HEV
20,stator,APPLICATION,,"Nonaka, T.; Zeze, S.; Makino, S.; Ohto, M. Research on motor with nanocrystalline soft magnetic alloy stator cores.",59479,59485,,,stator,,,stator
20,IPM,APPLICATION,,"Enomoto, Y.; Kimura, M.; Marukawa, Y.; Sano, H. Distributed Winding IPM Motor with an Amorphous Metal Stator Core.",60796,60799,,,IPM,,,IPM
20,FINEMET,COMPETING_MATERIAL,,FINEMET Nanocrystalline Soft Magnetic Material.,61072,61079,,,FINEMET,,,FINEMET
20,soft magnetic composite,COMPETING_MATERIAL,,"Guo, Y.; Ba, X.; Liu, L.; Lu, H.; Lei, G.; Yin, W.; Zhu, J. A review of electric motors with soft magnetic composite cores for electric drives.",61321,61344,,,soft magnetic composite,,,SMC
20,electric vehicle,APPLICATION,,Trial test of fully HTS induction/synchronous machine for next generation electric vehicle.,65857,65873,,,electric vehicle,,,electric vehicle
20,EV,APPLICATION,,"Cha, J.; Yoon, J.; Koo, J.; Bong, U.; Sim, K.; Hahn, S. Loss Reduction and Operating Time Extension Using Segmented HTS Field Coil Bobbin for High-Speed Operation of EV Traction Motor.",66390,66392,,,EV,,,EV
21,3% silicon,SI_CONTENT,UNSPECIFIED,"Accurate production figures have not been published, but it is likely that the annual European production is around lo6 tons of nonoriented steels and 2.5 x IO5 tons of grain-oriented 3% silicon iron, with a combined sales value of around E400 x lo6.",1798,1808,3.0,%,3.0 %,,,3% silicon
21,power transformer,APPLICATION,,"No-load loss capitalisation has become an increasingly important factor in power transformer design, to take account of the losses which occur over the lifetime of the plant.",4093,4110,,,power transformer,,,power transformer
21,power transformer,APPLICATION,,"At present in the UK, no-load losses are capitalised at around €5 500/kW, so a 200 MVA power transformer, even though it is more than 99% efli- cient, has a no-load loss capitalisation of over f500000.",4280,4297,,,power transformer,,,power transformer
21,2 W/kg,CORE_LOSS,UNSPECIFIED,"Silicon iron was first used in the UK in 1906, when its losses were 1-2 W/kg at 1.0 T, 50 Hz, but this was still a significant advance and it has been esti- mated [4] that, in the first 17 years of commercial pro- duction (since 1903 in the USA), silicon iron saved the electricity industry E230 x lo6 in reduced losses.",5561,5567,2.0,W/kg,2.0 W/kg,,,2 W/kg
21,1.0 T,FLUX_DENSITY,UNSPECIFIED,"Silicon iron was first used in the UK in 1906, when its losses were 1-2 W/kg at 1.0 T, 50 Hz, but this was still a significant advance and it has been esti- mated [4] that, in the first 17 years of commercial pro- duction (since 1903 in the USA), silicon iron saved the electricity industry E230 x lo6 in reduced losses.",5571,5576,1.0,T,1.0 T,,,1.0 T
21,cold rolling,PROCESSING,,"[5] who made use of this understanding, to show how careful combination of heat treatment and cold rolling could produce a texture giving silicon-iron strip good magnetic properties when magnetised along its rolling direction.",6450,6462,,,cold rolling,,,cold rolling
21,texture,PROCESSING,,"[5] who made use of this understanding, to show how careful combination of heat treatment and cold rolling could produce a texture giving silicon-iron strip good magnetic properties when magnetised along its rolling direction.",6479,6486,,,texture,,,texture
21,punching,PROCESSING,,"The sheet is usually supplied fully annealed, ready for punching and core fabrication, but sometimes the material is provided in a semi- processed state.",7240,7248,,,punching,,,punching
21,texture,PROCESSING,,"It is produced in so- called conventional form, a high-permeability material with improved texture and coating, or, after special surface treatment, a high-performance domain refined grade.",7832,7839,,,texture,,,texture
21,grain-oriented steel,COMPETING_MATERIAL,,"The brittleness restricts the maximum silicon content to 3.4% in commercial material, owing to difficulties in rolling, and a minimum in grain-oriented steel of around 2.2% exists below which proper orienta- tion cannot be developed [6].",8423,8443,,,grain-oriented steel,,,grain-oriented electric steel
21,1.5 T,FLUX_DENSITY,UNSPECIFIED,"By progressive elimination of impu- rities, losses at 1.5 T, 50 Hz, have been cut from around 7 W/kg, in the first steels containing silicon, to less than 2 W/kg, in the best grades today.",9772,9777,1.5,T,1.5 T,,,1.5 T
21,7 W/kg,CORE_LOSS,UNSPECIFIED,"By progressive elimination of impu- rities, losses at 1.5 T, 50 Hz, have been cut from around 7 W/kg, in the first steels containing silicon, to less than 2 W/kg, in the best grades today.",9812,9818,7.0,W/kg,7.0 W/kg,,,7 W/kg
21,2 W/kg,CORE_LOSS,UNSPECIFIED,"By progressive elimination of impu- rities, losses at 1.5 T, 50 Hz, have been cut from around 7 W/kg, in the first steels containing silicon, to less than 2 W/kg, in the best grades today.",9873,9879,2.0,W/kg,2.0 W/kg,,,2 W/kg
21,cold rolling,PROCESSING,,Two-stage cold rolling with an intermediate anneal is today used for high-quality products.,10942,10954,,,cold rolling,,,cold rolling
21,stamping,PROCESSING,,"Semi- processed strip is sometimes provided in a partly decar- burised state, because then the material has the required degree of hardness, shape and surface conditions to ensure good dimensional stability during stamping, and to give long tool life.",11830,11838,,,stamping,,,stamping
21,decarburisation,PROCESSING,,This problem can be more critical in low-carbon alloyed steels whose properties are more dependent on the decarburisation cycle than those of nonalloyed steels,12726,12741,,,decarburisation,,,decarburisation
21,decarburisation,PROCESSING,,"However, modern steels contain little carbon and after decarburisation the content drops to as low as 0.001% (weight), below the critical level necessary to produce aging.",13281,13296,,,decarburisation,,,decarburisation
21,weldability,PROCESSING,,"The coating may just be a thin oxide film, formed by the introduction of air at the end of the annealing cycle, or it may be a complex organic or inor- ganic layer especially chosen for good insulation, punch- ability, weldability etc.",14087,14098,,,weldability,,,weldability
21,punchability,PROCESSING,,"Rapid advances in coatings were made in the 1960s, first with the use of phosphate/chromate compounds, fol- lowed by the development of inorganic coatings with good punchability.",14269,14281,,,punchability,,,punchability
21,continuous casting,PROCESSING,,"Electric furnace or basic oxygen melting combined with vacuum degasing are fol- lowed by continuous casting to give a cleaner more 235 homogeneous economic product, with very low levels of carbon, nitrogen and sulphur.",16559,16577,,,continuous casting,,,continuous casting
21,decarburisation,PROCESSING,,The low impurity level of this steel allows modem decarburisation anneals to be carried out at lower temperatures and for shorter times than previously.,16739,16754,,,decarburisation,,,decarburisation
21,3.2% silicon,SI_CONTENT,UNSPECIFIED,The optimum grain size in 3.2% silicon iron has been shown to be around 0.15 mm diameter [13].,17291,17303,3.2,%,3.2 %,,,3.2% silicon
21,1.5 T,FLUX_DENSITY,UNSPECIFIED,"The grade is identified by a code, e.g. 25&35-A5 is a nonoriented steel (A) of thickness 0.35 mm (35) whose guaranteed loss at 1.5 T 50 Hz (5) is no greater than 2.5 W/kg (250).",18811,18816,1.5,T,1.5 T,,,1.5 T
21,2.5 W/kg,CORE_LOSS,UNSPECIFIED,"The grade is identified by a code, e.g. 25&35-A5 is a nonoriented steel (A) of thickness 0.35 mm (35) whose guaranteed loss at 1.5 T 50 Hz (5) is no greater than 2.5 W/kg (250).",18846,18854,2.5,W/kg,2.5 W/kg,,,2.5 W/kg
21,anisotropy,PROCESSING,,"Unfortunately, the permeability, so often the property of most importance to rotating-machine designers, is not specified as a guaranteed value, although the importance of the anisotropy of nonoriented steels is recognised by the specification for the anisotropy of power loss (it is not specified for semiprocessed (D) or gain-oriented (E) materials).",19038,19048,,,anisotropy,,,anisotropy
21,anisotropy,PROCESSING,,"Unfortunately, the permeability, so often the property of most importance to rotating-machine designers, is not specified as a guaranteed value, although the importance of the anisotropy of nonoriented steels is recognised by the specification for the anisotropy of power loss (it is not specified for semiprocessed (D) or gain-oriented (E) materials).",19114,19124,,,anisotropy,,,anisotropy
21,texture,PROCESSING,,"The cold-rolling process controls the final losses and permeability, although it is the earlier hot-rolling stage which is important in producing the required starting random grain texture.",19396,19403,,,texture,,,texture
21,texture,PROCESSING,,"In fact, better control of the texture could give improved performance in some appli- cations.",19436,19443,,,texture,,,texture
21,texture,PROCESSING,,"A large amount of rotated [112] (110) texture has been found [16] in a range of silicon-iron nonor- iented alloys, and it has been proposed that knowledge of such textures could be used to control them to create a beneficial small magnetic anisotropy, in a predictable and controllable manner.",19538,19545,,,texture,,,texture
21,anisotropy,PROCESSING,,"A large amount of rotated [112] (110) texture has been found [16] in a range of silicon-iron nonor- iented alloys, and it has been proposed that knowledge of such textures could be used to control them to create a beneficial small magnetic anisotropy, in a predictable and controllable manner.",19740,19750,,,anisotropy,,,anisotropy
21,anisotropy,PROCESSING,,"At present, wide ranges of alloyed and nonalloyed nonoriented electrical steels are available, based on low anisotropy, no aging, and good magnetic properties, par-",20301,20311,,,anisotropy,,,anisotropy
21,anisotropy,PROCESSING,,"[19] in 1918 and Ruder [20] in 1925, prepared crystals of iron and silicon iron, and demonstrated their high magnetic anisotropy, which helped Goss",21292,21302,,,anisotropy,,,anisotropy
21,texture,PROCESSING,,"[5] to show how, by developing a grain texture in silicon-iron sheet, enhanced magnetic proper- ties were found when magnetised along its rolling direc- tion.",21361,21368,,,texture,,,texture
21,cold rolling,PROCESSING,,"By a suitable combination of heat treatment and cold rolling, Goss managed to produce a texture with a high proportion of grains having [00l] directions close to the rolling direction and (110) planes close to the sheet plane.",21529,21541,,,cold rolling,,,cold rolling
21,texture,PROCESSING,,"By a suitable combination of heat treatment and cold rolling, Goss managed to produce a texture with a high proportion of grains having [00l] directions close to the rolling direction and (110) planes close to the sheet plane.",21569,21576,,,texture,,,texture
21,1.5 W/kg,CORE_LOSS,UNSPECIFIED,"It was 0.32 mm thick, with a loss around 1.5 W/kg, at 1.5 T, 50 Hz.",21837,21845,1.5,W/kg,1.5 W/kg,,,1.5 W/kg
21,1.5 T,FLUX_DENSITY,UNSPECIFIED,"It was 0.32 mm thick, with a loss around 1.5 W/kg, at 1.5 T, 50 Hz.",21850,21855,1.5,T,1.5 T,,,1.5 T
21,recrystallisation,PROCESSING,,"The basis of the Goss process is to heat the silicon- iron strip to around 12WC, to induce the secondary recrystallisation of large grains with [00l](l 10) texture, which were predominant because the presence of man- ganese sulphide (MnS) suppresses the growth of other grains.",21969,21986,,,recrystallisation,,,recrystallisation
21,texture,PROCESSING,,"The basis of the Goss process is to heat the silicon- iron strip to around 12WC, to induce the secondary recrystallisation of large grains with [00l](l 10) texture, which were predominant because the presence of man- ganese sulphide (MnS) suppresses the growth of other grains.",22020,22027,,,texture,,,texture
21,cold rolling,PROCESSING,,The material is given an anneal to recrystallise the cold-worked structure before cold rolling again to the final gauge.,22618,22630,,,cold rolling,,,cold rolling
21,recrystallisation,PROCESSING,,"During the next anneal, at 1200°C for 24 h, purification and secondary recrystallisation occur and the magnesium oxide reacts with the steel surface to form a thin magnesium silicate layer called the glass film or Forsterite layer.",22944,22961,,,recrystallisation,,,recrystallisation
21,decarburisation,PROCESSING,,"Finally, the material is given a flat- tening aneal, when excess MgO is removed and a thin Plate 2 silicon-steel strip Courtesy of British Steel pic.. Orb Works, Newport, UK Decarburising anneal and magnesia coating of grain-oriented BOSwacuurn degasi ng + additives \AIN route IlO@C in N2 quench and cold reduction 1 cold reduction Q // decarburisation in ti2.",23443,23458,,,decarburisation,,,decarburisation
21,insulating coating,PROCESSING,,"3 permeability (via AIN route) grain-oriented silicon iron Production route o/ conventional (via MnS route) and high- IEE PROCEEDINGS, Vol. 137, Pt. A, No. 5, SEPTEMBER 1990 phosphate coating is applied which reacts with the mag- nesium silicate to form a strong, highly insulating coating.",23756,23774,,,insulating coating,,,insulating coating
21,hot rolling,PROCESSING,,"During hot rolling, small MnS particles are precipited as the steel cools and, at the same time, some crystals with the Goss texture are formed along with many other orientations.",23783,23794,,,hot rolling,,,hot rolling
21,Goss texture,PROCESSING,,"During hot rolling, small MnS particles are precipited as the steel cools and, at the same time, some crystals with the Goss texture are formed along with many other orientations.",23896,23908,,,Goss texture,,,Goss texture
21,cold rolling,PROCESSING,,"After the cold rolling, nuclei with the Goss texture recystallise during the decarburisation anneal, as the material develops a 'structure memory' [22].",23966,23978,,,cold rolling,,,cold rolling
21,Goss texture,PROCESSING,,"After the cold rolling, nuclei with the Goss texture recystallise during the decarburisation anneal, as the material develops a 'structure memory' [22].",23996,24008,,,Goss texture,,,Goss texture
21,decarburisation,PROCESSING,,"After the cold rolling, nuclei with the Goss texture recystallise during the decarburisation anneal, as the material develops a 'structure memory' [22].",24033,24048,,,decarburisation,,,decarburisation
21,recrystallisation,PROCESSING,,"During this secondary recrystallisation process, the Goss grains each consume 106-107 primary grains and grow through the thickness of the sheet to diameters of 10 mm or more.",24334,24351,,,recrystallisation,,,recrystallisation
21,grain growth,PROCESSING,,"[lo01 (110), this is the best that can be achieved with MnS as a grain growth inhibitor [22].",24640,24652,,,grain growth,,,grain growth
21,Nippon Steel,PRODUCER,,In 1965 a revolutionary new electrical steel was announced by Nippon Steel Corporation : high- permeability grain-oriented silicon iron.,24900,24912,,,Nippon Steel,,,Nippon Steel
21,grain growth,PROCESSING,,The production route (Fig. 3) is simplified by the elimination of one of the cold-rolling stages because of the introduction of around 0.025% aluminium to the melt and the resulting use of aluminium nitride as the grain growth inhibitor.,25189,25201,,,grain growth,,,grain growth
21,1.7 T,FLUX_DENSITY,UNSPECIFIED,"At flux densities of 1.7 T and higher, its permeability was three times higher than that of the best conventional steel, and the stress sensitivity of loss and magnetostriction were lower because of the improved orientation and the presence of a high tensile stress intro- duced by a so-called stress coating.",25423,25428,1.7,T,1.7 T,,,1.7 T
21,Nippon Steel,PRODUCER,,"The Nippon Steel Corporation product was commercialised by 1968, and it was later fol- lowed by other high-permeability materials based on MnSe plus Sb (Kawasaki Steel, 1973) and on Boron (Allegheny Ludlum Steel Corporation, 1975).",26159,26171,,,Nippon Steel,,,Nippon Steel
21,Kawasaki Steel,PRODUCER,,"The Nippon Steel Corporation product was commercialised by 1968, and it was later fol- lowed by other high-permeability materials based on MnSe plus Sb (Kawasaki Steel, 1973) and on Boron (Allegheny Ludlum Steel Corporation, 1975).",26308,26322,,,Kawasaki Steel,,,Kawasaki Steel
21,1.2 MPa,MPA_VALUE,UNSPECIFIED,A stress of 1.2 MPa along the rolling direction was estimated.,26842,26849,1.2,MPa,1.2 MPa,unspecified,,1.2 MPa
21,Goss texture,PROCESSING,,The beneficial effect of stress coatings is greatest in materials whose grains are mainly within 2” of the ideal Goss texture [9].,27606,27618,,,Goss texture,,,Goss texture
21,grain-oriented steel,COMPETING_MATERIAL,,"By 1981, of the 1.2 x lo6 tons of grain-oriented steel produced worldwide, some 12% was high-permeability grade",27865,27885,,,grain-oriented steel,,,grain-oriented electric steel
21,domain refinement,PROCESSING,,"founi not to affe; &e D C hysteresis loss [33], but the scratch depth and spacing needed optimisation to obtain the best domain refinement.",28809,28826,,,domain refinement,,,domain refinement
21,10 MPa,MPA_VALUE,UNSPECIFIED,"[33], tension of 10 MPa alone was found to produce up to 70% domain refinement, in some steels, and scratching could produce another 10% refinement on top of this [34].",29100,29106,10.0,MPa,10.0 MPa,applied_stress,,10 MPa
21,domain refinement,PROCESSING,,"[33], tension of 10 MPa alone was found to produce up to 70% domain refinement, in some steels, and scratching could produce another 10% refinement on top of this [34].",29144,29161,,,domain refinement,,,domain refinement
21,Nippon Steel,PRODUCER,,"The major breakthrough which allowed commercial exploitation was made by Nippon Steel Corporation which, instead of applying lines mechanically, used a high power laser beam.",29596,29608,,,Nippon Steel,,,Nippon Steel
21,Nippon Steel,PRODUCER,,"However, the stress sensitivity of the laser scribed material was also lower than that of conventional steel and, by 1983, Nippon Steel was producing laser-scribed steels down to 0.23 mm thick, with losses as low as 0.85 W/kg at 1.7 T. The losses of laser-scribed steel are generally 5-8% lower than the untreated high-permeability steel, but care must be exer- cised in the selection of the starting material to obtain the best effect.",30456,30468,,,Nippon Steel,,,Nippon Steel
21,0.85 W/kg,CORE_LOSS,UNSPECIFIED,"However, the stress sensitivity of the laser scribed material was also lower than that of conventional steel and, by 1983, Nippon Steel was producing laser-scribed steels down to 0.23 mm thick, with losses as low as 0.85 W/kg at 1.7 T. The losses of laser-scribed steel are generally 5-8% lower than the untreated high-permeability steel, but care must be exer- cised in the selection of the starting material to obtain the best effect.",30549,30558,0.85,W/kg,0.85 W/kg,,,0.85 W/kg
21,Kawasaki Steel,PRODUCER,,"Kawasaki Steel Company researchers have applied similar surface strains by a plasma flame irradation technique, in which energy transferred from a high-temperature, high-energy gas directed towards the steel causes the required surface conditions [23].",31718,31732,,,Kawasaki Steel,,,Kawasaki Steel
21,domain refinement,PROCESSING,,"In the case of wound magnetic cores, annealing is necessary to remove the winding and bending stresses, so the above domain refinement techniques are not suitable.",32088,32105,,,domain refinement,,,domain refinement
21,stress relief annealing,PROCESSING,,"In applications where the material is deliberately bent or cut to small shapes, stress relief annealing will be necessary.",32977,33000,,,stress relief annealing,,,stress relief annealing
21,grain-oriented steel,COMPETING_MATERIAL,,"A typical specification is, for example, 89-27-N5, which indicates a 0.27 mm thick (27) grain-oriented steel (N) whose guaranteed loss at 50 Hz (5), 1.5 T is 0.89 W/kg (89).",33615,33635,,,grain-oriented steel,,,grain-oriented electric steel
21,1.5 T,FLUX_DENSITY,COMPETITOR,"A typical specification is, for example, 89-27-N5, which indicates a 0.27 mm thick (27) grain-oriented steel (N) whose guaranteed loss at 50 Hz (5), 1.5 T is 0.89 W/kg (89).",33676,33681,1.5,T,1.5 T,,,1.5 T
21,0.89 W/kg,CORE_LOSS,COMPETITOR,"A typical specification is, for example, 89-27-N5, which indicates a 0.27 mm thick (27) grain-oriented steel (N) whose guaranteed loss at 50 Hz (5), 1.5 T is 0.89 W/kg (89).",33685,33694,0.89,W/kg,0.89 W/kg,,,0.89 W/kg
21,1.03 W/kg,CORE_LOSS,UNSPECIFIED,"It is important to realise that high-permeability materials lose the advantages over conventional steels at lower flux densities, particularly below 1.5 T. For example, British Steel Electrical's new high-permeability 0.27 mm thick material has a low guaranteed loss of 1.03 W/kg at 1.7 T, 50 Hz, but, if used at 1.5 T, its typical loss is around 0.74 W/kg which is only a little better than the best con- ventional material.",34080,34089,1.03,W/kg,1.03 W/kg,,,1.03 W/kg
21,1.7 T,FLUX_DENSITY,UNSPECIFIED,"It is important to realise that high-permeability materials lose the advantages over conventional steels at lower flux densities, particularly below 1.5 T. For example, British Steel Electrical's new high-permeability 0.27 mm thick material has a low guaranteed loss of 1.03 W/kg at 1.7 T, 50 Hz, but, if used at 1.5 T, its typical loss is around 0.74 W/kg which is only a little better than the best con- ventional material.",34093,34098,1.7,T,1.7 T,,,1.7 T
21,1.5 T,FLUX_DENSITY,UNSPECIFIED,"It is important to realise that high-permeability materials lose the advantages over conventional steels at lower flux densities, particularly below 1.5 T. For example, British Steel Electrical's new high-permeability 0.27 mm thick material has a low guaranteed loss of 1.03 W/kg at 1.7 T, 50 Hz, but, if used at 1.5 T, its typical loss is around 0.74 W/kg which is only a little better than the best con- ventional material.",34123,34128,1.5,T,1.5 T,,,1.5 T
21,0.74 W/kg,CORE_LOSS,UNSPECIFIED,"It is important to realise that high-permeability materials lose the advantages over conventional steels at lower flux densities, particularly below 1.5 T. For example, British Steel Electrical's new high-permeability 0.27 mm thick material has a low guaranteed loss of 1.03 W/kg at 1.7 T, 50 Hz, but, if used at 1.5 T, its typical loss is around 0.74 W/kg which is only a little better than the best con- ventional material.",34157,34166,0.74,W/kg,0.74 W/kg,,,0.74 W/kg
21,recrystallisation,PROCESSING,,"The main efforts, at present aimed at mass production of even better silicon steels, seem to be devoted to improving the secondary recrystallisation technique and to combining it with very highly oriented thin gauge material with better domain refinement.",34509,34526,,,recrystallisation,,,recrystallisation
21,domain refinement,PROCESSING,,"The main efforts, at present aimed at mass production of even better silicon steels, seem to be devoted to improving the secondary recrystallisation technique and to combining it with very highly oriented thin gauge material with better domain refinement.",34615,34632,,,domain refinement,,,domain refinement
21,texture,PROCESSING,,"tation, but a texture with a mean angle of tilt of around 2.5"".",34832,34839,,,texture,,,texture
21,texture,PROCESSING,,This texture has not been achieved in practice.,34887,34894,,,texture,,,texture
21,0.62 W/kg,CORE_LOSS,UNSPECIFIED,"It has been claimed that the limit in 0.3 mm thick strip is around 0.62 W/kg, at 50 Hz, 1.7 T, made up of an hysteresis component of 0.15 W/kg and an eddy- current component of 0.47 W/kg",35174,35183,0.62,W/kg,0.62 W/kg,,,0.62 W/kg
21,1.7 T,FLUX_DENSITY,UNSPECIFIED,"It has been claimed that the limit in 0.3 mm thick strip is around 0.62 W/kg, at 50 Hz, 1.7 T, made up of an hysteresis component of 0.15 W/kg and an eddy- current component of 0.47 W/kg",35195,35200,1.7,T,1.7 T,,,1.7 T
21,0.15 W/kg,CORE_LOSS,UNSPECIFIED,"It has been claimed that the limit in 0.3 mm thick strip is around 0.62 W/kg, at 50 Hz, 1.7 T, made up of an hysteresis component of 0.15 W/kg and an eddy- current component of 0.47 W/kg",35240,35249,0.15,W/kg,0.15 W/kg,,,0.15 W/kg
21,0.47 W/kg,CORE_LOSS,UNSPECIFIED,"It has been claimed that the limit in 0.3 mm thick strip is around 0.62 W/kg, at 50 Hz, 1.7 T, made up of an hysteresis component of 0.15 W/kg and an eddy- current component of 0.47 W/kg",35284,35293,0.47,W/kg,0.47 W/kg,,,0.47 W/kg
21,domain refinement,PROCESSING,,"The dis- advantages of their normally poorer orientation can be overcome, because of their greater susceptibility to domain refinement than thicker grades [42].",36566,36583,,,domain refinement,,,domain refinement
21,0.22 W/kg,CORE_LOSS,UNSPECIFIED,"0.15 mm thick can be produced with losses as low as 0.22 W/kg, at 1.5 T, 60 Hz, after domain refinement [43].",36726,36735,0.22,W/kg,0.22 W/kg,,,0.22 W/kg
21,1.5 T,FLUX_DENSITY,UNSPECIFIED,"0.15 mm thick can be produced with losses as low as 0.22 W/kg, at 1.5 T, 60 Hz, after domain refinement [43].",36740,36745,1.5,T,1.5 T,,,1.5 T
21,domain refinement,PROCESSING,,"0.15 mm thick can be produced with losses as low as 0.22 W/kg, at 1.5 T, 60 Hz, after domain refinement [43].",36760,36777,,,domain refinement,,,domain refinement
21,domain refinement,PROCESSING,,"The improvement by thinning materials does not carry on indefinitely, because of greater hysteresis loss due to surface inclusions which increases as the material becomes thinner, and also because the grain size tends to increase, hence requiring even better domain refinement methods or stress coatings to sustain the downward trend of losses.",37043,37060,,,domain refinement,,,domain refinement
21,anisotropy,PROCESSING,,"Iron loss and permeability are the most important mag- netic properties of electrical steels, although magneto- striction, coercivity, remanence and anisotropy can be very important in some applications.",37393,37403,,,anisotropy,,,anisotropy
21,domain refinement,PROCESSING,,"The eddy-current loss P, can be expressed in terms of the sheet thickness d, the peak flux density B, the fre- quencyfand resistivity p, as (1) sible, to a large extent, to optimise the orientation at the expense of large grains, and to rely on stress coatings and domain refinement to obtain low losses.",38722,38739,,,domain refinement,,,domain refinement
21,domain refinement,PROCESSING,,"It has been shown [44] that, above a 4 mm diameter grain size, domain refinement becomes more pronounced, although the orientation also strongly influences the result.",38825,38842,,,domain refinement,,,domain refinement
21,grain-oriented steel,COMPETING_MATERIAL,,This loss is proportional to the domain wall spacing in grain-oriented steel and inversely proportional to sheet thickness,39462,39482,,,grain-oriented steel,,,grain-oriented electric steel
21,texture,PROCESSING,,"The domain wall spacing itself depends on many factors, such as texture, surface charac- teristics, magnetising frequency and peak induction.",39599,39606,,,texture,,,texture
21,texture,PROCESSING,,"Smaller grains produce low anomalous losses because the domain wall spacing is relatively small, however small- grained material has poorer texture, in general, hence higher hysteresis losses.",39817,39824,,,texture,,,texture
21,grain-oriented steel,COMPETING_MATERIAL,,"Typically, a compressive stress of 6MPa will increase the loss of con- ventional grain-oriented steel by around 30%, and the magnetostriction will rise tenfold or more in high- permeability steels [48].",41090,41110,,,grain-oriented steel,,,grain-oriented electric steel
21,rotating machine,APPLICATION,,It can account for 50% of the loss in a rotating machine stator core.,41520,41536,,,rotating machine,,,rotating machine
21,stator core,APPLICATION,,It can account for 50% of the loss in a rotating machine stator core.,41537,41548,,,stator core,,,stator core
21,texture,PROCESSING,,"The increase is only slightly affected by texture, but the percentage rise is greatest in low-loss materials.",42821,42828,,,texture,,,texture
21,1.5 T,FLUX_DENSITY,COMPETITOR,"Although the anomalous eddy-current loss was around four times higher than the classical loss in early materials, eddy-current losses of less than 10 mW/kg, at 1.5 T, 50 Hz, were easily obtainable, com- pared to over 200mW/kg in grain-oriented steel",46860,46865,1.5,T,1.5 T,,,1.5 T
21,grain-oriented steel,COMPETING_MATERIAL,,"Although the anomalous eddy-current loss was around four times higher than the classical loss in early materials, eddy-current losses of less than 10 mW/kg, at 1.5 T, 50 Hz, were easily obtainable, com- pared to over 200mW/kg in grain-oriented steel",46929,46949,,,grain-oriented steel,,,grain-oriented electric steel
21,1.9 T,FLUX_DENSITY,UNSPECIFIED,"The need for a glass-forming element, which happens to be nonmagnetic, limits the saturation magnetisation to a highest value, at present of 1.9 T in Fe,,Co,,B,, , which unfortunately is unstable.",47415,47420,1.9,T,1.9 T,,,1.9 T
21,1.56 T,FLUX_DENSITY,UNSPECIFIED,"The limit is around 1.56 T, in commercial alloys, suitable for power applica- tions.",47491,47497,1.56,T,1.56 T,,,1.56 T
21,recrystallisation,PROCESSING,,The operating temperature is limited to around 120°C owing to low Curie and recrystallisation tem- peratures.,47632,47649,,,recrystallisation,,,recrystallisation
21,distribution transformer,APPLICATION,,"Now, over 300000 distribution transformer cores, with amorphous cores, are in service in the USA, with an average rating of 50 kVA.",49157,49181,,,distribution transformer,,,distribution transformer
21,3% Silicon,SI_CONTENT,UNSPECIFIED,"d silicon-iron and amorDhous material 3% Silicon-iron Iron-based amorphous Consolidated amorphous 0.3 mm thick alloy Metglas 2605s-2 strip POWERCORE 0.03 mm thick 0.13 mm thick Curie temperature, ""C 745 Crystallisation temperature, ""C - Maximum working temperature, ""C 2650 Tensile strength, MPa 320-360 Yield strength, MPa 300-320 Resistivity.",49674,49684,3.0,%,3.0 %,,,3% Silicon
21,1.3 T,FLUX_DENSITY,UNSPECIFIED,"pncm 4 W 8 Laminations factor, ""h 9598 Loss at 1.3 T 50",50028,50033,1.3,T,1.3 T,,,1.3 T
21,1.5 T,FLUX_DENSITY,UNSPECIFIED,"Hz, W/kg 0 64 Loss at 1.5 T 50 Hz, Wjkg 0.83 Specific apparent power at 1.3 T, VAjkg 0.69 Specific apparent power at 1.5 T, VAjkg 0.94 Coercive force, Ajm 6.4 Saturation induction, T 2.03 IEE PROCEEDINGS, Vol. 137, Pt.",50059,50064,1.5,T,1.5 T,,,1.5 T
21,1.3 T,FLUX_DENSITY,UNSPECIFIED,"Hz, W/kg 0 64 Loss at 1.5 T 50 Hz, Wjkg 0.83 Specific apparent power at 1.3 T, VAjkg 0.69 Specific apparent power at 1.5 T, VAjkg 0.94 Coercive force, Ajm 6.4 Saturation induction, T 2.03 IEE PROCEEDINGS, Vol. 137, Pt.",50109,50114,1.3,T,1.3 T,,,1.3 T
21,1.5 T,FLUX_DENSITY,UNSPECIFIED,"Hz, W/kg 0 64 Loss at 1.5 T 50 Hz, Wjkg 0.83 Specific apparent power at 1.3 T, VAjkg 0.69 Specific apparent power at 1.5 T, VAjkg 0.94 Coercive force, Ajm 6.4 Saturation induction, T 2.03 IEE PROCEEDINGS, Vol. 137, Pt.",50154,50159,1.5,T,1.5 T,,,1.5 T
21,anisotropy,PROCESSING,,"However, the Metglas 26058-2 and POWERCORE strip are predictably very stress sensitive, owing to their low anisotropy and high magnetostriction.",51541,51551,,,anisotropy,,,anisotropy
21,6 MPa,MPA_VALUE,UNSPECIFIED,"A 50% increase in loss, at a compressive stress of 6 MPa, is typical in single ribbons [56], and the sensitivity of the material to bending stress has been shown to be two to four times greater than that in high-permeability silicon iron",52330,52335,6.0,MPa,6.0 MPa,applied_stress,,6 MPa
21,anisotropy,PROCESSING,,"Because of its low POWERCORE"" strip is a registered trademark of Allied Signal Inc., Metglas Products anisotropy, the flux uniformity is greater in cores assembled from amorphous material than in cores assembled from silicon iron [52], indicating that, if the stress problems can be overcome, transformer cores with low building factors can be assembled from them.",52992,53002,,,anisotropy,,,anisotropy
21,6% silicon,SI_CONTENT,UNSPECIFIED,Already 0.06 mm to 1 mm thick 6% silicon iron has been shown to be ductile and to have losses less than those of commercial grain-oriented 3% silicon iron.,53975,53985,6.0,%,6.0 %,,,6% silicon
21,3% silicon,SI_CONTENT,UNSPECIFIED,Already 0.06 mm to 1 mm thick 6% silicon iron has been shown to be ductile and to have losses less than those of commercial grain-oriented 3% silicon iron.,54084,54094,3.0,%,3.0 %,,,3% silicon
21,4.5% silicon,SI_CONTENT,UNSPECIFIED,"Ribbon 0.08 mm thick, containing 4.5% silicon, with almost the same loss as that of amorphous material, has been produced [60].",54232,54244,4.5,%,4.5 %,,,4.5% silicon
21,1.7T,FLUX_DENSITY,COMPETITOR,"At 1.7T SOHz, its loss was reported to be 0.56 W/kg, as good as the best laboratory- processed grain-oriented material.",54330,54334,1.7,T,1.7 T,,,1.7T
21,0.56 W/kg,CORE_LOSS,COMPETITOR,"At 1.7T SOHz, its loss was reported to be 0.56 W/kg, as good as the best laboratory- processed grain-oriented material.",54369,54378,0.56,W/kg,0.56 W/kg,,,0.56 W/kg
21,grain-oriented material,COMPETING_MATERIAL,,"At 1.7T SOHz, its loss was reported to be 0.56 W/kg, as good as the best laboratory- processed grain-oriented material.",54422,54445,,,grain-oriented material,,,grain-oriented electric steel
21,amorphous ribbon,COMPETING_MATERIAL,,"A, No. 5, SEPTEMBER 1990 7 - microcrystalline ribbon fits between amorphous ribbon and grain-oriented steel.",55059,55075,,,amorphous ribbon,,,amorphous ribbon
21,grain-oriented steel,COMPETING_MATERIAL,,"A, No. 5, SEPTEMBER 1990 7 - microcrystalline ribbon fits between amorphous ribbon and grain-oriented steel.",55080,55100,,,grain-oriented steel,,,grain-oriented electric steel
21,Kawasaki Steel,PRODUCER,,"Kawasaki Steel Corporation have already produced microcrystalline 6.5% silicon iron on a trial basis, and Nippon Kokan Steel Corporation has developed similar material, 0.1 mm thick and 400 mm wide.",55102,55116,,,Kawasaki Steel,,,Kawasaki Steel
21,6.5% silicon,SI_CONTENT,UNSPECIFIED,"Kawasaki Steel Corporation have already produced microcrystalline 6.5% silicon iron on a trial basis, and Nippon Kokan Steel Corporation has developed similar material, 0.1 mm thick and 400 mm wide.",55168,55180,6.5,%,6.5 %,,,6.5% silicon
21,texture,PROCESSING,,"Both these could be near to large-scale production and could find initial markets in high-frequency power devices, sensors etc., where the thin gauge, low loss and small degree of texture is beneficial.",55481,55488,,,texture,,,texture
21,domain refinement,PROCESSING,,"The customer demand for reduced losses, combined with higher permeability, will sustain development of better domain refinement techniques, combined with coating development and thickness optimisation.",58023,58040,,,domain refinement,,,domain refinement
21,2 W/kg,CORE_LOSS,UNSPECIFIED,"Losses as low as 2 W/kg, at 1.5 T, 50 Hz, in 0.35 mm thick material, is already being demanded [62].",58728,58734,2.0,W/kg,2.0 W/kg,,,2 W/kg
21,1.5 T,FLUX_DENSITY,UNSPECIFIED,"Losses as low as 2 W/kg, at 1.5 T, 50 Hz, in 0.35 mm thick material, is already being demanded [62].",58739,58744,1.5,T,1.5 T,,,1.5 T
21,texture,PROCESSING,,"A better understanding of the normal magnetisation conditions in products using nonoriented steels will help manufacturers develop more appropriate products by better control of texture, e.g. by providing more isotropic materials for small motors and transformers or textured steel for lamp ballasts.",59699,59706,,,texture,,,texture
21,amorphous ribbon,COMPETING_MATERIAL,,"In 1985, it was forecasted that the USA and Japan would be large producers of amorphous ribbon by the 1990s, with growth accelerating in 1993, when early patents begin to expire [63].",60416,60432,,,amorphous ribbon,,,amorphous ribbon
21,grain-oriented steel,COMPETING_MATERIAL,,"It was projected that the European progress would lag by 2 years, but that, by 1994, 300 OOO T of amorphous material would be produc- ed, replacing around 40% of the grain-oriented steel market.",60688,60708,,,grain-oriented steel,,,grain-oriented electric steel
21,amorphous alloy,COMPETING_MATERIAL,,"In the longer term, amorphous alloy development may lead to higher induction and lower losses.",61837,61852,,,amorphous alloy,,,amorphous alloy
21,0.08 W/kg,CORE_LOSS,UNSPECIFIED,"The best com- mercial material has losses as low as 0.08 W/kg, at 1.3 T, which is around 15% of the best silicon-iron grades.",61964,61973,0.08,W/kg,0.08 W/kg,,,0.08 W/kg
21,1.3 T,FLUX_DENSITY,UNSPECIFIED,"The best com- mercial material has losses as low as 0.08 W/kg, at 1.3 T, which is around 15% of the best silicon-iron grades.",61978,61983,1.3,T,1.3 T,,,1.3 T
21,amorphous ribbon,COMPETING_MATERIAL,,"[65] shows how the core loss of amorphous material and silicon iron are rapidly converging, and it is envisaged that both may grain-oriented thin gauge \ amorphous ribbon G",62293,62309,,,amorphous ribbon,,,amorphous ribbon
21,grain-oriented steel,COMPETING_MATERIAL,,"Recently, tertiary recrystallised grain-oriented steel has been reported with losses as good as amorphous material [66].",62576,62596,,,grain-oriented steel,,,grain-oriented electric steel
21,0.19 W/kg,CORE_LOSS,UNSPECIFIED,"The process is uneconomically slow at present and a long way from commercialisation, but the losses of 0.08 mm thick strip of 0.19 W/kg, at 1.3 T 50 Hz, and 0.37 W/kg, at 1.7 T, 50 Hz, potentially compete with the best amorp- hous material and silicon iron, respectively.",62789,62798,0.19,W/kg,0.19 W/kg,,,0.19 W/kg
21,1.3 T,FLUX_DENSITY,UNSPECIFIED,"The process is uneconomically slow at present and a long way from commercialisation, but the losses of 0.08 mm thick strip of 0.19 W/kg, at 1.3 T 50 Hz, and 0.37 W/kg, at 1.7 T, 50 Hz, potentially compete with the best amorp- hous material and silicon iron, respectively.",62803,62808,1.3,T,1.3 T,,,1.3 T
21,0.37 W/kg,CORE_LOSS,UNSPECIFIED,"The process is uneconomically slow at present and a long way from commercialisation, but the losses of 0.08 mm thick strip of 0.19 W/kg, at 1.3 T 50 Hz, and 0.37 W/kg, at 1.7 T, 50 Hz, potentially compete with the best amorp- hous material and silicon iron, respectively.",62820,62829,0.37,W/kg,0.37 W/kg,,,0.37 W/kg
21,1.7 T,FLUX_DENSITY,UNSPECIFIED,"The process is uneconomically slow at present and a long way from commercialisation, but the losses of 0.08 mm thick strip of 0.19 W/kg, at 1.3 T 50 Hz, and 0.37 W/kg, at 1.7 T, 50 Hz, potentially compete with the best amorp- hous material and silicon iron, respectively.",62834,62839,1.7,T,1.7 T,,,1.7 T
21,6.5% silicon,SI_CONTENT,UNSPECIFIED,"Already textured alloys of 6.5% silicon, 2% nickel have been produced by combining rapid solidification with a powder technology route",64018,64030,6.5,%,6.5 %,,,6.5% silicon
21,Nippon Steel,PRODUCER,,"48-60 9 WADA, T., NOZAWA, T., IUCHI, T., and NAKAMURA, M.: Nippon Steel Technical Report 21,1983, pp.",66405,66417,,,Nippon Steel,,,Nippon Steel
21,texture,PROCESSING,,"147-156 12 STEPHENSON, L.T., and AMANN, M.R.: ‘Effects of composition, grain size and texture of the A.C. core loss of magnetic lamination steel’.",66888,66895,,,texture,,,texture
21,anisotropy,PROCESSING,,"C o d , 1984, p. 197 15 British Standard 6404, Section 8.4, 1986: ‘Specification for cold- rolled, non-oriented, magnetic steel sheet delivered in the fully annealed state’ 16 PAGE, J.H.R.: ‘The effects of crystallographic orientation on the magnetic anisotropy of 3% silicon non-oriented steels’, Proc.",67752,67762,,,anisotropy,,,anisotropy
21,3% silicon,SI_CONTENT,NGO,"C o d , 1984, p. 197 15 British Standard 6404, Section 8.4, 1986: ‘Specification for cold- rolled, non-oriented, magnetic steel sheet delivered in the fully annealed state’ 16 PAGE, J.H.R.: ‘The effects of crystallographic orientation on the magnetic anisotropy of 3% silicon non-oriented steels’, Proc.",67766,67776,3.0,%,3.0 %,,,3% silicon
21,recrystallisation,PROCESSING,,"pp. 23-29 21 MAY, I.E., and TURNBULL, D.: ’Secondary recrystallisation in silicon iron’, Trans. AIME, 1957,212, pp, 769-781 22 CARLBERG, P.M.: ‘Soft magnetic materials for the electrical industry.",68472,68489,,,recrystallisation,,,recrystallisation
21,Surahammars Bruk,PRODUCER,,"Surahammars Bruk (Sweden) Report, 1987 IEE PROCEEDINGS, Vol. 137,",68660,68676,,,Surahammars Bruk,,,Surahammars Bruk
21,texture,PROCESSING,,"1222-1228 25 SZYMURA, S., and WYSLOCKI, B.: ‘The influence of the insulat- ing coating on magnetic properties of Fe-3.2% Si with varying amounts of (llO)[OOl] texture’, Acta Phys.",69325,69332,,,texture,,,texture
21,3% Si,SI_CONTENT,UNSPECIFIED,"627-531 26 WASHKO, S.D., and CHOBY, E.G.: ‘Evidence for the effectiveness of stress coating in improving the magnetic properties of high per- meability 3% Si Fe’, IEEE Trans., 1979, MAG15, (6), pp.",69524,69529,3.0,%,3.0 %,,,3% Si
21,grain-oriented silicon steel,COMPETING_MATERIAL,,"14-17 28 HONMA, K.: ‘Development of grain-oriented silicon steel’.",69803,69831,,,grain-oriented silicon steel,,,grain-oriented electric steel
21,3% silicon,SI_CONTENT,UNSPECIFIED,"ClGRE Study Committee 12, Report, 1983 Colloquium 29 HAYES, D.M., and WOLFORD, D.S.: US Patent 2,234,968, 1924 30 FIEDLER, A., and PEPPERHOFF, W.: ‘US patent 3,647,575, 1972 31 YAMAMOTO, T., and TAGUCHI, S.: The effect of tensile stress on total loss of grain-oriented 3% silicon-iron’, Proc.",70103,70113,3.0,%,3.0 %,,,3% silicon
21,domain refinement,PROCESSING,,"13&139 34 PFUTZNER, H., and ZEHETBAUER, M.: ‘On the mechanism of domain refinement due to scratching’.",70586,70603,,,domain refinement,,,domain refinement
21,3% Si,SI_CONTENT,UNSPECIFIED,"241C-2412 36 KRAUSE, R.F., RAUCH, G.G., KASNER, W.H., and MILLER, R.A.: ‘Effect of laser scribing on the mametic prowrties and domain structure of high permeabilzy 3% Si-F?, J. AppLPhys., 1984,55, (6), 37 BECKLEY, P., SNELL, D., and LOCHHART, C.: ‘Domain control by spark ablation’, J. Appl.",71047,71052,3.0,%,3.0 %,,,3% Si
21,3% Si,SI_CONTENT,UNSPECIFIED,"153-155 39 YABUMOTO, M., KOBAYASHI, H., NOZAWA, T., HIROSE, K., and TAKAHASHI, N.: ‘Heat proof domain refining method using chemically etched pits on the surface of grain oriented 3% Si-Fe’, IEEE Trans, 1987, MAG23, (9, pp.",71566,71571,3.0,%,3.0 %,,,3% Si
21,3% Si,SI_CONTENT,UNSPECIFIED,"3062-3061 40 KOBAYASHI, H., KUROKI, K., SASAKI, E., IWASAKI, M., and TAKAHASHI, N.: ‘Heat proof domain refining method using com- bination of local strain and heat treatment for grain oriented 3% Si-Fe‘, Physica Scripta, 1988, TU, pp.",71803,71808,3.0,%,3.0 %,,,3% Si
21,3% Si,SI_CONTENT,UNSPECIFIED,"490-495 44 FUKUDA, B., SATOH, K., ICHIDA, T., ITOH, Y., and SHIMIN- AKA, H.: ‘Effects of surface coating on domain structure in grain oriented 3% Si-Fe’, IEEE Trans., 1981, 17, (6), pp.",72450,72455,3.0,%,3.0 %,,,3% Si
21,amorphous metal,COMPETING_MATERIAL,,"4248 55 NORIN, E.M.: ‘Powercore amorphous metal consolidated strip’, Proc.",74204,74219,,,amorphous metal,,,amorphous alloy
21,power transformer,APPLICATION,,"3587-3589 57 SHEPPARD, H.R., and LIN, K.C.: ‘Strain sensitivity of leading edge power transformer wre materials’, Proc.",74627,74644,,,power transformer,,,power transformer
21,6% silicon,SI_CONTENT,UNSPECIFIED,"Paper DP-05, Intermg Con/., Brighton, UK 1990 60 NARITA, K., and YAMISHIRO, Y.: ‘Recent research on magnetic properties of rapidly quenched iron system alloy containing around 6% silicon’, IEEE Trans., 1980, MAG-16, pp.",75135,75145,6.0,%,6.0 %,,,6% silicon
21,grain-oriented silicon steel,COMPETING_MATERIAL,,"HH.. and OKAMOTO, M.: ‘Recent development of grain-oriented silicon steel’, in ‘Rapidly quenched metals’ (Elsvier Science Publishers B.V., 1985), pp.",76024,76052,,,grain-oriented silicon steel,,,grain-oriented electric steel
21,amorphous alloy,COMPETING_MATERIAL,,"Rev., 1985, 216, (7), p. 189 68 SATO, T., OZAWA, T., and YAMADA, T.: ‘Production and mag- netic oroverties of thick amorphous alloy ribbon’, Proc.",76506,76521,,,amorphous alloy,,,amorphous alloy
21,Goss texture,PROCESSING,,"Cbnf., SMM9, Madrid,-1989, Paper 3.05 69 LIZZI, T., NARASIMHAN, K.S.V.L., and DULIS, E.J.: ‘The devel- oDment of Goss texture in Fe-6.5% -2% Ni’, IEEE Trans., 1986, MAG-22, (5).",76668,76680,,,Goss texture,,,Goss texture
22,JFE Steel,PRODUCER,,"2430–2435 Recent development of non-oriented electrical steel sheet for automobile electrical devices Yoshihiko Oda, Masaaki Kohno, Atsuhito Honda Steel Research Rabolatory, JFE Steel Corporation, Kawasakidori 1-chome, Mizushima, Kurashiki 712-8511, Japan Available online 6 April 2008",230,239,,,JFE Steel,,,JFE Steel
22,HEV,APPLICATION,,They are suitable for HEV traction motors and EPS motors.,567,570,,,HEV,,,HEV
22,gradient Si steel,OOS_GRADE,,A thin-gauge electrical steel sheet and a gradient Si steel sheet show low iron loss in the high-frequency range.,645,662,,,gradient Si steel,,,gradient Si steel
22,6.5% Si steel,OOS_GRADE,,"Since a 6.5% Si steel sheet possesses low iron loss and zero magnetostriction, it contributes to reduce the core loss and audible noise of high-frequency reactors.",802,815,,,6.5% Si steel,,,6.5% Si steel
22,HEV traction motor,APPLICATION,,PACS: 75.50.Bb; 75.60.d Keywords: Non-oriented electrical steel; HEV traction motor; Thin-gauge electrical steel sheet; High Si steel; EPS motor 1.,1066,1084,,,HEV traction motor,,,HEV traction motor
22,EPS motor,APPLICATION,,PACS: 75.50.Bb; 75.60.d Keywords: Non-oriented electrical steel; HEV traction motor; Thin-gauge electrical steel sheet; High Si steel; EPS motor 1.,1136,1145,,,EPS motor,,,EPS motor
22,hybrid electric vehicle,APPLICATION,,"Moreover, a hybrid electric vehicle (HEV) has been developed, and the market is being expanded.",1606,1629,,,hybrid electric vehicle,,,hybrid electric vehicle
22,HEV,APPLICATION,,"Moreover, a hybrid electric vehicle (HEV) has been developed, and the market is being expanded.",1631,1634,,,HEV,,,HEV
22,HEV,APPLICATION,,"In an HEV, some high-frequency electrical devices such as traction motors, generators, air conditioner motors and reactors are used.",1696,1699,,,HEV,,,HEV
22,HEV,APPLICATION,,"In this paper, recent developments of non-oriented electrical steel sheet for automobile electrical devices, such as HEV traction motors, EPS motors and high-frequency reactors, are reviewed and discussed.",2116,2119,,,HEV,,,HEV
22,HEV,APPLICATION,,2. Electrical steel sheet for HEV traction motors HEVs typically combine the internal combustion engine of conventional automobiles with the battery and electric motor of electric vehicles.,2235,2238,,,HEV,,,HEV
22,HEV,APPLICATION,,"So, in response to rising energy costs and increased emission regulations worldwide, an HEV market is being expanded.",2648,2651,,,HEV,,,HEV
22,traction motor,APPLICATION,,"In HEVs, a traction motor is the key device to improve fuel consumption and traction performance.",2689,2703,,,traction motor,,,traction motor
22,HEV,APPLICATION,,Requirements for HEV traction motors and core material Fig. 1 shows the required properties of HEV traction motors and electrical steel sheet used as the motor core material.,2886,2889,,,HEV,,,HEV
22,HEV,APPLICATION,,Requirements for HEV traction motors and core material Fig. 1 shows the required properties of HEV traction motors and electrical steel sheet used as the motor core material.,2964,2967,,,HEV,,,HEV
22,HEV,APPLICATION,,"When starting and accelerating automobiles, a high torque is required for HEV traction motors, hence, a high magnetic ﬂux density is needed for electrical steel sheet.",3118,3121,,,HEV,,,HEV
22,IPM,APPLICATION,,"In order to satisfy such demands, the interior permanent magnet (IPM) type motor is mainly used in Japan.",3787,3790,,,IPM,,,IPM
22,IPM,APPLICATION,,"However, in the IPM type motor, the bridge of the rotor core is under extreme strain due to centrifugal force at high speed.",3844,3847,,,IPM,,,IPM
22,bridge,APPLICATION,,"However, in the IPM type motor, the bridge of the rotor core is under extreme strain due to centrifugal force at high speed.",3864,3870,,,bridge,,,bridge
22,rotor core,APPLICATION,,"However, in the IPM type motor, the bridge of the rotor core is under extreme strain due to centrifugal force at high speed.",3878,3888,,,rotor core,,,rotor core
22,HEV,APPLICATION,,"Non-oriented electrical steel sheet for HEV traction motors To reduce iron loss of non-oriented electrical steel sheets, a Si addition is effective, because Si increases electrical resistivity and reduces magnetic anisotropy.",4102,4105,,,HEV,,,HEV
22,anisotropy,PROCESSING,,"Non-oriented electrical steel sheet for HEV traction motors To reduce iron loss of non-oriented electrical steel sheets, a Si addition is effective, because Si increases electrical resistivity and reduces magnetic anisotropy.",4276,4286,,,anisotropy,,,anisotropy
22,HEV,APPLICATION,,"Therefore, the JNE-series greatly contributes to reducing the size and increasing the torque of HEV traction motors.",5428,5431,,,HEV,,,HEV
22,punching,PROCESSING,,"This low hardness makes the punching operation easier, thus reducing the wear on the customer’s punching dies.",5731,5739,,,punching,,,punching
22,punching,PROCESSING,,"This low hardness makes the punching operation easier, thus reducing the wear on the customer’s punching dies.",5799,5807,,,punching,,,punching
22,HEV,APPLICATION,,"Thin-gauge electrical steel sheets for high-frequency motors From the viewpoint of compactness and higher outputs of HEV traction motors and generators, an increase of the maximum motor speed is expected in the future, so the excitation frequency of the core material will rise.",5936,5939,,,HEV,,,HEV
22,HEV traction motor,APPLICATION,,"For this reason, it is expected that low iron loss in the high- frequency range is necessary for an HEV traction motor’s core materials.",6198,6216,,,HEV traction motor,,,HEV traction motor
22,HEV,APPLICATION,,1. Demands for HEV motors and core materials.,6774,6777,,,HEV,,,HEV
22,B50,FLUX_DENSITY,UNSPECIFIED,1.62 1.64 1.66 1.68 1.70 1.72 1.74 1.76 B50 (T) W10/400 (W/kg) 35JN-series JIS Grade 0.35mm thick 35JNE-series 30 25 15 20 10 Fig.,6845,6848,,notation,B50,,,B50
22,W10/400,CORE_LOSS,UNSPECIFIED,1.62 1.64 1.66 1.68 1.70 1.72 1.74 1.76 B50 (T) W10/400 (W/kg) 35JN-series JIS Grade 0.35mm thick 35JNE-series 30 25 15 20 10 Fig.,6853,6860,,notation,W10/400,,,W10/400
22,W10/400,CORE_LOSS,UNSPECIFIED,120 140 160 180 200 220 240 HV W10/400 (W/kg) 35JN-series JIS Grade 0.35mm thick 35JNE-series 30 25 20 15 10 Fig.,7058,7065,,notation,W10/400,,,W10/400
22,W10/400,CORE_LOSS,UNSPECIFIED,"From this ﬁgure, it can be understood that the decrease of the thickness from 0.35 to 0.20 mm results in the 25–30% reduction of W10/400.",8022,8029,,notation,W10/400,,,W10/400
22,EPS motor,APPLICATION,,"However, its steering response is inferior to the hydraulic power steering system due to the friction torque of the EPS motor when a driver released the steering wheel",8991,9000,,,EPS motor,,,EPS motor
22,JNE-Core,GRADE_BRAND,,"The hysteresis loss of the JNE-Core, shown in Fig. 7, has been decreased by optimizing ferrite grain size ARTICLE IN PRESS 40",9620,9628,,,JNE-Core,,,JNE-Core
22,ferrite,COMPETING_MATERIAL,,"The hysteresis loss of the JNE-Core, shown in Fig. 7, has been decreased by optimizing ferrite grain size ARTICLE IN PRESS 40",9680,9687,,,ferrite,,,ferrite
22,W10/1k,CORE_LOSS,UNSPECIFIED,50 60 70 80 90 100 1.80 1.85 1.90 1.95 2.00 2.05 W10/1k (W/kg),9768,9774,,notation,W10/1k,,,W10/1k
22,B50,FLUX_DENSITY,UNSPECIFIED,1.62 1.64 1.66 1.68 1.70 1.72 1.74 1.76 B50 (T) W10/400 (W/kg) 35JN-series JIS Grade 0.35mm thick 35JNE-series 0.35mm thick Thin-gauge electrical steel sheet(0.20mm) 0.30mm 25 20 15 10 5 Fig.,9987,9990,,notation,B50,,,B50
22,W10/400,CORE_LOSS,UNSPECIFIED,1.62 1.64 1.66 1.68 1.70 1.72 1.74 1.76 B50 (T) W10/400 (W/kg) 35JN-series JIS Grade 0.35mm thick 35JNE-series 0.35mm thick Thin-gauge electrical steel sheet(0.20mm) 0.30mm 25 20 15 10 5 Fig.,9995,10002,,notation,W10/400,,,W10/400
22,W15/50,CORE_LOSS,UNSPECIFIED,Hysteresis loss(J/kg) W15/50 (W/kg) JIS grade (0.50mm) JNE series (0.50mm) 3.4 3.2 3.0 2.8 2.6 2.4 2.2 Fig.,10456,10462,,notation,W15/50,,,W15/50
22,EPS motor,APPLICATION,,"Because of this, the JNE- Core is expected to be suitable as core material for an EPS motor.",10828,10837,,,EPS motor,,,EPS motor
22,JNE-Core,GRADE_BRAND,,"8 shows the friction torque of brush DC motors, which were fabricated by using JNE-Core [4].",10923,10931,,,JNE-Core,,,JNE-Core
22,50A1000,GRADE,UNSPECIFIED,The friction torque is expressed as a ratio with that of the conventional 50A1000 grade material used a base value.,11011,11018,,,50A1000,,,50A1000
22,JNE-Core,GRADE_BRAND,,The JNE-Core exhibits a friction torque of about 60% that of the conventional material.,11057,11065,,,JNE-Core,,,JNE-Core
22,boost converter,APPLICATION,,"4. High Si steel sheets for reactors Some HEVs are equipped with a boost converter for power conversion, and a reactor plays an important role in the boost converters.",11311,11326,,,boost converter,,,boost converter
22,reactor,APPLICATION,,"4. High Si steel sheets for reactors Some HEVs are equipped with a boost converter for power conversion, and a reactor plays an important role in the boost converters.",11355,11362,,,reactor,,,reactor
22,reactor,APPLICATION,,"In the reactor core materials, the properties of low iron loss in the high-frequency range for compactness and weight reduction, together with low noise for quietness are required.",11419,11426,,,reactor,,,reactor
22,6.5% Si steel,OOS_GRADE,,"A 6.5% Si steel sheet is the optimum material for a reactor core, because it shows low iron loss at commercial frequencies (50/60 Hz) and at higher frequencies, and almost zero magnetostriction",11595,11608,,,6.5% Si steel,,,6.5% Si steel
22,reactor,APPLICATION,,"A 6.5% Si steel sheet is the optimum material for a reactor core, because it shows low iron loss at commercial frequencies (50/60 Hz) and at higher frequencies, and almost zero magnetostriction",11645,11652,,,reactor,,,reactor
22,high Si steel,OOS_GRADE,,"However, the ductility of the steel rapidly decreases with increasing Si contents, so it is difﬁcult to produce high Si steel by a cold rolling.",11904,11917,,,high Si steel,,,high Si steel
22,cold rolling,PROCESSING,,"However, the ductility of the steel rapidly decreases with increasing Si contents, so it is difﬁcult to produce high Si steel by a cold rolling.",11923,11935,,,cold rolling,,,cold rolling
22,6.5% Si steel,OOS_GRADE,,"For this reason, production of 6.5% Si steel sheet at the industrial level had been difﬁcult.",11968,11981,,,6.5% Si steel,,,6.5% Si steel
22,JFE Steel,PRODUCER,,"To solve this problem, JFE Steel has successfully developed a chemical vapor deposition (CVD) process to manufacture thin sheets containing 6.5% Si",12054,12063,,,JFE Steel,,,JFE Steel
22,6.5% Si,SI_CONTENT,UNSPECIFIED,"To solve this problem, JFE Steel has successfully developed a chemical vapor deposition (CVD) process to manufacture thin sheets containing 6.5% Si",12171,12178,6.5,%,6.5 %,,,6.5% Si
22,6.5% Si steel,OOS_GRADE,,Table 1 shows magnetic properties of 6.5% Si steel.,12221,12234,,,6.5% Si steel,,,6.5% Si steel
22,grain-oriented steel,COMPETING_MATERIAL,,Thin-gauge grain-oriented steel sheet shows high magnetic ﬂux density.,12247,12267,,,grain-oriented steel,,,grain-oriented electric steel
22,Fe-based amorphous alloy,COMPETING_MATERIAL,,"On the other hand, Fe-based amorphous alloy possesses low iron loss over the entire frequency range because the sheet thickness is extremely thin and the resistivity is high.",12407,12431,,,Fe-based amorphous alloy,,,Fe-based amorphous
22,reactor,APPLICATION,,"However, because its magnetic ﬂux density is low and magnetostriction is large, this material has problems related to downsizing and audible noise in reactor applications.",12713,12720,,,reactor,,,reactor
22,6.5% Si steel,OOS_GRADE,,"In comparison with these materials, the 6.5% Si steel sheet shows an excellent balance of iron loss and magnetic ﬂux density, and it also possesses almost zero magnetostriction.",12775,12788,,,6.5% Si steel,,,6.5% Si steel
22,6.5% Si steel,OOS_GRADE,,The thickness of the 6.5% Si steel and grain-oriented electrical steel is 0.1 mm and the Fe-based amorphous alloy is 0.025 mm.,13028,13041,,,6.5% Si steel,,,6.5% Si steel
22,grain-oriented electrical steel,COMPETING_MATERIAL,,The thickness of the 6.5% Si steel and grain-oriented electrical steel is 0.1 mm and the Fe-based amorphous alloy is 0.025 mm.,13046,13077,,,grain-oriented electrical steel,,,grain-oriented electric steel
22,Fe-based amorphous alloy,COMPETING_MATERIAL,,The thickness of the 6.5% Si steel and grain-oriented electrical steel is 0.1 mm and the Fe-based amorphous alloy is 0.025 mm.,13096,13120,,,Fe-based amorphous alloy,,,Fe-based amorphous
22,6.5% Si steel,OOS_GRADE,,"Because of zero magnetostriction, the noise generated by 6.5% Si steel is ARTICLE IN PRESS Table 1 Magnetic properties of 6.5% Si steel sheet Materials Thickness (mm) Saturation magnetization (T) Iron loss (W/kg) Maximum relative permeability Magnetostriction l10/400(  106)",13399,13412,,,6.5% Si steel,,,6.5% Si steel
22,6.5% Si steel,OOS_GRADE,,"Because of zero magnetostriction, the noise generated by 6.5% Si steel is ARTICLE IN PRESS Table 1 Magnetic properties of 6.5% Si steel sheet Materials Thickness (mm) Saturation magnetization (T) Iron loss (W/kg) Maximum relative permeability Magnetostriction l10/400(  106)",13464,13477,,,6.5% Si steel,,,6.5% Si steel
22,W10/50,CORE_LOSS,AMBIGUOUS,"W10/50 W10/400 W1/10k 6.5% Si steel 0.10 1.80 0.51 5.7 8.3 23,000 0.1 Grain-oriented electrical steel sheet Si 3 wt% 0.10 2.00 0.72 7.2 18.0 24,000 0.8 0.23 2.00 0.29 7.8 30.0 92,000 Non-oriented electrical steel sheet Si 3 wt% 0.20 2.00 0.74 10.4 24.0 15,000 7.8 0.35 2.00 0.70 14.4 33.0 18,000 Fe-based amorphous 0.025 1.50 0.11 1.5 3.0 300,000 27 EPS type: column Motor type: brush DC 50A1000 50A700 50JNE300 0.0 0.2 0.4 0.6 1.0 0.8 1.2 Friction torque (50A1000=1)",13619,13625,,notation,W10/50,,,W10/50
22,W10/400,CORE_LOSS,AMBIGUOUS,"W10/50 W10/400 W1/10k 6.5% Si steel 0.10 1.80 0.51 5.7 8.3 23,000 0.1 Grain-oriented electrical steel sheet Si 3 wt% 0.10 2.00 0.72 7.2 18.0 24,000 0.8 0.23 2.00 0.29 7.8 30.0 92,000 Non-oriented electrical steel sheet Si 3 wt% 0.20 2.00 0.74 10.4 24.0 15,000 7.8 0.35 2.00 0.70 14.4 33.0 18,000 Fe-based amorphous 0.025 1.50 0.11 1.5 3.0 300,000 27 EPS type: column Motor type: brush DC 50A1000 50A700 50JNE300 0.0 0.2 0.4 0.6 1.0 0.8 1.2 Friction torque (50A1000=1)",13626,13633,,notation,W10/400,,,W10/400
22,W1/10k,CORE_LOSS,AMBIGUOUS,"W10/50 W10/400 W1/10k 6.5% Si steel 0.10 1.80 0.51 5.7 8.3 23,000 0.1 Grain-oriented electrical steel sheet Si 3 wt% 0.10 2.00 0.72 7.2 18.0 24,000 0.8 0.23 2.00 0.29 7.8 30.0 92,000 Non-oriented electrical steel sheet Si 3 wt% 0.20 2.00 0.74 10.4 24.0 15,000 7.8 0.35 2.00 0.70 14.4 33.0 18,000 Fe-based amorphous 0.025 1.50 0.11 1.5 3.0 300,000 27 EPS type: column Motor type: brush DC 50A1000 50A700 50JNE300 0.0 0.2 0.4 0.6 1.0 0.8 1.2 Friction torque (50A1000=1)",13634,13640,,notation,W1/10k,,,W1/10k
22,6.5% Si steel,OOS_GRADE,,"W10/50 W10/400 W1/10k 6.5% Si steel 0.10 1.80 0.51 5.7 8.3 23,000 0.1 Grain-oriented electrical steel sheet Si 3 wt% 0.10 2.00 0.72 7.2 18.0 24,000 0.8 0.23 2.00 0.29 7.8 30.0 92,000 Non-oriented electrical steel sheet Si 3 wt% 0.20 2.00 0.74 10.4 24.0 15,000 7.8 0.35 2.00 0.70 14.4 33.0 18,000 Fe-based amorphous 0.025 1.50 0.11 1.5 3.0 300,000 27 EPS type: column Motor type: brush DC 50A1000 50A700 50JNE300 0.0 0.2 0.4 0.6 1.0 0.8 1.2 Friction torque (50A1000=1)",13641,13654,,,6.5% Si steel,,,6.5% Si steel
22,Fe-based amorphous,COMPETING_MATERIAL,,"W10/50 W10/400 W1/10k 6.5% Si steel 0.10 1.80 0.51 5.7 8.3 23,000 0.1 Grain-oriented electrical steel sheet Si 3 wt% 0.10 2.00 0.72 7.2 18.0 24,000 0.8 0.23 2.00 0.29 7.8 30.0 92,000 Non-oriented electrical steel sheet Si 3 wt% 0.20 2.00 0.74 10.4 24.0 15,000 7.8 0.35 2.00 0.70 14.4 33.0 18,000 Fe-based amorphous 0.025 1.50 0.11 1.5 3.0 300,000 27 EPS type: column Motor type: brush DC 50A1000 50A700 50JNE300 0.0 0.2 0.4 0.6 1.0 0.8 1.2 Friction torque (50A1000=1)",13916,13934,,,Fe-based amorphous,,,Fe-based amorphous
22,50A1000,GRADE,AMBIGUOUS,"W10/50 W10/400 W1/10k 6.5% Si steel 0.10 1.80 0.51 5.7 8.3 23,000 0.1 Grain-oriented electrical steel sheet Si 3 wt% 0.10 2.00 0.72 7.2 18.0 24,000 0.8 0.23 2.00 0.29 7.8 30.0 92,000 Non-oriented electrical steel sheet Si 3 wt% 0.20 2.00 0.74 10.4 24.0 15,000 7.8 0.35 2.00 0.70 14.4 33.0 18,000 Fe-based amorphous 0.025 1.50 0.11 1.5 3.0 300,000 27 EPS type: column Motor type: brush DC 50A1000 50A700 50JNE300 0.0 0.2 0.4 0.6 1.0 0.8 1.2 Friction torque (50A1000=1)",14008,14015,,,50A1000,,,50A1000
22,50A700,GRADE,AMBIGUOUS,"W10/50 W10/400 W1/10k 6.5% Si steel 0.10 1.80 0.51 5.7 8.3 23,000 0.1 Grain-oriented electrical steel sheet Si 3 wt% 0.10 2.00 0.72 7.2 18.0 24,000 0.8 0.23 2.00 0.29 7.8 30.0 92,000 Non-oriented electrical steel sheet Si 3 wt% 0.20 2.00 0.74 10.4 24.0 15,000 7.8 0.35 2.00 0.70 14.4 33.0 18,000 Fe-based amorphous 0.025 1.50 0.11 1.5 3.0 300,000 27 EPS type: column Motor type: brush DC 50A1000 50A700 50JNE300 0.0 0.2 0.4 0.6 1.0 0.8 1.2 Friction torque (50A1000=1)",14016,14022,,,50A700,,,50A700
22,50JNE300,GRADE,AMBIGUOUS,"W10/50 W10/400 W1/10k 6.5% Si steel 0.10 1.80 0.51 5.7 8.3 23,000 0.1 Grain-oriented electrical steel sheet Si 3 wt% 0.10 2.00 0.72 7.2 18.0 24,000 0.8 0.23 2.00 0.29 7.8 30.0 92,000 Non-oriented electrical steel sheet Si 3 wt% 0.20 2.00 0.74 10.4 24.0 15,000 7.8 0.35 2.00 0.70 14.4 33.0 18,000 Fe-based amorphous 0.025 1.50 0.11 1.5 3.0 300,000 27 EPS type: column Motor type: brush DC 50A1000 50A700 50JNE300 0.0 0.2 0.4 0.6 1.0 0.8 1.2 Friction torque (50A1000=1)",14023,14031,,,50JNE300,,,50JNE300
22,6.5% Si steel,OOS_GRADE,,25 30 35 40 45 50 55 60 65 0.2 0.4 0.6 0.8 1.0 Noise level (dB) Magneticflux density (T) (0.1mm) (0.1mm) 6.5% Si steel electrical steel Grain oriented (0.025mm) Amorphous Fig.,14307,14320,,,6.5% Si steel,,,6.5% Si steel
22,grain-oriented electrical steel,COMPETING_MATERIAL,,2430–2435 2433 extremely low in comparison with grain-oriented electrical steel sheet and amorphous alloy.,14532,14563,,,grain-oriented electrical steel,,,grain-oriented electric steel
22,amorphous alloy,COMPETING_MATERIAL,,2430–2435 2433 extremely low in comparison with grain-oriented electrical steel sheet and amorphous alloy.,14574,14589,,,amorphous alloy,,,amorphous alloy
22,6.5% Si steel,OOS_GRADE,,"In motor core applications, 6.5% Si steel with low iron loss in the high-frequency range is also suitable for stator core material of high-speed motors, such as HEV traction motors and turbocharger motors.",14619,14632,,,6.5% Si steel,,,6.5% Si steel
22,stator core,APPLICATION,,"In motor core applications, 6.5% Si steel with low iron loss in the high-frequency range is also suitable for stator core material of high-speed motors, such as HEV traction motors and turbocharger motors.",14701,14712,,,stator core,,,stator core
22,HEV,APPLICATION,,"In motor core applications, 6.5% Si steel with low iron loss in the high-frequency range is also suitable for stator core material of high-speed motors, such as HEV traction motors and turbocharger motors.",14752,14755,,,HEV,,,HEV
22,JFE Steel,PRODUCER,,JFE Steel has also developed a gradient Si steel sheet using the CVD process.,14797,14806,,,JFE Steel,,,JFE Steel
22,gradient Si steel,OOS_GRADE,,JFE Steel has also developed a gradient Si steel sheet using the CVD process.,14828,14845,,,gradient Si steel,,,gradient Si steel
22,gradient Si steel,OOS_GRADE,,10 shows the schematic diagram of silicon proﬁle in a cross section of gradient Si steel.,14951,14968,,,gradient Si steel,,,gradient Si steel
22,gradient Si steel,OOS_GRADE,,"In gradient Si steel sheet, the Si content is 6.5 mass% at the surface layer and 3 mass% at the sheet center.",14973,14990,,,gradient Si steel,,,gradient Si steel
22,amorphous alloy,COMPETING_MATERIAL,,"With certain modiﬁcation in its thickness, the sheet exhibits excellent high-frequency iron loss superior to those of an amorphous alloy.",15201,15216,,,amorphous alloy,,,amorphous alloy
22,gradient Si steel,OOS_GRADE,,11 shows the iron loss of the gradient Si steel sheet in comparison with 6.5% Si steel.,15253,15270,,,gradient Si steel,,,gradient Si steel
22,6.5% Si steel,OOS_GRADE,,11 shows the iron loss of the gradient Si steel sheet in comparison with 6.5% Si steel.,15296,15309,,,6.5% Si steel,,,6.5% Si steel
22,gradient Si steel,OOS_GRADE,,The gradient Si steel shows lower iron loss than the 6.5% Si steel sheet in the high-frequency range above 10 kHz.,15315,15332,,,gradient Si steel,,,gradient Si steel
22,6.5% Si steel,OOS_GRADE,,The gradient Si steel shows lower iron loss than the 6.5% Si steel sheet in the high-frequency range above 10 kHz.,15364,15377,,,6.5% Si steel,,,6.5% Si steel
22,6.5% Si steel,OOS_GRADE,,12 shows hyster- esis loss and eddy current loss of 6.5% Si steel and gradient Si steel.,15483,15496,,,6.5% Si steel,,,6.5% Si steel
22,gradient Si steel,OOS_GRADE,,12 shows hyster- esis loss and eddy current loss of 6.5% Si steel and gradient Si steel.,15501,15518,,,gradient Si steel,,,gradient Si steel
22,gradient Si steel,OOS_GRADE,,The hysteresis loss of gradient Si steel sheet is higher than that of the 6.5% Si steel sheet.,15543,15560,,,gradient Si steel,,,gradient Si steel
22,6.5% Si steel,OOS_GRADE,,The hysteresis loss of gradient Si steel sheet is higher than that of the 6.5% Si steel sheet.,15594,15607,,,6.5% Si steel,,,6.5% Si steel
22,gradient Si steel,OOS_GRADE,,"In gradient Si steel, the magnetostriction of the surface layer is lower than that of the core, so when gradient Si steel is magnetized an internal stress is induced.",15618,15635,,,gradient Si steel,,,gradient Si steel
22,gradient Si steel,OOS_GRADE,,"In gradient Si steel, the magnetostriction of the surface layer is lower than that of the core, so when gradient Si steel is magnetized an internal stress is induced.",15719,15736,,,gradient Si steel,,,gradient Si steel
22,gradient Si steel,OOS_GRADE,,"However, the eddy current loss of the gradient Si steel sheet is lower than that of 6.5% Si steel sheet.",15876,15893,,,gradient Si steel,,,gradient Si steel
22,6.5% Si steel,OOS_GRADE,,"However, the eddy current loss of the gradient Si steel sheet is lower than that of 6.5% Si steel sheet.",15922,15935,,,6.5% Si steel,,,6.5% Si steel
22,gradient Si steel,OOS_GRADE,,"This is because that magnetic ﬂux has been increased at the sheet surface in gradient Si steel, thereby effectively reducing eddy current loss as a result of the skin effect created by the compositional difference.",16020,16037,,,gradient Si steel,,,gradient Si steel
22,gradient Si steel,OOS_GRADE,,The gradient Si steel is suitable for high-speed motors for electric and hybrid electric vehicles and high-frequency reactors for boost converters.,16162,16179,,,gradient Si steel,,,gradient Si steel
22,JNE-Core,GRADE_BRAND,,"The main points of this paper have been able to summarized as follows: (1) Non-oriented steel sheet for energy efﬁcient motors, JNE-Core, has high magnetic ﬂux density, low iron loss, and excellent punchability.",16544,16552,,,JNE-Core,,,JNE-Core
22,punchability,PROCESSING,,"The main points of this paper have been able to summarized as follows: (1) Non-oriented steel sheet for energy efﬁcient motors, JNE-Core, has high magnetic ﬂux density, low iron loss, and excellent punchability.",16614,16626,,,punchability,,,punchability
22,JNE-Core,GRADE_BRAND,,Using JNE-Core as core material of HEV traction motors can reduce the motor size and improve the motor’s torque.,16634,16642,,,JNE-Core,,,JNE-Core
22,HEV,APPLICATION,,Using JNE-Core as core material of HEV traction motors can reduce the motor size and improve the motor’s torque.,16663,16666,,,HEV,,,HEV
22,JNE-Core,GRADE_BRAND,,"(2) JNE-Core shows low hysteresis loss, therefore it can reduce the friction torque of an EPS motor.",16745,16753,,,JNE-Core,,,JNE-Core
22,EPS motor,APPLICATION,,"(2) JNE-Core shows low hysteresis loss, therefore it can reduce the friction torque of an EPS motor.",16831,16840,,,EPS motor,,,EPS motor
22,6.5% Si steel,OOS_GRADE,,"(4) The 6.5% Si steel sheet possesses an almost zero magnetostriction, making it possible to realize a large reduction in audible noise in high-frequency reactors.",16993,17006,,,6.5% Si steel,,,6.5% Si steel
22,Kawasaki Steel,PRODUCER,,"References [1] K. Sakai, M. Kawano, T. Fujiyama, Kawasaki Steel Technical Report.",17735,17749,,,Kawasaki Steel,,,Kawasaki Steel
22,gradient Si steel,OOS_GRADE,,Silicon proﬁle in a cross section of gradient Si steel. 0,17903,17920,,,gradient Si steel,,,gradient Si steel
22,W10/400,CORE_LOSS,COMPETITOR,5 10 15 20 25 W10/400 6.5%Si steel Gradient Si steel Iron loss (W/kg) Thickness:0.10mm W0.5/20k W1/10k W2/5k W5/2k Fig.,17938,17945,,notation,W10/400,,,W10/400
22,6.5%Si steel,OOS_GRADE,,5 10 15 20 25 W10/400 6.5%Si steel Gradient Si steel Iron loss (W/kg) Thickness:0.10mm W0.5/20k W1/10k W2/5k W5/2k Fig.,17946,17958,,,6.5%Si steel,,,6.5%Si steel
22,W0.5/20k,CORE_LOSS,COMPETITOR,5 10 15 20 25 W10/400 6.5%Si steel Gradient Si steel Iron loss (W/kg) Thickness:0.10mm W0.5/20k W1/10k W2/5k W5/2k Fig.,18011,18019,,notation,W0.5/20k,,,W0.5/20k
22,W1/10k,CORE_LOSS,COMPETITOR,5 10 15 20 25 W10/400 6.5%Si steel Gradient Si steel Iron loss (W/kg) Thickness:0.10mm W0.5/20k W1/10k W2/5k W5/2k Fig.,18020,18026,,notation,W1/10k,,,W1/10k
22,W2/5k,CORE_LOSS,COMPETITOR,5 10 15 20 25 W10/400 6.5%Si steel Gradient Si steel Iron loss (W/kg) Thickness:0.10mm W0.5/20k W1/10k W2/5k W5/2k Fig.,18027,18032,,notation,W2/5k,,,W2/5k
22,W5/2k,CORE_LOSS,COMPETITOR,5 10 15 20 25 W10/400 6.5%Si steel Gradient Si steel Iron loss (W/kg) Thickness:0.10mm W0.5/20k W1/10k W2/5k W5/2k Fig.,18033,18038,,notation,W5/2k,,,W5/2k
22,gradient Si steel,OOS_GRADE,,High-frequency iron loss of gradient Si steel.,18076,18093,,,gradient Si steel,,,gradient Si steel
22,W1/10k,CORE_LOSS,COMPETITOR,0 2 4 6 8 10 12 Hysteresis loss Eddy current loss Iron loss (W/kg) W1/10k W0.5/20k 6.5%Si steel Gradient Si steel 6.5%Si steel Gradient Si steel Fig.,18162,18168,,notation,W1/10k,,,W1/10k
22,W0.5/20k,CORE_LOSS,COMPETITOR,0 2 4 6 8 10 12 Hysteresis loss Eddy current loss Iron loss (W/kg) W1/10k W0.5/20k 6.5%Si steel Gradient Si steel 6.5%Si steel Gradient Si steel Fig.,18169,18177,,notation,W0.5/20k,,,W0.5/20k
22,6.5%Si steel,OOS_GRADE,,0 2 4 6 8 10 12 Hysteresis loss Eddy current loss Iron loss (W/kg) W1/10k W0.5/20k 6.5%Si steel Gradient Si steel 6.5%Si steel Gradient Si steel Fig.,18178,18190,,,6.5%Si steel,,,6.5%Si steel
22,6.5%Si steel,OOS_GRADE,,0 2 4 6 8 10 12 Hysteresis loss Eddy current loss Iron loss (W/kg) W1/10k W0.5/20k 6.5%Si steel Gradient Si steel 6.5%Si steel Gradient Si steel Fig.,18209,18221,,,6.5%Si steel,,,6.5%Si steel
22,6.5% Si steel,OOS_GRADE,,Hysteresis loss and eddy current loss of 6.5% Si steel and gradient Si steel (thickness: 0.1 mm).,18290,18303,,,6.5% Si steel,,,6.5% Si steel
22,gradient Si steel,OOS_GRADE,,Hysteresis loss and eddy current loss of 6.5% Si steel and gradient Si steel (thickness: 0.1 mm).,18308,18325,,,gradient Si steel,,,gradient Si steel
22,NKK,PRODUCER,,"[4] Y. Oda, Y. Tanaka, N. Yamagami, A. Chino, K. Yamada, NKK Technical Review.",18648,18651,,,NKK,,,NKK
26,Nippon Steel and Sumitomo Metal,PRODUCER,,"IEEE TRANSACTIONS ON MAGNETICS, VOL. 49, NO. 6, JUNE 2013 2997 Application of High-Strength Nonoriented Electrical Steel to Interior Permanent Magnet Synchronous Motor Ichiro Tanaka , Hirokatsu Nitomi , Kenji Imanishi , Kazuo Okamura , and Hiroyoshi Yashiki Steel Research Laboratories, Nippon Steel and Sumitomo Metal Corporation, Amagasaki 660-0891, Japan Wakayama Works, Nippon Steel and Sumitomo Metal Corporation, Wakayama 640-8555, Japan We investigated the torque characteristics and the motor efﬁciency of interior permanent magnet synchronous motors (IPMSM), in which a rotor core consists of high-strength nonoriented electrical steel, as-cold-rolled nonoriented electrical steel, and conventional nonoriented electrical steel with various bridge widths.",287,318,,,Nippon Steel and Sumitomo Metal,,,Nippon Steel and Sumitomo Metal
26,Nippon Steel and Sumitomo Metal,PRODUCER,,"IEEE TRANSACTIONS ON MAGNETICS, VOL. 49, NO. 6, JUNE 2013 2997 Application of High-Strength Nonoriented Electrical Steel to Interior Permanent Magnet Synchronous Motor Ichiro Tanaka , Hirokatsu Nitomi , Kenji Imanishi , Kazuo Okamura , and Hiroyoshi Yashiki Steel Research Laboratories, Nippon Steel and Sumitomo Metal Corporation, Amagasaki 660-0891, Japan Wakayama Works, Nippon Steel and Sumitomo Metal Corporation, Wakayama 640-8555, Japan We investigated the torque characteristics and the motor efﬁciency of interior permanent magnet synchronous motors (IPMSM), in which a rotor core consists of high-strength nonoriented electrical steel, as-cold-rolled nonoriented electrical steel, and conventional nonoriented electrical steel with various bridge widths.",374,405,,,Nippon Steel and Sumitomo Metal,,,Nippon Steel and Sumitomo Metal
26,IPMSM,APPLICATION,,"IEEE TRANSACTIONS ON MAGNETICS, VOL. 49, NO. 6, JUNE 2013 2997 Application of High-Strength Nonoriented Electrical Steel to Interior Permanent Magnet Synchronous Motor Ichiro Tanaka , Hirokatsu Nitomi , Kenji Imanishi , Kazuo Okamura , and Hiroyoshi Yashiki Steel Research Laboratories, Nippon Steel and Sumitomo Metal Corporation, Amagasaki 660-0891, Japan Wakayama Works, Nippon Steel and Sumitomo Metal Corporation, Wakayama 640-8555, Japan We investigated the torque characteristics and the motor efﬁciency of interior permanent magnet synchronous motors (IPMSM), in which a rotor core consists of high-strength nonoriented electrical steel, as-cold-rolled nonoriented electrical steel, and conventional nonoriented electrical steel with various bridge widths.",560,565,,,IPMSM,,,IPMSM
26,rotor core,APPLICATION,,"IEEE TRANSACTIONS ON MAGNETICS, VOL. 49, NO. 6, JUNE 2013 2997 Application of High-Strength Nonoriented Electrical Steel to Interior Permanent Magnet Synchronous Motor Ichiro Tanaka , Hirokatsu Nitomi , Kenji Imanishi , Kazuo Okamura , and Hiroyoshi Yashiki Steel Research Laboratories, Nippon Steel and Sumitomo Metal Corporation, Amagasaki 660-0891, Japan Wakayama Works, Nippon Steel and Sumitomo Metal Corporation, Wakayama 640-8555, Japan We investigated the torque characteristics and the motor efﬁciency of interior permanent magnet synchronous motors (IPMSM), in which a rotor core consists of high-strength nonoriented electrical steel, as-cold-rolled nonoriented electrical steel, and conventional nonoriented electrical steel with various bridge widths.",579,589,,,rotor core,,,rotor core
26,bridge,APPLICATION,,"IEEE TRANSACTIONS ON MAGNETICS, VOL. 49, NO. 6, JUNE 2013 2997 Application of High-Strength Nonoriented Electrical Steel to Interior Permanent Magnet Synchronous Motor Ichiro Tanaka , Hirokatsu Nitomi , Kenji Imanishi , Kazuo Okamura , and Hiroyoshi Yashiki Steel Research Laboratories, Nippon Steel and Sumitomo Metal Corporation, Amagasaki 660-0891, Japan Wakayama Works, Nippon Steel and Sumitomo Metal Corporation, Wakayama 640-8555, Japan We investigated the torque characteristics and the motor efﬁciency of interior permanent magnet synchronous motors (IPMSM), in which a rotor core consists of high-strength nonoriented electrical steel, as-cold-rolled nonoriented electrical steel, and conventional nonoriented electrical steel with various bridge widths.",750,756,,,bridge,,,bridge
26,rotor core,APPLICATION,,"Furthermore, we analyzed deformation behavior of the rotor core during opera- tion by ﬁnite element method.",818,828,,,rotor core,,,rotor core
26,bridge,APPLICATION,,A reduction in the bridge width of the rotor core signiﬁcantly enhanced the torque characteristics and the motor efﬁciency of IPMSM.,1223,1229,,,bridge,,,bridge
26,rotor core,APPLICATION,,A reduction in the bridge width of the rotor core signiﬁcantly enhanced the torque characteristics and the motor efﬁciency of IPMSM.,1243,1253,,,rotor core,,,rotor core
26,IPMSM,APPLICATION,,A reduction in the bridge width of the rotor core signiﬁcantly enhanced the torque characteristics and the motor efﬁciency of IPMSM.,1330,1335,,,IPMSM,,,IPMSM
26,rotor core,APPLICATION,,"The high-strength nonoriented electrical steel ef- fectively suppressed the deformation of the rotor core with its excellent mechanical properties, and the suppression enabled us to reduce the bridge width sufﬁciently.",1432,1442,,,rotor core,,,rotor core
26,bridge,APPLICATION,,"The high-strength nonoriented electrical steel ef- fectively suppressed the deformation of the rotor core with its excellent mechanical properties, and the suppression enabled us to reduce the bridge width sufﬁciently.",1530,1536,,,bridge,,,bridge
26,rotor core,APPLICATION,,"Accordingly, a magnetically optimum rotor core design will be realized with the high-strength nonoriented electrical steel, and the performance of IPMSM will be signiﬁcantly enhanced, particularly in traction motors for electric vehicles and hybrid electric vehicles and compressor motors for energy-efﬁcient air conditioners.",1592,1602,,,rotor core,,,rotor core
26,IPMSM,APPLICATION,,"Accordingly, a magnetically optimum rotor core design will be realized with the high-strength nonoriented electrical steel, and the performance of IPMSM will be signiﬁcantly enhanced, particularly in traction motors for electric vehicles and hybrid electric vehicles and compressor motors for energy-efﬁcient air conditioners.",1703,1708,,,IPMSM,,,IPMSM
26,IPMSM,APPLICATION,,"Index Terms—Electrical steel, interior permanent magnet synchronous motors (IPMSM), rotating machines, rotor, silicon steel, strength.",1959,1964,,,IPMSM,,,IPMSM
26,rotor,APPLICATION,,"Index Terms—Electrical steel, interior permanent magnet synchronous motors (IPMSM), rotating machines, rotor, silicon steel, strength.",1986,1991,,,rotor,,,rotor
26,EV,APPLICATION,,"Consequently, many electric vehicles (EV), hybrid electric vehicles (HEV), and energy-efﬁ- cient air conditioners have been produced.",2216,2218,,,EV,,,EV
26,HEV,APPLICATION,,"Consequently, many electric vehicles (EV), hybrid electric vehicles (HEV), and energy-efﬁ- cient air conditioners have been produced.",2247,2250,,,HEV,,,HEV
26,EV,APPLICATION,,"Traction motors of EV and HEV, and compressor motors for energy-efﬁcient air conditioners must be compact, great output power, and high ef- ﬁciency, thus interior permanent magnet synchronous motors (IPMSM) have been widely applied [1], [2].",2331,2333,,,EV,,,EV
26,HEV,APPLICATION,,"Traction motors of EV and HEV, and compressor motors for energy-efﬁcient air conditioners must be compact, great output power, and high ef- ﬁciency, thus interior permanent magnet synchronous motors (IPMSM) have been widely applied [1], [2].",2338,2341,,,HEV,,,HEV
26,IPMSM,APPLICATION,,"Traction motors of EV and HEV, and compressor motors for energy-efﬁcient air conditioners must be compact, great output power, and high ef- ﬁciency, thus interior permanent magnet synchronous motors (IPMSM) have been widely applied [1], [2].",2512,2517,,,IPMSM,,,IPMSM
26,IPMSM,APPLICATION,,"To improve perfor- mance of IPMSM, such as motor efﬁciency and torque charac- teristics, appropriate core materials should be applied.",2582,2587,,,IPMSM,,,IPMSM
26,IPMSM,APPLICATION,,[2] summarized the trends of technology for reluctance torque assisted motors and indicated that nonoriented electrical steel requires low iron loss and high permeability to improve the per- formance of IPMSM.,2899,2904,,,IPMSM,,,IPMSM
26,IPMSM,APPLICATION,,[3] reported that nonori- ented electrical steel with high permeability enhances the torque characteristics of IPMSM.,3033,3038,,,IPMSM,,,IPMSM
26,rotor core,APPLICATION,,"Furthermore, the design of the rotor core is also important in enhancing the performance of IPMSM; accordingly, optimization of rotor shape has been extensively investigated by ﬁnite element method (FEM)",3071,3081,,,rotor core,,,rotor core
26,IPMSM,APPLICATION,,"Furthermore, the design of the rotor core is also important in enhancing the performance of IPMSM; accordingly, optimization of rotor shape has been extensively investigated by ﬁnite element method (FEM)",3132,3137,,,IPMSM,,,IPMSM
26,rotor,APPLICATION,,"Furthermore, the design of the rotor core is also important in enhancing the performance of IPMSM; accordingly, optimization of rotor shape has been extensively investigated by ﬁnite element method (FEM)",3168,3173,,,rotor,,,rotor
26,rotor core,APPLICATION,,"However, a magnetically optimized rotor core consisting of conventional nonoriented electrical steel occasionally requires shape modiﬁcation to ensure durability of the rotor core [5], [9], [10].",3288,3298,,,rotor core,,,rotor core
26,rotor core,APPLICATION,,"However, a magnetically optimized rotor core consisting of conventional nonoriented electrical steel occasionally requires shape modiﬁcation to ensure durability of the rotor core [5], [9], [10].",3423,3433,,,rotor core,,,rotor core
26,rotor core,APPLICATION,,This is because rotor core materials for IPMSM require sufﬁcient strength as well as excellent magnetic properties to prevent deformation due to centrifugal force on permanent mag- nets embedded in the rotor core and fatigue fracture owing to ﬂuctuation of rotational speed.,3466,3476,,,rotor core,,,rotor core
26,IPMSM,APPLICATION,,This is because rotor core materials for IPMSM require sufﬁcient strength as well as excellent magnetic properties to prevent deformation due to centrifugal force on permanent mag- nets embedded in the rotor core and fatigue fracture owing to ﬂuctuation of rotational speed.,3491,3496,,,IPMSM,,,IPMSM
26,rotor core,APPLICATION,,This is because rotor core materials for IPMSM require sufﬁcient strength as well as excellent magnetic properties to prevent deformation due to centrifugal force on permanent mag- nets embedded in the rotor core and fatigue fracture owing to ﬂuctuation of rotational speed.,3652,3662,,,rotor core,,,rotor core
26,rotor core,APPLICATION,,"High-strength nonoriented electrical steel [22], [23] is pre- sumed to be one of the solutions to the problem because it pos- sesses sufﬁcient strength to prevent the deformation and the fa- tigue fracture of the rotor core.",4425,4435,,,rotor core,,,rotor core
26,IPMSM,APPLICATION,,"Nevertheless, the high-strength nonoriented electrical steel has much higher iron loss than the conventional nonoriented electrical steel; thus it has not been determined yet whether the high-strength nonoriented electrical steel contributes to improvement of the performance of IPMSM by optimization of rotor shape.",4716,4721,,,IPMSM,,,IPMSM
26,rotor,APPLICATION,,"Nevertheless, the high-strength nonoriented electrical steel has much higher iron loss than the conventional nonoriented electrical steel; thus it has not been determined yet whether the high-strength nonoriented electrical steel contributes to improvement of the performance of IPMSM by optimization of rotor shape.",4741,4746,,,rotor,,,rotor
26,IPMSM,APPLICATION,,"In the present paper, we investigate the performance of IPMSM, in which the rotor core consists of the high-strength nonoriented electrical steel, as-cold-rolled nonoriented elec- trical steel, and the conventional nonoriented electrical steel with various bridge widths to demonstrate beneﬁcial effect of high-strength nonoriented electrical steel on the performance of IPMSM.",4810,4815,,,IPMSM,,,IPMSM
26,rotor core,APPLICATION,,"In the present paper, we investigate the performance of IPMSM, in which the rotor core consists of the high-strength nonoriented electrical steel, as-cold-rolled nonoriented elec- trical steel, and the conventional nonoriented electrical steel with various bridge widths to demonstrate beneﬁcial effect of high-strength nonoriented electrical steel on the performance of IPMSM.",4830,4840,,,rotor core,,,rotor core
26,bridge,APPLICATION,,"In the present paper, we investigate the performance of IPMSM, in which the rotor core consists of the high-strength nonoriented electrical steel, as-cold-rolled nonoriented elec- trical steel, and the conventional nonoriented electrical steel with various bridge widths to demonstrate beneﬁcial effect of high-strength nonoriented electrical steel on the performance of IPMSM.",5011,5017,,,bridge,,,bridge
26,IPMSM,APPLICATION,,"In the present paper, we investigate the performance of IPMSM, in which the rotor core consists of the high-strength nonoriented electrical steel, as-cold-rolled nonoriented elec- trical steel, and the conventional nonoriented electrical steel with various bridge widths to demonstrate beneﬁcial effect of high-strength nonoriented electrical steel on the performance of IPMSM.",5125,5130,,,IPMSM,,,IPMSM
26,1.0 T,FLUX_DENSITY,UNSPECIFIED,"is iron loss at 1.0 T and 400 Hz, and is magnetic induction at 5000 A/m. is yield strength and is tensile strength.",5368,5373,1.0,T,1.0 T,,,1.0 T
26,35A300,GRADE,UNSPECIFIED,35A300 is one of the conventional nonoriented electrical steels 0018-9464/$31.00 © 2012 IEEE Authorized licensed use limited to: University of Warwick.,5468,5474,,,35A300,,,35A300
26,rotor core,APPLICATION,,Design of rotor core.,5782,5792,,,rotor core,,,rotor core
26,M300-35A,GRADE,UNSPECIFIED,The equivalent grade is M300-35A and M300- 35A5 in accordance with EN 10106 (2007) and IEC 60404-8-4 (1998).,5931,5939,,,M300-35A,,,M300-35A
26,EN 10106,STANDARD,,The equivalent grade is M300-35A and M300- 35A5 in accordance with EN 10106 (2007) and IEC 60404-8-4 (1998).,5974,5982,,,EN 10106,,,EN 10106
26,IEC 60404-8-4,STANDARD,,The equivalent grade is M300-35A and M300- 35A5 in accordance with EN 10106 (2007) and IEC 60404-8-4 (1998).,5994,6007,,,IEC 60404-8-4,,,IEC 60404-8-4
26,1.26 T,FLUX_DENSITY,UNSPECIFIED,Nd–Fe–B magnets with remanent ﬂux density 1.26 T were embedded in the rotor core.,7052,7058,1.26,T,1.26 T,,,1.26 T
26,rotor core,APPLICATION,,Nd–Fe–B magnets with remanent ﬂux density 1.26 T were embedded in the rotor core.,7080,7090,,,rotor core,,,rotor core
26,rotor,APPLICATION,,1 shows the rotor design of test motors established by the technical committee of the Institute of Elec- trical Engineers of Japan [24].,7109,7114,,,rotor,,,rotor
26,bridge,APPLICATION,,The bridge width here is 0.5 mm.,7238,7244,,,bridge,,,bridge
26,stator core,APPLICATION,,"For the stator core, 35A300 was shaped by etching method, and shaped pieces were stacked and then welded.",7331,7342,,,stator core,,,stator core
26,35A300,GRADE,UNSPECIFIED,"For the stator core, 35A300 was shaped by etching method, and shaped pieces were stacked and then welded.",7344,7350,,,35A300,,,35A300
26,rotor core,APPLICATION,,"For the rotor core, 35A300, 690-MPa grade, and the as-cold-rolled nonoriented electrical steel were shaped by wire-cut method, and shaped pieces were stacked and then fastened by bolts, respectively.",7437,7447,,,rotor core,,,rotor core
26,35A300,GRADE,UNSPECIFIED,"For the rotor core, 35A300, 690-MPa grade, and the as-cold-rolled nonoriented electrical steel were shaped by wire-cut method, and shaped pieces were stacked and then fastened by bolts, respectively.",7449,7455,,,35A300,,,35A300
26,rotor,APPLICATION,,"To investigate the effect of rotor design, bridge widths of the rotor core consisting of 35A300 were changed from 0.5 to 2.0 mm.",7658,7663,,,rotor,,,rotor
26,bridge,APPLICATION,,"To investigate the effect of rotor design, bridge widths of the rotor core consisting of 35A300 were changed from 0.5 to 2.0 mm.",7672,7678,,,bridge,,,bridge
26,rotor core,APPLICATION,,"To investigate the effect of rotor design, bridge widths of the rotor core consisting of 35A300 were changed from 0.5 to 2.0 mm.",7693,7703,,,rotor core,,,rotor core
26,35A300,GRADE,UNSPECIFIED,"To investigate the effect of rotor design, bridge widths of the rotor core consisting of 35A300 were changed from 0.5 to 2.0 mm.",7718,7724,,,35A300,,,35A300
26,bridge,APPLICATION,,The effect of bridge width of the rotor core on the torque characteristics is shown in Fig.,9070,9076,,,bridge,,,bridge
26,rotor core,APPLICATION,,The effect of bridge width of the rotor core on the torque characteristics is shown in Fig.,9090,9100,,,rotor core,,,rotor core
26,bridge,APPLICATION,,"A reduction in the bridge width signiﬁcantly enhanced the torque characteristics, partic-",9170,9176,,,bridge,,,bridge
26,bridge,APPLICATION,,The torque components of test mo- tors with 0.5 mm bridge width are listed in Table III.,9318,9324,,,bridge,,,bridge
26,rotor core,APPLICATION,,"The moderate decrease in permeability of rotor core material, such as the high-strength nonoriented electrical steel, resulted in a reduction in leakage ﬂux from the bridge of rotor core.",9742,9752,,,rotor core,,,rotor core
26,bridge,APPLICATION,,"The moderate decrease in permeability of rotor core material, such as the high-strength nonoriented electrical steel, resulted in a reduction in leakage ﬂux from the bridge of rotor core.",9867,9873,,,bridge,,,bridge
26,rotor core,APPLICATION,,"The moderate decrease in permeability of rotor core material, such as the high-strength nonoriented electrical steel, resulted in a reduction in leakage ﬂux from the bridge of rotor core.",9877,9887,,,rotor core,,,rotor core
26,IPMSM,APPLICATION,,"APPLICATION OF HIGH-STRENGTH NONORIENTED ELECTRICAL STEEL TO IPMSM 2999 TABLE III TORQUE COMPONENTS TABLE IV TORQUE COMPONENTS , , and .",10222,10227,,,IPMSM,,,IPMSM
26,bridge,APPLICATION,,3. Effect of bridge width on torque characteristics of test motors.,10316,10322,,,bridge,,,bridge
26,35A300,GRADE,UNSPECIFIED,"(Rotor cores consist of 35A300.) of rotor core material, such as the as-cold-rolled nonoriented electrical steel, resulted in a decrease in inductance difference.",10395,10401,,,35A300,,,35A300
26,rotor core,APPLICATION,,"(Rotor cores consist of 35A300.) of rotor core material, such as the as-cold-rolled nonoriented electrical steel, resulted in a decrease in inductance difference.",10407,10417,,,rotor core,,,rotor core
26,stator,APPLICATION,,"For accuracy, heights of stator and rotor core were set to be 60 and 67 mm, respectively.",10909,10915,,,stator,,,stator
26,rotor core,APPLICATION,,"For accuracy, heights of stator and rotor core were set to be 60 and 67 mm, respectively.",10920,10930,,,rotor core,,,rotor core
26,35A300,GRADE,UNSPECIFIED,Stator core consisted of 35A300 and operating conditions were the same as described previously.,10999,11005,,,35A300,,,35A300
26,rotor core,APPLICATION,,Core material of ex- ceedingly low permeability was found to be inapplicable to the rotor core of IPMSM.,11474,11484,,,rotor core,,,rotor core
26,IPMSM,APPLICATION,,Core material of ex- ceedingly low permeability was found to be inapplicable to the rotor core of IPMSM.,11488,11493,,,IPMSM,,,IPMSM
26,IPMSM,APPLICATION,,The amount of permanent magnets pre- dominates the material cost of IPMSM.,11739,11744,,,IPMSM,,,IPMSM
26,35A300,GRADE,UNSPECIFIED,"4. Motor efﬁciency of test motors (Open; 35A300, Solid; 690-MPa grade).",11814,11820,,,35A300,,,35A300
26,IPMSM,APPLICATION,,cost of IPMSM will be reduced with the high-strength nonori- ented electrical steel.,11853,11858,,,IPMSM,,,IPMSM
26,bridge,APPLICATION,,"Although the high-strength nonoriented electrical steel had much higher iron loss than the conventional nonoriented electrical steel (for example, the iron loss of the high-strength nonoriented electrical steel was about twice as large as that of the conventional nonori- ented electrical steel in ), the motor efﬁciency with 0.5 mm bridge width decreased only slightly.",12312,12318,,,bridge,,,bridge
26,bridge,APPLICATION,,"Furthermore, the motor efﬁciency of the high-strength nonoriented electrical steel was superior to that of the conventional nonoriented electrical steel with 1.0 mm and above bridge width.",12525,12531,,,bridge,,,bridge
26,bridge,APPLICATION,,Copper loss considerably decreased with a reduction in the bridge width.,12805,12811,,,bridge,,,bridge
26,stator core,APPLICATION,,"Iron loss was presumed to be generated mainly in stator core, so that the inﬂuence of iron loss of rotor core material would be weak.",12943,12954,,,stator core,,,stator core
26,rotor core,APPLICATION,,"Iron loss was presumed to be generated mainly in stator core, so that the inﬂuence of iron loss of rotor core material would be weak.",12993,13003,,,rotor core,,,rotor core
26,bridge,APPLICATION,,The bridge width dependence of the motor efﬁciency suggested quite strongly that optimization of rotor shape had greater inﬂuence on the motor efﬁciency than iron loss of rotor core material.,13032,13038,,,bridge,,,bridge
26,rotor,APPLICATION,,The bridge width dependence of the motor efﬁciency suggested quite strongly that optimization of rotor shape had greater inﬂuence on the motor efﬁciency than iron loss of rotor core material.,13125,13130,,,rotor,,,rotor
26,rotor core,APPLICATION,,The bridge width dependence of the motor efﬁciency suggested quite strongly that optimization of rotor shape had greater inﬂuence on the motor efﬁciency than iron loss of rotor core material.,13199,13209,,,rotor core,,,rotor core
26,rotor core,APPLICATION,,"Iron loss, copper loss, and motor efﬁciency of test motors as a function of bride width of rotor core: (A) 900 r/m and (B) 5400 r/m (Open; 35A300, Solid; 690-MPa grade).",13522,13532,,,rotor core,,,rotor core
26,35A300,GRADE,UNSPECIFIED,"Iron loss, copper loss, and motor efﬁciency of test motors as a function of bride width of rotor core: (A) 900 r/m and (B) 5400 r/m (Open; 35A300, Solid; 690-MPa grade).",13570,13576,,,35A300,,,35A300
26,HEV traction motor,APPLICATION,,"Maximum rotational speed of HEV traction motor has risen to 13 kr/m and above [25], [26].",13629,13647,,,HEV traction motor,,,HEV traction motor
26,rotor,APPLICATION,,"In order to clarify the durability of rotor cores during high speed operation, we analyzed their deformation behavior by 3-D-FEM.",13729,13734,,,rotor,,,rotor
26,rotor core,APPLICATION,,"The rotational speed at which plastic defor- mation occurred was 17 kr/m in the rotor core of the conven- tional nonoriented electrical steel with 0.5 mm bridge width, and 25 kr/m in the rotor core of the high-strength nonoriented electrical steel with 0.5 mm bridge width.",14333,14343,,,rotor core,,,rotor core
26,bridge,APPLICATION,,"The rotational speed at which plastic defor- mation occurred was 17 kr/m in the rotor core of the conven- tional nonoriented electrical steel with 0.5 mm bridge width, and 25 kr/m in the rotor core of the high-strength nonoriented electrical steel with 0.5 mm bridge width.",14407,14413,,,bridge,,,bridge
26,rotor core,APPLICATION,,"The rotational speed at which plastic defor- mation occurred was 17 kr/m in the rotor core of the conven- tional nonoriented electrical steel with 0.5 mm bridge width, and 25 kr/m in the rotor core of the high-strength nonoriented electrical steel with 0.5 mm bridge width.",14440,14450,,,rotor core,,,rotor core
26,bridge,APPLICATION,,"The rotational speed at which plastic defor- mation occurred was 17 kr/m in the rotor core of the conven- tional nonoriented electrical steel with 0.5 mm bridge width, and 25 kr/m in the rotor core of the high-strength nonoriented electrical steel with 0.5 mm bridge width.",14513,14519,,,bridge,,,bridge
26,rotor core,APPLICATION,,"6, the deformation behavior of the rotor core of the high-strength nonoriented electrical steel with 0.5 mm bridge width was almost the same as that of the rotor core of the conventional nonoriented electrical steel with 1.0 mm bridge width.",14761,14771,,,rotor core,,,rotor core
26,bridge,APPLICATION,,"6, the deformation behavior of the rotor core of the high-strength nonoriented electrical steel with 0.5 mm bridge width was almost the same as that of the rotor core of the conventional nonoriented electrical steel with 1.0 mm bridge width.",14834,14840,,,bridge,,,bridge
26,rotor core,APPLICATION,,"6, the deformation behavior of the rotor core of the high-strength nonoriented electrical steel with 0.5 mm bridge width was almost the same as that of the rotor core of the conventional nonoriented electrical steel with 1.0 mm bridge width.",14882,14892,,,rotor core,,,rotor core
26,bridge,APPLICATION,,"6, the deformation behavior of the rotor core of the high-strength nonoriented electrical steel with 0.5 mm bridge width was almost the same as that of the rotor core of the conventional nonoriented electrical steel with 1.0 mm bridge width.",14954,14960,,,bridge,,,bridge
26,rotor,APPLICATION,,"From the viewpoint of the durability of rotor cores, the torque characteristics and the motor efﬁciency of the two test motors should be compared.",15008,15013,,,rotor,,,rotor
26,bridge,APPLICATION,,Figs. 4 and 5 show that the motor performance of the high-strength nonoriented electrical steel with 0.5 mm bridge width was superior to that of the con- ventional nonoriented electrical steel with 1.0 mm bridge width at any rotational speed.,15223,15229,,,bridge,,,bridge
26,bridge,APPLICATION,,Figs. 4 and 5 show that the motor performance of the high-strength nonoriented electrical steel with 0.5 mm bridge width was superior to that of the con- ventional nonoriented electrical steel with 1.0 mm bridge width at any rotational speed.,15320,15326,,,bridge,,,bridge
26,bridge,APPLICATION,,Equivalent stress distribution and defor- mation during rotation of test motors with 0.5 mm bridge width Fig.,15450,15456,,,bridge,,,bridge
26,rotor core,APPLICATION,,"6. Maximum displacement of rotor core in radial direction: (A) displace- ment during rotation and (B) displacement due to plastic deformation (Open; 35A300, Solid; 690-MPa grade).",15495,15505,,,rotor core,,,rotor core
26,35A300,GRADE,UNSPECIFIED,"6. Maximum displacement of rotor core in radial direction: (A) displace- ment during rotation and (B) displacement due to plastic deformation (Open; 35A300, Solid; 690-MPa grade).",15617,15623,,,35A300,,,35A300
26,35A300,GRADE,UNSPECIFIED,Equivalent stress distribution and deformation during rotation: (A) 35A300 and (B) 690-MPa grade.,15724,15730,,,35A300,,,35A300
26,rotor core,APPLICATION,,"At the rota- tional speed, plastic deformation occurred only in the rotor core of the conventional nonoriented electrical steel.",15990,16000,,,rotor core,,,rotor core
26,bridge,APPLICATION,,"Stress was con- centrated on the bridge, and maximum value was 378 MPa for the conventional nonoriented electrical steel and 628 MPa for the high-strength nonoriented electrical steel.",16084,16090,,,bridge,,,bridge
26,378 MPa,MPA_VALUE,UNSPECIFIED,"Stress was con- centrated on the bridge, and maximum value was 378 MPa for the conventional nonoriented electrical steel and 628 MPa for the high-strength nonoriented electrical steel.",16114,16121,378.0,MPa,378.0 MPa,unspecified,,378 MPa
26,628 MPa,MPA_VALUE,UNSPECIFIED,"Stress was con- centrated on the bridge, and maximum value was 378 MPa for the conventional nonoriented electrical steel and 628 MPa for the high-strength nonoriented electrical steel.",16176,16183,628.0,MPa,628.0 MPa,unspecified,,628 MPa
26,rotor core,APPLICATION,,"The high-strength nonoriented electrical steel suppressed the deformation of the rotor core effectively, and the suppression enabled us to reduce the bridge width sufﬁciently.",16317,16327,,,rotor core,,,rotor core
26,bridge,APPLICATION,,"The high-strength nonoriented electrical steel suppressed the deformation of the rotor core effectively, and the suppression enabled us to reduce the bridge width sufﬁciently.",16386,16392,,,bridge,,,bridge
26,rotor core,APPLICATION,,"Consequently, a magnetically op- timum rotor core design will be realized; thus the performance of high rotational speed IPMSM, such as traction motors of EV and HEV, will be enhanced.",16451,16461,,,rotor core,,,rotor core
26,IPMSM,APPLICATION,,"Consequently, a magnetically op- timum rotor core design will be realized; thus the performance of high rotational speed IPMSM, such as traction motors of EV and HEV, will be enhanced.",16533,16538,,,IPMSM,,,IPMSM
26,EV,APPLICATION,,"Consequently, a magnetically op- timum rotor core design will be realized; thus the performance of high rotational speed IPMSM, such as traction motors of EV and HEV, will be enhanced.",16567,16569,,,EV,,,EV
26,HEV,APPLICATION,,"Consequently, a magnetically op- timum rotor core design will be realized; thus the performance of high rotational speed IPMSM, such as traction motors of EV and HEV, will be enhanced.",16574,16577,,,HEV,,,HEV
26,IPMSM,APPLICATION,,APPLICATION OF HIGH-STRENGTH NONORIENTED ELECTRICAL STEEL TO IPMSM 3001 IV.,16813,16818,,,IPMSM,,,IPMSM
26,IPMSM,APPLICATION,,"The performance of IPMSM, in which the rotor core consists of the high-strength nonoriented electrical steel, the as-cold- rolled nonoriented electrical steel, and the conventional non- oriented electrical steel, has been investigated.",16858,16863,,,IPMSM,,,IPMSM
26,rotor core,APPLICATION,,"The performance of IPMSM, in which the rotor core consists of the high-strength nonoriented electrical steel, the as-cold- rolled nonoriented electrical steel, and the conventional non- oriented electrical steel, has been investigated.",16878,16888,,,rotor core,,,rotor core
26,bridge,APPLICATION,,"The moderate decrease in perme- ability led to a reduction in leakage ﬂux from the bridge of rotor core; consequently, the magnetic torque increased.",17321,17327,,,bridge,,,bridge
26,rotor core,APPLICATION,,"The moderate decrease in perme- ability led to a reduction in leakage ﬂux from the bridge of rotor core; consequently, the magnetic torque increased.",17331,17341,,,rotor core,,,rotor core
26,IPMSM,APPLICATION,,"The enhancement of the magnetic torque will contribute to a reduction in the amount of permanent magnet, thereby re- ducing material cost of IPMSM.",17529,17534,,,IPMSM,,,IPMSM
26,rotor core,APPLICATION,,"Another beneﬁcial effect of the high-strength nonoriented electrical steel was prevention of the deformation of rotor core, thereby enhancing motor efﬁciency and output power.",17648,17658,,,rotor core,,,rotor core
26,rotor,APPLICATION,,This is because optimization of rotor shape had greater inﬂuence on the motor efﬁciency than iron loss of rotor core material.,17744,17749,,,rotor,,,rotor
26,rotor core,APPLICATION,,This is because optimization of rotor shape had greater inﬂuence on the motor efﬁciency than iron loss of rotor core material.,17818,17828,,,rotor core,,,rotor core
26,IPMSM,APPLICATION,,"Accordingly, the high-strength nonoriented electrical steel will greatly contribute to improve- ment in the performance of IPMSM, particularly traction mo-",17962,17967,,,IPMSM,,,IPMSM
26,EV,APPLICATION,,"tors for EV and HEV, and compressor motors for energy-efﬁ- cient air conditioners.",18004,18006,,,EV,,,EV
26,HEV,APPLICATION,,"tors for EV and HEV, and compressor motors for energy-efﬁ- cient air conditioners.",18011,18014,,,HEV,,,HEV
26,IPM,APPLICATION,,"[4] T. Ohnishi and N. Takahashi, “Optimal design of IPM motor using ﬁnite element method,” IEEE Trans.",18634,18637,,,IPM,,,IPM
26,rotor,APPLICATION,,"[7] N. Takahashi, T. Yamada, S. Shimose, and D. Miyagi, “Optimization of rotor of actual IPM motor using ON/OFF method,” IEEE Trans.",19187,19192,,,rotor,,,rotor
26,IPM,APPLICATION,,"[7] N. Takahashi, T. Yamada, S. Shimose, and D. Miyagi, “Optimization of rotor of actual IPM motor using ON/OFF method,” IEEE Trans.",19203,19206,,,IPM,,,IPM
26,rotor core,APPLICATION,,"[8] J. Jung, B. Lee, D. Kim, J. Hong, J. Kim, S. Jeon, and D. Song, “Me- chanical stress reduction of rotor core of interior permanent magnet synchronous motor,” IEEE Trans.",19398,19408,,,rotor core,,,rotor core
26,interior permanent magnet synchronous motor,APPLICATION,,"[8] J. Jung, B. Lee, D. Kim, J. Hong, J. Kim, S. Jeon, and D. Song, “Me- chanical stress reduction of rotor core of interior permanent magnet synchronous motor,” IEEE Trans.",19412,19455,,,interior permanent magnet synchronous motor,,,interior permanent magnet synchronous motor
26,rotor,APPLICATION,,"[9] K. Yamazaki, M. Kumagai, S. Ohki, and T. Ikemi, “Studies on rotor design of interior permanent magnet motors to cope with maximum torque and iron loss reduction,” Proc.",19581,19586,,,rotor,,,rotor
26,EV,APPLICATION,,"[10] Y. Gao, R. Long, Y. Pang, and M. Lindenmo, “Fatigue properties of an electrical steel and design of EV/HEV IPM motor rotors for durability and efﬁciency,” presented at the SAE, Tech.",19878,19880,,,EV,,,EV
26,HEV,APPLICATION,,"[10] Y. Gao, R. Long, Y. Pang, and M. Lindenmo, “Fatigue properties of an electrical steel and design of EV/HEV IPM motor rotors for durability and efﬁciency,” presented at the SAE, Tech.",19881,19884,,,HEV,,,HEV
26,IPM,APPLICATION,,"[10] Y. Gao, R. Long, Y. Pang, and M. Lindenmo, “Fatigue properties of an electrical steel and design of EV/HEV IPM motor rotors for durability and efﬁciency,” presented at the SAE, Tech.",19885,19888,,,IPM,,,IPM
26,rotor core,APPLICATION,,"[11] S. H. Han, T. M. Jahns, and Z. Q. Zhu, “Analysis of rotor core eddy- current losses in interior permanent magnet synchronous machines,” IEEE Trans. Ind. Appl., vol. 46, no. 2, pp.",20038,20048,,,rotor core,,,rotor core
26,IPM,APPLICATION,,"[13] G. Pellegrino, P. Guglielmi, A. Vagati, and F. Villata, “Core losses and torque ripple in IPM machines: Dedicated modeling and design tradeoff,” IEEE Trans. Ind. Appl., vol. 46, no. 10, pp.",20526,20529,,,IPM,,,IPM
26,IPM,APPLICATION,,"[14] P. Guglielmi, B. Boazzo, E. Armando, G. Pellegrino, and A. Vagati, “Magnet minimization in IPM-PMASR motor design for wide speed range application,” in Proc. ECCE, 2011, pp.",20744,20747,,,IPM,,,IPM
26,IPM,APPLICATION,,"[15] N. Bianchi and A. Canova, “FEM analysis and optimisation design of an IPM synchronous motor,” in Proc.",20913,20916,,,IPM,,,IPM
26,IPM,APPLICATION,,"[17] M. Barcaro, N. Bianchi, and F. Magnussen, “Design considerations to maximize performance of an IPM motor for a wide ﬂux-weakening region,” in Proc. XIX Int.",21363,21366,,,IPM,,,IPM
26,stator,APPLICATION,,"[18] M. Barcaro, N. Bianchi, and F. Magnussen, “Rotor ﬂux-barrier geom- etry design to reduce stator iron losses in synchronous IPM motors under FW operations,” IEEE Trans. Ind. Appl., vol. 46, no. 12, pp.",21568,21574,,,stator,,,stator
26,IPM,APPLICATION,,"[18] M. Barcaro, N. Bianchi, and F. Magnussen, “Rotor ﬂux-barrier geom- etry design to reduce stator iron losses in synchronous IPM motors under FW operations,” IEEE Trans. Ind. Appl., vol. 46, no. 12, pp.",21602,21605,,,IPM,,,IPM
26,rotor,APPLICATION,,"[19] P. Alotto, M. Barcaro, N. Bianchi, and M. Guarnieri, “Optimization of interior PM motors with Machaon rotor ﬂux barriers,” IEEE Trans.",21809,21814,,,rotor,,,rotor
26,IPM machine,APPLICATION,,"[20] L. Alberti, M. Barcaro, M. D. Pre, A. Faggion, L. Sgarbossa, N. Bianchi, and S. Bolognani, “IPM machine drive design and tests for an integrated starter alternator application,” IEEE Trans. Ind. Appl., vol. 46, no. 9, pp.",21985,21996,,,IPM machine,,,IPM machine
26,integrated starter alternator,APPLICATION,,"[20] L. Alberti, M. Barcaro, M. D. Pre, A. Faggion, L. Sgarbossa, N. Bianchi, and S. Bolognani, “IPM machine drive design and tests for an integrated starter alternator application,” IEEE Trans. Ind. Appl., vol. 46, no. 9, pp.",22027,22056,,,integrated starter alternator,,,integrated starter alternator
31,EV,APPLICATION,,"Recently there has been growing demand for low-electricity consuming transformers and electric vehicles (EV) due to global trend of reducing use of fossil fuels, and the role of electrical steel became important because it contributes to the improvement in the efﬁciency of the electric motor of EV",1592,1594,,,EV,,,EV
31,EV,APPLICATION,,"Recently there has been growing demand for low-electricity consuming transformers and electric vehicles (EV) due to global trend of reducing use of fossil fuels, and the role of electrical steel became important because it contributes to the improvement in the efﬁciency of the electric motor of EV",1783,1785,,,EV,,,EV
31,EV,APPLICATION,,"Recently there has been growing demand for low-electricity consuming transformers and electric vehicles due to global trend of reducing use of fossil fuels and the role of electrical steel became important because it contributes to the improvement in the efﬁciency of the electric motor of EV and reduction of losses, temperature, energy and costs of transformers.",5290,5292,,,EV,,,EV
31,grain-oriented steel,COMPETING_MATERIAL,,"They have difference in magnetizing direction in that whereas grain-oriented steel has anisotropic magnetic property to the rolling direction, non-oriented has isotropic magnetic property in all direction.",5540,5560,,,grain-oriented steel,,,grain-oriented electric steel
31,texture,PROCESSING,,Grain-oriented steel has ‘Goss’ texture with (110),5716,5723,,,texture,,,texture
31,texture,PROCESSING,,[100] crystallographic orientation whereas non-oriented steel has ‘Cubic’ texture with (001) or (110) planes parallel to the plane of the steel and [100] direction uniformly distributed [19].,5809,5816,,,texture,,,texture
31,grain-oriented steel,COMPETING_MATERIAL,,"Due to their magnetization direction grain-oriented steel is mainly used in static machinery which requires unidirectional magnetization, whereas non-oriented steel is mainly used in rotating machinery which requires multidirectional magnetization: Grain-oriented steel is mainly used in transformers and non-oriented steel is used in various devices such as motors, generators and small transformers",5964,5984,,,grain-oriented steel,,,grain-oriented electric steel
31,hot rolling,PROCESSING,,"Audio transformers Small power transformers Large rotating machines Medium generators Distribution transformers Power transformers The manufacturing process of electrical steel sheets mainly consists of casting, reheating, hot rolling, cold rolling and ﬁnal annealing.",6883,6894,,,hot rolling,,,hot rolling
31,cold rolling,PROCESSING,,"Audio transformers Small power transformers Large rotating machines Medium generators Distribution transformers Power transformers The manufacturing process of electrical steel sheets mainly consists of casting, reheating, hot rolling, cold rolling and ﬁnal annealing.",6896,6908,,,cold rolling,,,cold rolling
31,grain-oriented steel,COMPETING_MATERIAL,,"For example, in the casting stage of the grain-oriented steel Sustainability 2018, 10, 2728 3 of 15 manufacturing process, various materials are alloyed which determines the future property of the electrical steel: magnetostriction, strength, core loss, permeability and so forth.",6970,6990,,,grain-oriented steel,,,grain-oriented electric steel
31,grain-oriented steel,COMPETING_MATERIAL,,Hot rolling stage contributes to ﬁne precipitation of inhibitor materials in grain-oriented steel which is essential factor for successful secondary recrystallization.,7369,7389,,,grain-oriented steel,,,grain-oriented electric steel
31,recrystallization,PROCESSING,,Hot rolling stage contributes to ﬁne precipitation of inhibitor materials in grain-oriented steel which is essential factor for successful secondary recrystallization.,7441,7458,,,recrystallization,,,recrystallization
31,cold rolling,PROCESSING,,"The cold rolling stage signiﬁcantly generates primary recrystallization and reduces the thickness of the steel, which is closely related to the magnetic property of the steel.",7464,7476,,,cold rolling,,,cold rolling
31,recrystallization,PROCESSING,,"The cold rolling stage signiﬁcantly generates primary recrystallization and reduces the thickness of the steel, which is closely related to the magnetic property of the steel.",7514,7531,,,recrystallization,,,recrystallization
31,decarburization,PROCESSING,,The decarburization stage follows the cold rolling stage and it reduces carbon content so that the steel does not suffer magnetostriction.,7640,7655,,,decarburization,,,decarburization
31,cold rolling,PROCESSING,,The decarburization stage follows the cold rolling stage and it reduces carbon content so that the steel does not suffer magnetostriction.,7674,7686,,,cold rolling,,,cold rolling
31,texture,PROCESSING,,"In ﬁnal annealing, some crystals are selectively grown from the primary recrystallized crystal nuclei to texture that has preferred magnetization direction.",7880,7887,,,texture,,,texture
31,weldability,PROCESSING,,Coating works as annealing separator which prevent laminated stacks of steel from fusion and it is related with good weldability and punchability of steel.,17674,17685,,,weldability,,,weldability
31,punchability,PROCESSING,,Coating works as annealing separator which prevent laminated stacks of steel from fusion and it is related with good weldability and punchability of steel.,17690,17702,,,punchability,,,punchability
31,recrystallization,PROCESSING,,"In the conventional manufacturing process, high temperature slab reheating up to 1400 ◦C is essential for ﬁne dissolution of inhibitors which contributes to secondary recrystallization of preferred aggregation texture.",18116,18133,,,recrystallization,,,recrystallization
31,texture,PROCESSING,,"In the conventional manufacturing process, high temperature slab reheating up to 1400 ◦C is essential for ﬁne dissolution of inhibitors which contributes to secondary recrystallization of preferred aggregation texture.",18159,18166,,,texture,,,texture
31,anisotropy,PROCESSING,,Texture control aims develop preferred crystal orientation originating from magnetization anisotropy of iron crystal.,18610,18620,,,anisotropy,,,anisotropy
31,recrystallization,PROCESSING,,"Selectively developing the preferred crystal orientation is called secondary recrystallization and precipitation of inhibitors, hot rolling, cold rolling and ﬁnal annealing are essential steps for secondary recrystallization [24].",18822,18839,,,recrystallization,,,recrystallization
31,hot rolling,PROCESSING,,"Selectively developing the preferred crystal orientation is called secondary recrystallization and precipitation of inhibitors, hot rolling, cold rolling and ﬁnal annealing are essential steps for secondary recrystallization [24].",18873,18884,,,hot rolling,,,hot rolling
31,cold rolling,PROCESSING,,"Selectively developing the preferred crystal orientation is called secondary recrystallization and precipitation of inhibitors, hot rolling, cold rolling and ﬁnal annealing are essential steps for secondary recrystallization [24].",18886,18898,,,cold rolling,,,cold rolling
31,recrystallization,PROCESSING,,"Selectively developing the preferred crystal orientation is called secondary recrystallization and precipitation of inhibitors, hot rolling, cold rolling and ﬁnal annealing are essential steps for secondary recrystallization [24].",18952,18969,,,recrystallization,,,recrystallization
31,grain-oriented steel,COMPETING_MATERIAL,,Production schedule with low temperature slab reheating of grain-oriented steel [23].,19045,19065,,,grain-oriented steel,,,grain-oriented electric steel
31,insulation coating,PROCESSING,,There were mechanical scratching techniques that contributed to the core loss of the steel in the early period but it caused the problem of insulation degradation and it led to laser scribing technique that has relatively low damage on surface insulation coating [25] which is non-contact technique for reducing core loss [26].,19484,19502,,,insulation coating,,,insulation coating
31,insulation coating,PROCESSING,,Coating sub-domain shows development path from insulation coating to stress coating.,19893,19911,,,insulation coating,,,insulation coating
31,insulation coating,PROCESSING,,Patent 158 (US2385332) is an insulation coating technique using magnesia to get insulation silicate,20169,20187,,,insulation coating,,,insulation coating
31,decarburization,PROCESSING,,It nitrides the cold rolled steel in the decarburization step and avoids inhibitor formation in the hot area [22].,20844,20859,,,decarburization,,,decarburization
31,texture,PROCESSING,,Texture control sub-domain shows development path toward controlling aggregation texture using various inhibitor materials.,20999,21006,,,texture,,,texture
31,texture,PROCESSING,,"Patent 120,137,181 (US2158065, US2307391, US2599340) are early progresses for obtaining the maximum preferred orientation of ‘Goss’ texture [24,28,29] but only manganese sulﬁde is used for inhibitor material because there was no scientiﬁc knowledge of the role of inhibitors.",21174,21181,,,texture,,,texture
31,recrystallization,PROCESSING,,After the ﬁnding of Dunn in 1949 that secondary recrystallization is responsible for development of preferred texture orientation and May and Turnbull that ﬁne dispersion of inhibitor precipitates is responsible for secondary recrystallization,21366,21383,,,recrystallization,,,recrystallization
31,texture,PROCESSING,,After the ﬁnding of Dunn in 1949 that secondary recrystallization is responsible for development of preferred texture orientation and May and Turnbull that ﬁne dispersion of inhibitor precipitates is responsible for secondary recrystallization,21428,21435,,,texture,,,texture
31,recrystallization,PROCESSING,,After the ﬁnding of Dunn in 1949 that secondary recrystallization is responsible for development of preferred texture orientation and May and Turnbull that ﬁne dispersion of inhibitor precipitates is responsible for secondary recrystallization,21544,21561,,,recrystallization,,,recrystallization
31,cold rolling,PROCESSING,,Patents 316 (US3159511) is type 1 that uses aluminum nitride (AlN) as main inhibitors with single cold rolling step [30].,21905,21917,,,cold rolling,,,cold rolling
31,texture,PROCESSING,,"In addition, there are patents like Patent 14861502 (US6893510, US7198682) that are located where boundaries of texture control and manufacturing process improvement subdomain face each other.",23018,23025,,,texture,,,texture
31,strip casting,PROCESSING,,The patents produce electrical steel using thin strip casting technology where the hot strip in the thickness of about 2~3 mm is produced by direct casting from the steel melt.,23147,23160,,,strip casting,,,strip casting
31,strip casting,PROCESSING,,Patent 1486 is assessed as new concept of strip casting using the both ‘inherent’ and ‘acquired’ inhibitors which is expected to give a more stable texture [23].,23540,23553,,,strip casting,,,strip casting
31,texture,PROCESSING,,Patent 1486 is assessed as new concept of strip casting using the both ‘inherent’ and ‘acquired’ inhibitors which is expected to give a more stable texture [23].,23646,23653,,,texture,,,texture
31,texture,PROCESSING,,"Additionally, controlling texture using inhibitors could provide improved magnetic permeability for steel but",24508,24515,,,texture,,,texture
31,punching,PROCESSING,,"In sub-domain of coatings, the further R&D direction is likely to focus on ﬁnd alternative coating material of forsterite that can provide the same function and has relatively low damage on punching die, or develop manufacturing method that does not require undercoating.",25807,25815,,,punching,,,punching
31,punching,PROCESSING,,"According to a HPP 1538 Sustainability 2018, 10, 2728 10 of 15 (US7371291), forsterite (MgSiO4) undercoating which is used for insulation and tension application has problem of deteriorating punching die.",26080,26088,,,punching,,,punching
31,punching,PROCESSING,,Punching die is used to punch a steel sheet and make ﬁnal shape for assembly of core but forsterite undercoating is extremely hard to punch that the punching die must be early re-polished or exchanged eventually causing damage in working efﬁciency of core processing by a user and an increase in cost.,26243,26251,,,punching,,,punching
31,strip casting,PROCESSING,,"Thin strip casting technology HPPs like 1486, 1502 (US6893510, US7198682) which lie in the boundaries of two sub-domains (manufacturing process improvement, texture control) would inﬂuence the further R&D direction of texture control and manufacturing process improvement sub-domains.",26401,26414,,,strip casting,,,strip casting
31,texture,PROCESSING,,"Thin strip casting technology HPPs like 1486, 1502 (US6893510, US7198682) which lie in the boundaries of two sub-domains (manufacturing process improvement, texture control) would inﬂuence the further R&D direction of texture control and manufacturing process improvement sub-domains.",26553,26560,,,texture,,,texture
31,texture,PROCESSING,,"Thin strip casting technology HPPs like 1486, 1502 (US6893510, US7198682) which lie in the boundaries of two sub-domains (manufacturing process improvement, texture control) would inﬂuence the further R&D direction of texture control and manufacturing process improvement sub-domains.",26614,26621,,,texture,,,texture
31,strip casting,PROCESSING,,"For example, thin strip casting technology like HPP 1486 eliminates the thick slab casting and reduce hot rolling passes by supplying as-cast with thickness close to the conventional hot rolled sheets which can reduce the total stages in the manufacturing process and it can be economical way of producing electrical steel.",26839,26852,,,strip casting,,,strip casting
31,hot rolling,PROCESSING,,"For example, thin strip casting technology like HPP 1486 eliminates the thick slab casting and reduce hot rolling passes by supplying as-cast with thickness close to the conventional hot rolled sheets which can reduce the total stages in the manufacturing process and it can be economical way of producing electrical steel.",26923,26934,,,hot rolling,,,hot rolling
31,texture,PROCESSING,,"The sub-domain of texture control is likely to be effected by development of process shortening techniques because process shortening technique like thin strip casting omits hot rolling stage, and without hot rolling stage ﬁne precipitation of inhibitor materials and secondary recrystallization is deteriorated in conventional steel making process.",27163,27170,,,texture,,,texture
31,strip casting,PROCESSING,,"The sub-domain of texture control is likely to be effected by development of process shortening techniques because process shortening technique like thin strip casting omits hot rolling stage, and without hot rolling stage ﬁne precipitation of inhibitor materials and secondary recrystallization is deteriorated in conventional steel making process.",27299,27312,,,strip casting,,,strip casting
31,hot rolling,PROCESSING,,"The sub-domain of texture control is likely to be effected by development of process shortening techniques because process shortening technique like thin strip casting omits hot rolling stage, and without hot rolling stage ﬁne precipitation of inhibitor materials and secondary recrystallization is deteriorated in conventional steel making process.",27319,27330,,,hot rolling,,,hot rolling
31,hot rolling,PROCESSING,,"The sub-domain of texture control is likely to be effected by development of process shortening techniques because process shortening technique like thin strip casting omits hot rolling stage, and without hot rolling stage ﬁne precipitation of inhibitor materials and secondary recrystallization is deteriorated in conventional steel making process.",27350,27361,,,hot rolling,,,hot rolling
31,recrystallization,PROCESSING,,"The sub-domain of texture control is likely to be effected by development of process shortening techniques because process shortening technique like thin strip casting omits hot rolling stage, and without hot rolling stage ﬁne precipitation of inhibitor materials and secondary recrystallization is deteriorated in conventional steel making process.",27423,27440,,,recrystallization,,,recrystallization
31,texture,PROCESSING,,"Like using ‘acquired’ inhibitors, texture control sub-domain is likely to focus on ﬁnding alternative way of forming inhibitors to control secondary recrystallization.",27529,27536,,,texture,,,texture
31,recrystallization,PROCESSING,,"Like using ‘acquired’ inhibitors, texture control sub-domain is likely to focus on ﬁnding alternative way of forming inhibitors to control secondary recrystallization.",27644,27661,,,recrystallization,,,recrystallization
31,grain-oriented silicon steel,COMPETING_MATERIAL,,"Sustainability 2018, 10, 2728 11 of 15 Appendix A. List of High Persistence Patents in the Electric Steel Technology Patent Number Serial Number Layer Application Year Persistence GP LP Number of In-Domain Forward Citations Title US2158065 120 1 1935 13.5349 0.26566 1 12 Art of producing magnetic materials US2599340 181 2 1948 50.9471 1 1 25 Process of increasing the permeability of oriented silicon steels US2867557 216 3 1956 24.4019 0.47897 0.64265 20 Method of producing silicon steel strip US2867559 217 3 1956 37.9708 0.7453 1 14 Method for producing grain oriented silicon steel US2867558 218 2 1956 22.082 0.43343 0.43343 19 Method for producing grain-oriented silicon steel US3164496 222 5 1956 40.1215 0.78751 1 7 Magnetic material and method of fabrication US2992952 231 4 1957 31.5646 0.61956 1 17 Method of manufacturing magnetic sheets US3090711 263 3 1959 16.877 0.33126 0.44447 11 Procedure for secondary recrystallization US2992951 272 4 1960 23.1021 0.45345 0.7319 11 Iron-silicon magnetic sheets US3151005 296 4 1961 15.7386 0.30892 0.49862 9 Method of producing grain-oriented electrical steel US3159511 316 4 1962 18.8119 0.36924 0.59598 19 Process of producing single-oriented silicon steel US3212942 337 6 1963 17.4406 0.34233 0.37347 8 Process for producing double-oriented magnetic steel sheets US3266955 338 6 1963 46.6992 0.91662 1 8 Process for producing silicon steel sheet having (100) plane in the rolling plane US3347718 357 4 1964 16.1724 0.31743 0.51236 17 Method for improving the magnetic properties of ferrous sheets US3379581 361 7 1964 17.6283 0.34601 0.55203 7 Desulfurizing coating for ferrous material and method of using it US3522108 402 6 1967 20.8321 0.4089 0.44609 7 Method of forming electric insulating ﬁlms on al - containing silicon steel sheet and surface-coated al-containing silicon steel sheet US3513039 414 7 1967 21.7535 0.42698 0.68121 1 Process for reduction of core losses in cube textured iron-silicon alloys US3533861 423 7 1968 20.0484 0.39351 0.62781 2 Method of improving the magnetostriction and core loss of cube-on-face oriented magnetic steels US3636579 438 7 1969 19.9658 0.39189 0.62523 20 Process for heat-treating electromagnetic steel sheets having a high magnetic induction US3632456 441 7 1969 31.9337 0.6268 1 21 Method for producing an electromagnetic steel sheet of a thin sheet thickness having a high-magnetic induction US3856568 492 8 1972 16.2183 0.31834 0.43967 13 Method for forming an insulating ﬁlm on an oriented silicon steel sheet Sustainability 2018, 10, 2728 12 of 15 Patent Number Serial Number Layer Application Year Persistence GP LP Number of In-Domain Forward Citations Title US3770517 493 8 1972 36.8871 0.72403 1 25 Method of producing substantially non-oriented silicon steel strip by three-stage cold rolling US3855018 526 9 1973 28.6369 0.56209 1 9 Method for producing grain oriented silicon steel comprising copper US3940299 547 10 1974 27.2568 0.535 0.84523 21 Method for producing single-oriented electrical steel sheets having a high magnetic induction US3990923 586 5 1975 18.5269 0.36365 0.46177 41 Method of producing grain oriented electromagnetic steel sheet US4010050 602 10 1975 32.2477 0.63296 1 6 Processing for aluminum nitride inhibited oriented silicon steel US4130447 663 8 1977 16.5953 0.32574 0.44989 5",28720,28748,,,grain-oriented silicon steel,,,grain-oriented electric steel
31,recrystallization,PROCESSING,,"Sustainability 2018, 10, 2728 11 of 15 Appendix A. List of High Persistence Patents in the Electric Steel Technology Patent Number Serial Number Layer Application Year Persistence GP LP Number of In-Domain Forward Citations Title US2158065 120 1 1935 13.5349 0.26566 1 12 Art of producing magnetic materials US2599340 181 2 1948 50.9471 1 1 25 Process of increasing the permeability of oriented silicon steels US2867557 216 3 1956 24.4019 0.47897 0.64265 20 Method of producing silicon steel strip US2867559 217 3 1956 37.9708 0.7453 1 14 Method for producing grain oriented silicon steel US2867558 218 2 1956 22.082 0.43343 0.43343 19 Method for producing grain-oriented silicon steel US3164496 222 5 1956 40.1215 0.78751 1 7 Magnetic material and method of fabrication US2992952 231 4 1957 31.5646 0.61956 1 17 Method of manufacturing magnetic sheets US3090711 263 3 1959 16.877 0.33126 0.44447 11 Procedure for secondary recrystallization US2992951 272 4 1960 23.1021 0.45345 0.7319 11 Iron-silicon magnetic sheets US3151005 296 4 1961 15.7386 0.30892 0.49862 9 Method of producing grain-oriented electrical steel US3159511 316 4 1962 18.8119 0.36924 0.59598 19 Process of producing single-oriented silicon steel US3212942 337 6 1963 17.4406 0.34233 0.37347 8 Process for producing double-oriented magnetic steel sheets US3266955 338 6 1963 46.6992 0.91662 1 8 Process for producing silicon steel sheet having (100) plane in the rolling plane US3347718 357 4 1964 16.1724 0.31743 0.51236 17 Method for improving the magnetic properties of ferrous sheets US3379581 361 7 1964 17.6283 0.34601 0.55203 7 Desulfurizing coating for ferrous material and method of using it US3522108 402 6 1967 20.8321 0.4089 0.44609 7 Method of forming electric insulating ﬁlms on al - containing silicon steel sheet and surface-coated al-containing silicon steel sheet US3513039 414 7 1967 21.7535 0.42698 0.68121 1 Process for reduction of core losses in cube textured iron-silicon alloys US3533861 423 7 1968 20.0484 0.39351 0.62781 2 Method of improving the magnetostriction and core loss of cube-on-face oriented magnetic steels US3636579 438 7 1969 19.9658 0.39189 0.62523 20 Process for heat-treating electromagnetic steel sheets having a high magnetic induction US3632456 441 7 1969 31.9337 0.6268 1 21 Method for producing an electromagnetic steel sheet of a thin sheet thickness having a high-magnetic induction US3856568 492 8 1972 16.2183 0.31834 0.43967 13 Method for forming an insulating ﬁlm on an oriented silicon steel sheet Sustainability 2018, 10, 2728 12 of 15 Patent Number Serial Number Layer Application Year Persistence GP LP Number of In-Domain Forward Citations Title US3770517 493 8 1972 36.8871 0.72403 1 25 Method of producing substantially non-oriented silicon steel strip by three-stage cold rolling US3855018 526 9 1973 28.6369 0.56209 1 9 Method for producing grain oriented silicon steel comprising copper US3940299 547 10 1974 27.2568 0.535 0.84523 21 Method for producing single-oriented electrical steel sheets having a high magnetic induction US3990923 586 5 1975 18.5269 0.36365 0.46177 41 Method of producing grain oriented electromagnetic steel sheet US4010050 602 10 1975 32.2477 0.63296 1 6 Processing for aluminum nitride inhibited oriented silicon steel US4130447 663 8 1977 16.5953 0.32574 0.44989 5",28987,29004,,,recrystallization,,,recrystallization
31,grain-oriented electrical steel,COMPETING_MATERIAL,,"Sustainability 2018, 10, 2728 11 of 15 Appendix A. List of High Persistence Patents in the Electric Steel Technology Patent Number Serial Number Layer Application Year Persistence GP LP Number of In-Domain Forward Citations Title US2158065 120 1 1935 13.5349 0.26566 1 12 Art of producing magnetic materials US2599340 181 2 1948 50.9471 1 1 25 Process of increasing the permeability of oriented silicon steels US2867557 216 3 1956 24.4019 0.47897 0.64265 20 Method of producing silicon steel strip US2867559 217 3 1956 37.9708 0.7453 1 14 Method for producing grain oriented silicon steel US2867558 218 2 1956 22.082 0.43343 0.43343 19 Method for producing grain-oriented silicon steel US3164496 222 5 1956 40.1215 0.78751 1 7 Magnetic material and method of fabrication US2992952 231 4 1957 31.5646 0.61956 1 17 Method of manufacturing magnetic sheets US3090711 263 3 1959 16.877 0.33126 0.44447 11 Procedure for secondary recrystallization US2992951 272 4 1960 23.1021 0.45345 0.7319 11 Iron-silicon magnetic sheets US3151005 296 4 1961 15.7386 0.30892 0.49862 9 Method of producing grain-oriented electrical steel US3159511 316 4 1962 18.8119 0.36924 0.59598 19 Process of producing single-oriented silicon steel US3212942 337 6 1963 17.4406 0.34233 0.37347 8 Process for producing double-oriented magnetic steel sheets US3266955 338 6 1963 46.6992 0.91662 1 8 Process for producing silicon steel sheet having (100) plane in the rolling plane US3347718 357 4 1964 16.1724 0.31743 0.51236 17 Method for improving the magnetic properties of ferrous sheets US3379581 361 7 1964 17.6283 0.34601 0.55203 7 Desulfurizing coating for ferrous material and method of using it US3522108 402 6 1967 20.8321 0.4089 0.44609 7 Method of forming electric insulating ﬁlms on al - containing silicon steel sheet and surface-coated al-containing silicon steel sheet US3513039 414 7 1967 21.7535 0.42698 0.68121 1 Process for reduction of core losses in cube textured iron-silicon alloys US3533861 423 7 1968 20.0484 0.39351 0.62781 2 Method of improving the magnetostriction and core loss of cube-on-face oriented magnetic steels US3636579 438 7 1969 19.9658 0.39189 0.62523 20 Process for heat-treating electromagnetic steel sheets having a high magnetic induction US3632456 441 7 1969 31.9337 0.6268 1 21 Method for producing an electromagnetic steel sheet of a thin sheet thickness having a high-magnetic induction US3856568 492 8 1972 16.2183 0.31834 0.43967 13 Method for forming an insulating ﬁlm on an oriented silicon steel sheet Sustainability 2018, 10, 2728 12 of 15 Patent Number Serial Number Layer Application Year Persistence GP LP Number of In-Domain Forward Citations Title US3770517 493 8 1972 36.8871 0.72403 1 25 Method of producing substantially non-oriented silicon steel strip by three-stage cold rolling US3855018 526 9 1973 28.6369 0.56209 1 9 Method for producing grain oriented silicon steel comprising copper US3940299 547 10 1974 27.2568 0.535 0.84523 21 Method for producing single-oriented electrical steel sheets having a high magnetic induction US3990923 586 5 1975 18.5269 0.36365 0.46177 41 Method of producing grain oriented electromagnetic steel sheet US4010050 602 10 1975 32.2477 0.63296 1 6 Processing for aluminum nitride inhibited oriented silicon steel US4130447 663 8 1977 16.5953 0.32574 0.44989 5",29148,29179,,,grain-oriented electrical steel,,,grain-oriented electric steel
31,cold rolling,PROCESSING,,"Sustainability 2018, 10, 2728 11 of 15 Appendix A. List of High Persistence Patents in the Electric Steel Technology Patent Number Serial Number Layer Application Year Persistence GP LP Number of In-Domain Forward Citations Title US2158065 120 1 1935 13.5349 0.26566 1 12 Art of producing magnetic materials US2599340 181 2 1948 50.9471 1 1 25 Process of increasing the permeability of oriented silicon steels US2867557 216 3 1956 24.4019 0.47897 0.64265 20 Method of producing silicon steel strip US2867559 217 3 1956 37.9708 0.7453 1 14 Method for producing grain oriented silicon steel US2867558 218 2 1956 22.082 0.43343 0.43343 19 Method for producing grain-oriented silicon steel US3164496 222 5 1956 40.1215 0.78751 1 7 Magnetic material and method of fabrication US2992952 231 4 1957 31.5646 0.61956 1 17 Method of manufacturing magnetic sheets US3090711 263 3 1959 16.877 0.33126 0.44447 11 Procedure for secondary recrystallization US2992951 272 4 1960 23.1021 0.45345 0.7319 11 Iron-silicon magnetic sheets US3151005 296 4 1961 15.7386 0.30892 0.49862 9 Method of producing grain-oriented electrical steel US3159511 316 4 1962 18.8119 0.36924 0.59598 19 Process of producing single-oriented silicon steel US3212942 337 6 1963 17.4406 0.34233 0.37347 8 Process for producing double-oriented magnetic steel sheets US3266955 338 6 1963 46.6992 0.91662 1 8 Process for producing silicon steel sheet having (100) plane in the rolling plane US3347718 357 4 1964 16.1724 0.31743 0.51236 17 Method for improving the magnetic properties of ferrous sheets US3379581 361 7 1964 17.6283 0.34601 0.55203 7 Desulfurizing coating for ferrous material and method of using it US3522108 402 6 1967 20.8321 0.4089 0.44609 7 Method of forming electric insulating ﬁlms on al - containing silicon steel sheet and surface-coated al-containing silicon steel sheet US3513039 414 7 1967 21.7535 0.42698 0.68121 1 Process for reduction of core losses in cube textured iron-silicon alloys US3533861 423 7 1968 20.0484 0.39351 0.62781 2 Method of improving the magnetostriction and core loss of cube-on-face oriented magnetic steels US3636579 438 7 1969 19.9658 0.39189 0.62523 20 Process for heat-treating electromagnetic steel sheets having a high magnetic induction US3632456 441 7 1969 31.9337 0.6268 1 21 Method for producing an electromagnetic steel sheet of a thin sheet thickness having a high-magnetic induction US3856568 492 8 1972 16.2183 0.31834 0.43967 13 Method for forming an insulating ﬁlm on an oriented silicon steel sheet Sustainability 2018, 10, 2728 12 of 15 Patent Number Serial Number Layer Application Year Persistence GP LP Number of In-Domain Forward Citations Title US3770517 493 8 1972 36.8871 0.72403 1 25 Method of producing substantially non-oriented silicon steel strip by three-stage cold rolling US3855018 526 9 1973 28.6369 0.56209 1 9 Method for producing grain oriented silicon steel comprising copper US3940299 547 10 1974 27.2568 0.535 0.84523 21 Method for producing single-oriented electrical steel sheets having a high magnetic induction US3990923 586 5 1975 18.5269 0.36365 0.46177 41 Method of producing grain oriented electromagnetic steel sheet US4010050 602 10 1975 32.2477 0.63296 1 6 Processing for aluminum nitride inhibited oriented silicon steel US4130447 663 8 1977 16.5953 0.32574 0.44989 5",30862,30874,,,cold rolling,,,cold rolling
31,grain-oriented silicon steel,COMPETING_MATERIAL,,"Annealing separator and steel sheet coated with same US4204890 678 11 1978 19.6149 0.38501 0.59897 28 Method of producing non-oriented silicon steel sheets having an excellent electromagnetic property US4174235 697 11 1978 15.3057 0.30042 0.46738 4 Product and method of producing silicon-iron sheet material employing antimony US4242155 716 11 1979 32.7477 0.64278 1 4 Method of forming an insulating ﬁlm on a grain-oriented silicon steel sheet US4280856 752 12 1980 17.1455 0.33654 0.56741 6 Method for producing grain-oriented silicon steel sheets having a very high magnetic induction and a low iron loss US4363677 777 12 1981 30.217 0.59311 1 18 Method for treating an electromagnetic steel sheet and an electromagnetic steel sheet having marks of laser-beam irradiation on its surface US4421574 780 13 1981 10.2212 0.20062 0.89756 8 Method for suppressing internal oxidation in steel with antimony addition US4554029 808 13 1982 11.3878 0.22352 1 11 Local heat treatment of electrical steel US4773948 924 14 1987 13.1473 0.25806 1 7 Method of producing silicon iron sheet having excellent soft magnetic properties US4909864 926 15 1987 8.6317 0.16942 0.84359 3 Method of producing extra-low iron loss grain oriented silicon steel sheets US5082509 1033 15 1990 10.232 0.20084 1 8 Method of producing oriented electrical steel sheet having superior magnetic properties US5039359 1038 15 1990 9.7086 0.19056 0.94885 6 Process for producing grain-oriented electrical steel sheet having superior magnetic characteristic Sustainability 2018, 10, 2728 13 of 15 Patent Number Serial Number Layer Application Year Persistence GP LP Number of In-Domain Forward Citations Title US5223048 1077 16 1991 7.4268 0.14577 0.80023 6 Low iron loss grain oriented silicon steel sheets and method of producing the same US5261971 1114 16 1992 9.2808 0.18217 1 1 Process for preparation of grain-oriented electrical steel sheet having superior magnetic properties US5545263 1169 17 1994 11.0403 0.2167 1 4 Process for production of grain oriented electrical steel sheet having superior magnetic properties US5667598 1249 18 1996 9.7917 0.19219 1 3 Production method for grain oriented silicon steel sheet having excellent magnetic characteristics US5885371 1263 19 1997 14.5 0.28461 1 13 Method of producing grain-oriented magnetic steel sheet US6432222 1404 20 2001 3.5 0.068699 1 5 Method for producing a grain-oriented electrical steel sheet excellent in magnetic properties US6444051 1413 20 2001 3 0.058885 0.85714 3 Method of manufacturing a grain-oriented electromagnetic steel sheet US6811619 1447 21 2002 2 0.039256 1 2 Method of manufacturing grain-oriented electrical steel sheets US7377986 1562 21 2006 2 0.039256 1 2 Method for production of non-oriented electrical steel strip Sustainability 2018, 10, 2728 14 of 15 References 1.",31801,31829,,,grain-oriented silicon steel,,,grain-oriented electric steel
31,grain-oriented silicon steel,COMPETING_MATERIAL,,"Annealing separator and steel sheet coated with same US4204890 678 11 1978 19.6149 0.38501 0.59897 28 Method of producing non-oriented silicon steel sheets having an excellent electromagnetic property US4174235 697 11 1978 15.3057 0.30042 0.46738 4 Product and method of producing silicon-iron sheet material employing antimony US4242155 716 11 1979 32.7477 0.64278 1 4 Method of forming an insulating ﬁlm on a grain-oriented silicon steel sheet US4280856 752 12 1980 17.1455 0.33654 0.56741 6 Method for producing grain-oriented silicon steel sheets having a very high magnetic induction and a low iron loss US4363677 777 12 1981 30.217 0.59311 1 18 Method for treating an electromagnetic steel sheet and an electromagnetic steel sheet having marks of laser-beam irradiation on its surface US4421574 780 13 1981 10.2212 0.20062 0.89756 8 Method for suppressing internal oxidation in steel with antimony addition US4554029 808 13 1982 11.3878 0.22352 1 11 Local heat treatment of electrical steel US4773948 924 14 1987 13.1473 0.25806 1 7 Method of producing silicon iron sheet having excellent soft magnetic properties US4909864 926 15 1987 8.6317 0.16942 0.84359 3 Method of producing extra-low iron loss grain oriented silicon steel sheets US5082509 1033 15 1990 10.232 0.20084 1 8 Method of producing oriented electrical steel sheet having superior magnetic properties US5039359 1038 15 1990 9.7086 0.19056 0.94885 6 Process for producing grain-oriented electrical steel sheet having superior magnetic characteristic Sustainability 2018, 10, 2728 13 of 15 Patent Number Serial Number Layer Application Year Persistence GP LP Number of In-Domain Forward Citations Title US5223048 1077 16 1991 7.4268 0.14577 0.80023 6 Low iron loss grain oriented silicon steel sheets and method of producing the same US5261971 1114 16 1992 9.2808 0.18217 1 1 Process for preparation of grain-oriented electrical steel sheet having superior magnetic properties US5545263 1169 17 1994 11.0403 0.2167 1 4 Process for production of grain oriented electrical steel sheet having superior magnetic properties US5667598 1249 18 1996 9.7917 0.19219 1 3 Production method for grain oriented silicon steel sheet having excellent magnetic characteristics US5885371 1263 19 1997 14.5 0.28461 1 13 Method of producing grain-oriented magnetic steel sheet US6432222 1404 20 2001 3.5 0.068699 1 5 Method for producing a grain-oriented electrical steel sheet excellent in magnetic properties US6444051 1413 20 2001 3 0.058885 0.85714 3 Method of manufacturing a grain-oriented electromagnetic steel sheet US6811619 1447 21 2002 2 0.039256 1 2 Method of manufacturing grain-oriented electrical steel sheets US7377986 1562 21 2006 2 0.039256 1 2 Method for production of non-oriented electrical steel strip Sustainability 2018, 10, 2728 14 of 15 References 1.",31905,31933,,,grain-oriented silicon steel,,,grain-oriented electric steel
31,grain-oriented electrical steel,COMPETING_MATERIAL,,"Annealing separator and steel sheet coated with same US4204890 678 11 1978 19.6149 0.38501 0.59897 28 Method of producing non-oriented silicon steel sheets having an excellent electromagnetic property US4174235 697 11 1978 15.3057 0.30042 0.46738 4 Product and method of producing silicon-iron sheet material employing antimony US4242155 716 11 1979 32.7477 0.64278 1 4 Method of forming an insulating ﬁlm on a grain-oriented silicon steel sheet US4280856 752 12 1980 17.1455 0.33654 0.56741 6 Method for producing grain-oriented silicon steel sheets having a very high magnetic induction and a low iron loss US4363677 777 12 1981 30.217 0.59311 1 18 Method for treating an electromagnetic steel sheet and an electromagnetic steel sheet having marks of laser-beam irradiation on its surface US4421574 780 13 1981 10.2212 0.20062 0.89756 8 Method for suppressing internal oxidation in steel with antimony addition US4554029 808 13 1982 11.3878 0.22352 1 11 Local heat treatment of electrical steel US4773948 924 14 1987 13.1473 0.25806 1 7 Method of producing silicon iron sheet having excellent soft magnetic properties US4909864 926 15 1987 8.6317 0.16942 0.84359 3 Method of producing extra-low iron loss grain oriented silicon steel sheets US5082509 1033 15 1990 10.232 0.20084 1 8 Method of producing oriented electrical steel sheet having superior magnetic properties US5039359 1038 15 1990 9.7086 0.19056 0.94885 6 Process for producing grain-oriented electrical steel sheet having superior magnetic characteristic Sustainability 2018, 10, 2728 13 of 15 Patent Number Serial Number Layer Application Year Persistence GP LP Number of In-Domain Forward Citations Title US5223048 1077 16 1991 7.4268 0.14577 0.80023 6 Low iron loss grain oriented silicon steel sheets and method of producing the same US5261971 1114 16 1992 9.2808 0.18217 1 1 Process for preparation of grain-oriented electrical steel sheet having superior magnetic properties US5545263 1169 17 1994 11.0403 0.2167 1 4 Process for production of grain oriented electrical steel sheet having superior magnetic properties US5667598 1249 18 1996 9.7917 0.19219 1 3 Production method for grain oriented silicon steel sheet having excellent magnetic characteristics US5885371 1263 19 1997 14.5 0.28461 1 13 Method of producing grain-oriented magnetic steel sheet US6432222 1404 20 2001 3.5 0.068699 1 5 Method for producing a grain-oriented electrical steel sheet excellent in magnetic properties US6444051 1413 20 2001 3 0.058885 0.85714 3 Method of manufacturing a grain-oriented electromagnetic steel sheet US6811619 1447 21 2002 2 0.039256 1 2 Method of manufacturing grain-oriented electrical steel sheets US7377986 1562 21 2006 2 0.039256 1 2 Method for production of non-oriented electrical steel strip Sustainability 2018, 10, 2728 14 of 15 References 1.",32833,32864,,,grain-oriented electrical steel,,,grain-oriented electric steel
31,grain-oriented electrical steel,COMPETING_MATERIAL,,"Annealing separator and steel sheet coated with same US4204890 678 11 1978 19.6149 0.38501 0.59897 28 Method of producing non-oriented silicon steel sheets having an excellent electromagnetic property US4174235 697 11 1978 15.3057 0.30042 0.46738 4 Product and method of producing silicon-iron sheet material employing antimony US4242155 716 11 1979 32.7477 0.64278 1 4 Method of forming an insulating ﬁlm on a grain-oriented silicon steel sheet US4280856 752 12 1980 17.1455 0.33654 0.56741 6 Method for producing grain-oriented silicon steel sheets having a very high magnetic induction and a low iron loss US4363677 777 12 1981 30.217 0.59311 1 18 Method for treating an electromagnetic steel sheet and an electromagnetic steel sheet having marks of laser-beam irradiation on its surface US4421574 780 13 1981 10.2212 0.20062 0.89756 8 Method for suppressing internal oxidation in steel with antimony addition US4554029 808 13 1982 11.3878 0.22352 1 11 Local heat treatment of electrical steel US4773948 924 14 1987 13.1473 0.25806 1 7 Method of producing silicon iron sheet having excellent soft magnetic properties US4909864 926 15 1987 8.6317 0.16942 0.84359 3 Method of producing extra-low iron loss grain oriented silicon steel sheets US5082509 1033 15 1990 10.232 0.20084 1 8 Method of producing oriented electrical steel sheet having superior magnetic properties US5039359 1038 15 1990 9.7086 0.19056 0.94885 6 Process for producing grain-oriented electrical steel sheet having superior magnetic characteristic Sustainability 2018, 10, 2728 13 of 15 Patent Number Serial Number Layer Application Year Persistence GP LP Number of In-Domain Forward Citations Title US5223048 1077 16 1991 7.4268 0.14577 0.80023 6 Low iron loss grain oriented silicon steel sheets and method of producing the same US5261971 1114 16 1992 9.2808 0.18217 1 1 Process for preparation of grain-oriented electrical steel sheet having superior magnetic properties US5545263 1169 17 1994 11.0403 0.2167 1 4 Process for production of grain oriented electrical steel sheet having superior magnetic properties US5667598 1249 18 1996 9.7917 0.19219 1 3 Production method for grain oriented silicon steel sheet having excellent magnetic characteristics US5885371 1263 19 1997 14.5 0.28461 1 13 Method of producing grain-oriented magnetic steel sheet US6432222 1404 20 2001 3.5 0.068699 1 5 Method for producing a grain-oriented electrical steel sheet excellent in magnetic properties US6444051 1413 20 2001 3 0.058885 0.85714 3 Method of manufacturing a grain-oriented electromagnetic steel sheet US6811619 1447 21 2002 2 0.039256 1 2 Method of manufacturing grain-oriented electrical steel sheets US7377986 1562 21 2006 2 0.039256 1 2 Method for production of non-oriented electrical steel strip Sustainability 2018, 10, 2728 14 of 15 References 1.",33263,33294,,,grain-oriented electrical steel,,,grain-oriented electric steel
31,grain oriented electrical steel,COMPETING_MATERIAL,,"Annealing separator and steel sheet coated with same US4204890 678 11 1978 19.6149 0.38501 0.59897 28 Method of producing non-oriented silicon steel sheets having an excellent electromagnetic property US4174235 697 11 1978 15.3057 0.30042 0.46738 4 Product and method of producing silicon-iron sheet material employing antimony US4242155 716 11 1979 32.7477 0.64278 1 4 Method of forming an insulating ﬁlm on a grain-oriented silicon steel sheet US4280856 752 12 1980 17.1455 0.33654 0.56741 6 Method for producing grain-oriented silicon steel sheets having a very high magnetic induction and a low iron loss US4363677 777 12 1981 30.217 0.59311 1 18 Method for treating an electromagnetic steel sheet and an electromagnetic steel sheet having marks of laser-beam irradiation on its surface US4421574 780 13 1981 10.2212 0.20062 0.89756 8 Method for suppressing internal oxidation in steel with antimony addition US4554029 808 13 1982 11.3878 0.22352 1 11 Local heat treatment of electrical steel US4773948 924 14 1987 13.1473 0.25806 1 7 Method of producing silicon iron sheet having excellent soft magnetic properties US4909864 926 15 1987 8.6317 0.16942 0.84359 3 Method of producing extra-low iron loss grain oriented silicon steel sheets US5082509 1033 15 1990 10.232 0.20084 1 8 Method of producing oriented electrical steel sheet having superior magnetic properties US5039359 1038 15 1990 9.7086 0.19056 0.94885 6 Process for producing grain-oriented electrical steel sheet having superior magnetic characteristic Sustainability 2018, 10, 2728 13 of 15 Patent Number Serial Number Layer Application Year Persistence GP LP Number of In-Domain Forward Citations Title US5223048 1077 16 1991 7.4268 0.14577 0.80023 6 Low iron loss grain oriented silicon steel sheets and method of producing the same US5261971 1114 16 1992 9.2808 0.18217 1 1 Process for preparation of grain-oriented electrical steel sheet having superior magnetic properties US5545263 1169 17 1994 11.0403 0.2167 1 4 Process for production of grain oriented electrical steel sheet having superior magnetic properties US5667598 1249 18 1996 9.7917 0.19219 1 3 Production method for grain oriented silicon steel sheet having excellent magnetic characteristics US5885371 1263 19 1997 14.5 0.28461 1 13 Method of producing grain-oriented magnetic steel sheet US6432222 1404 20 2001 3.5 0.068699 1 5 Method for producing a grain-oriented electrical steel sheet excellent in magnetic properties US6444051 1413 20 2001 3 0.058885 0.85714 3 Method of manufacturing a grain-oriented electromagnetic steel sheet US6811619 1447 21 2002 2 0.039256 1 2 Method of manufacturing grain-oriented electrical steel sheets US7377986 1562 21 2006 2 0.039256 1 2 Method for production of non-oriented electrical steel strip Sustainability 2018, 10, 2728 14 of 15 References 1.",33405,33436,,,grain oriented electrical steel,,,grain-oriented electric steel
31,grain-oriented electrical steel,COMPETING_MATERIAL,,"Annealing separator and steel sheet coated with same US4204890 678 11 1978 19.6149 0.38501 0.59897 28 Method of producing non-oriented silicon steel sheets having an excellent electromagnetic property US4174235 697 11 1978 15.3057 0.30042 0.46738 4 Product and method of producing silicon-iron sheet material employing antimony US4242155 716 11 1979 32.7477 0.64278 1 4 Method of forming an insulating ﬁlm on a grain-oriented silicon steel sheet US4280856 752 12 1980 17.1455 0.33654 0.56741 6 Method for producing grain-oriented silicon steel sheets having a very high magnetic induction and a low iron loss US4363677 777 12 1981 30.217 0.59311 1 18 Method for treating an electromagnetic steel sheet and an electromagnetic steel sheet having marks of laser-beam irradiation on its surface US4421574 780 13 1981 10.2212 0.20062 0.89756 8 Method for suppressing internal oxidation in steel with antimony addition US4554029 808 13 1982 11.3878 0.22352 1 11 Local heat treatment of electrical steel US4773948 924 14 1987 13.1473 0.25806 1 7 Method of producing silicon iron sheet having excellent soft magnetic properties US4909864 926 15 1987 8.6317 0.16942 0.84359 3 Method of producing extra-low iron loss grain oriented silicon steel sheets US5082509 1033 15 1990 10.232 0.20084 1 8 Method of producing oriented electrical steel sheet having superior magnetic properties US5039359 1038 15 1990 9.7086 0.19056 0.94885 6 Process for producing grain-oriented electrical steel sheet having superior magnetic characteristic Sustainability 2018, 10, 2728 13 of 15 Patent Number Serial Number Layer Application Year Persistence GP LP Number of In-Domain Forward Citations Title US5223048 1077 16 1991 7.4268 0.14577 0.80023 6 Low iron loss grain oriented silicon steel sheets and method of producing the same US5261971 1114 16 1992 9.2808 0.18217 1 1 Process for preparation of grain-oriented electrical steel sheet having superior magnetic properties US5545263 1169 17 1994 11.0403 0.2167 1 4 Process for production of grain oriented electrical steel sheet having superior magnetic properties US5667598 1249 18 1996 9.7917 0.19219 1 3 Production method for grain oriented silicon steel sheet having excellent magnetic characteristics US5885371 1263 19 1997 14.5 0.28461 1 13 Method of producing grain-oriented magnetic steel sheet US6432222 1404 20 2001 3.5 0.068699 1 5 Method for producing a grain-oriented electrical steel sheet excellent in magnetic properties US6444051 1413 20 2001 3 0.058885 0.85714 3 Method of manufacturing a grain-oriented electromagnetic steel sheet US6811619 1447 21 2002 2 0.039256 1 2 Method of manufacturing grain-oriented electrical steel sheets US7377986 1562 21 2006 2 0.039256 1 2 Method for production of non-oriented electrical steel strip Sustainability 2018, 10, 2728 14 of 15 References 1.",33780,33811,,,grain-oriented electrical steel,,,grain-oriented electric steel
31,grain-oriented electrical steel,COMPETING_MATERIAL,,"Annealing separator and steel sheet coated with same US4204890 678 11 1978 19.6149 0.38501 0.59897 28 Method of producing non-oriented silicon steel sheets having an excellent electromagnetic property US4174235 697 11 1978 15.3057 0.30042 0.46738 4 Product and method of producing silicon-iron sheet material employing antimony US4242155 716 11 1979 32.7477 0.64278 1 4 Method of forming an insulating ﬁlm on a grain-oriented silicon steel sheet US4280856 752 12 1980 17.1455 0.33654 0.56741 6 Method for producing grain-oriented silicon steel sheets having a very high magnetic induction and a low iron loss US4363677 777 12 1981 30.217 0.59311 1 18 Method for treating an electromagnetic steel sheet and an electromagnetic steel sheet having marks of laser-beam irradiation on its surface US4421574 780 13 1981 10.2212 0.20062 0.89756 8 Method for suppressing internal oxidation in steel with antimony addition US4554029 808 13 1982 11.3878 0.22352 1 11 Local heat treatment of electrical steel US4773948 924 14 1987 13.1473 0.25806 1 7 Method of producing silicon iron sheet having excellent soft magnetic properties US4909864 926 15 1987 8.6317 0.16942 0.84359 3 Method of producing extra-low iron loss grain oriented silicon steel sheets US5082509 1033 15 1990 10.232 0.20084 1 8 Method of producing oriented electrical steel sheet having superior magnetic properties US5039359 1038 15 1990 9.7086 0.19056 0.94885 6 Process for producing grain-oriented electrical steel sheet having superior magnetic characteristic Sustainability 2018, 10, 2728 13 of 15 Patent Number Serial Number Layer Application Year Persistence GP LP Number of In-Domain Forward Citations Title US5223048 1077 16 1991 7.4268 0.14577 0.80023 6 Low iron loss grain oriented silicon steel sheets and method of producing the same US5261971 1114 16 1992 9.2808 0.18217 1 1 Process for preparation of grain-oriented electrical steel sheet having superior magnetic properties US5545263 1169 17 1994 11.0403 0.2167 1 4 Process for production of grain oriented electrical steel sheet having superior magnetic properties US5667598 1249 18 1996 9.7917 0.19219 1 3 Production method for grain oriented silicon steel sheet having excellent magnetic characteristics US5885371 1263 19 1997 14.5 0.28461 1 13 Method of producing grain-oriented magnetic steel sheet US6432222 1404 20 2001 3.5 0.068699 1 5 Method for producing a grain-oriented electrical steel sheet excellent in magnetic properties US6444051 1413 20 2001 3 0.058885 0.85714 3 Method of manufacturing a grain-oriented electromagnetic steel sheet US6811619 1447 21 2002 2 0.039256 1 2 Method of manufacturing grain-oriented electrical steel sheets US7377986 1562 21 2006 2 0.039256 1 2 Method for production of non-oriented electrical steel strip Sustainability 2018, 10, 2728 14 of 15 References 1.",34026,34057,,,grain-oriented electrical steel,,,grain-oriented electric steel
31,grain-oriented electrical steel,COMPETING_MATERIAL,,"Xia, Z.; Kang, Y.; Wang, Q. Developments in the production of grain-oriented electrical steel.",37947,37978,,,grain-oriented electrical steel,,,grain-oriented electric steel
31,3% Si,SI_CONTENT,UNSPECIFIED,"Washko, S.; Choby, E. Evidence for the effectiveness of stress coatings in improving the magnetic properties of high permeability 3% Si-Fe.",38909,38914,3.0,%,3.0 %,,,3% Si
